"SOURCE_PATH","TARGET_PATH","SOURCE_SHA256","TARGET_SHA256","MATCH"
"day01/Code.7z!lvgl_simulator-v8.3/.cproject","projects/01-pc-simulator/course/.cproject","d3a92c2f8c5c28ad44c93167b9a15262fa3ef85d0ae6a59a4b81af25fc32b300","d3a92c2f8c5c28ad44c93167b9a15262fa3ef85d0ae6a59a4b81af25fc32b300","YES"
"day01/Code.7z!lvgl_simulator-v8.3/.editorconfig","projects/01-pc-simulator/course/.editorconfig","0b00d55a980e2373b597b62b8c8259b610e2ed49d86af03babb66c48fd2925d0","0b00d55a980e2373b597b62b8c8259b610e2ed49d86af03babb66c48fd2925d0","YES"
"day01/Code.7z!lvgl_simulator-v8.3/.gitignore","projects/01-pc-simulator/course/.gitignore","d68a677b4f5748e02e98ae211b695114795247a4c51c3a3235cbad3c2ce5515b","d68a677b4f5748e02e98ae211b695114795247a4c51c3a3235cbad3c2ce5515b","YES"
"day01/Code.7z!lvgl_simulator-v8.3/.gitmodules","projects/01-pc-simulator/course/.gitmodules","9f089cb7feb2078a76b889b5852c170eaba1d1871c1553e4c4809549c87ed642","9f089cb7feb2078a76b889b5852c170eaba1d1871c1553e4c4809549c87ed642","YES"
"day01/Code.7z!lvgl_simulator-v8.3/.project","projects/01-pc-simulator/course/.project","144f4f8f182af2b9ea7264bd73d3af835439f77d5ada866af99a6df52fc38f1b","144f4f8f182af2b9ea7264bd73d3af835439f77d5ada866af99a6df52fc38f1b","YES"
"day01/Code.7z!lvgl_simulator-v8.3/CMakeLists.txt","projects/01-pc-simulator/course/CMakeLists.txt","d7aa012c512469e0cf7cbdc1e8041e9c9afda02a07338db9bd8a5146d015ee88","d7aa012c512469e0cf7cbdc1e8041e9c9afda02a07338db9bd8a5146d015ee88","YES"
"day01/Code.7z!lvgl_simulator-v8.3/confdef.txt","projects/01-pc-simulator/course/confdef.txt","2fe1b2df88d4875dc6a523d4cb3fb762b3d94919bcbef99a5afbc5c43ad82ee7","2fe1b2df88d4875dc6a523d4cb3fb762b3d94919bcbef99a5afbc5c43ad82ee7","YES"
"day01/Code.7z!lvgl_simulator-v8.3/Dockerfile","projects/01-pc-simulator/course/Dockerfile","007d6cf7cdad65171f3f6ff8c1accd0cc6af3411d0f580e9f3e306b4ee850dfe","007d6cf7cdad65171f3f6ff8c1accd0cc6af3411d0f580e9f3e306b4ee850dfe","YES"
"day01/Code.7z!lvgl_simulator-v8.3/licence.txt","projects/01-pc-simulator/course/licence.txt","711cea0d9f05b11c2a9e4a3c578d687c48ebf74870e38435c07c9ca0b6f2eb29","711cea0d9f05b11c2a9e4a3c578d687c48ebf74870e38435c07c9ca0b6f2eb29","YES"
"day01/Code.7z!lvgl_simulator-v8.3/lv_conf.h","projects/01-pc-simulator/course/lv_conf.h","0593589ee8e02e6f327823ec54151cc0bf0e8f32de4c285c5d5899ed8d478f12","0593589ee8e02e6f327823ec54151cc0bf0e8f32de4c285c5d5899ed8d478f12","YES"
"day01/Code.7z!lvgl_simulator-v8.3/lv_drivers/.gitignore","projects/01-pc-simulator/course/lv_drivers/.gitignore","e772412bb15ba45c0cbfe4506ba02725a23d67e267e3d6d32602b02eb3978f75","e772412bb15ba45c0cbfe4506ba02725a23d67e267e3d6d32602b02eb3978f75","YES"
"day01/Code.7z!lvgl_simulator-v8.3/lv_drivers/CMakeLists.txt","projects/01-pc-simulator/course/lv_drivers/CMakeLists.txt","4353cd2126d3c302ac3fa2565e39f948ef85d348e57b12874f73f6610f70dde4","4353cd2126d3c302ac3fa2565e39f948ef85d348e57b12874f73f6610f70dde4","YES"
"day01/Code.7z!lvgl_simulator-v8.3/lv_drivers/display/drm.c","projects/01-pc-simulator/course/lv_drivers/display/drm.c","9ae8d661b9923ba7eb310653d4b73dd6728e35820bc4ba6161db272244daea17","9ae8d661b9923ba7eb310653d4b73dd6728e35820bc4ba6161db272244daea17","YES"
"day01/Code.7z!lvgl_simulator-v8.3/lv_drivers/display/drm.h","projects/01-pc-simulator/course/lv_drivers/display/drm.h","bae3f0106afe35154671e33206f4e55b91bd4e6916777f1868d8b678535aa796","bae3f0106afe35154671e33206f4e55b91bd4e6916777f1868d8b678535aa796","YES"
"day01/Code.7z!lvgl_simulator-v8.3/lv_drivers/display/fbdev.c","projects/01-pc-simulator/course/lv_drivers/display/fbdev.c","6dc1ab5982ad6896391e8b775655e73a8ae2e79ab74f0ef14dd4cc84dce4ace7","6dc1ab5982ad6896391e8b775655e73a8ae2e79ab74f0ef14dd4cc84dce4ace7","YES"
"day01/Code.7z!lvgl_simulator-v8.3/lv_drivers/display/fbdev.h","projects/01-pc-simulator/course/lv_drivers/display/fbdev.h","57bad6eab6ea720eaf352a9e333304d5c4debc29190f7f304b4b7d28fbcf8cde","57bad6eab6ea720eaf352a9e333304d5c4debc29190f7f304b4b7d28fbcf8cde","YES"
"day01/Code.7z!lvgl_simulator-v8.3/lv_drivers/display/GC9A01.c","projects/01-pc-simulator/course/lv_drivers/display/GC9A01.c","d40ef3079eda0b20514dc2c46dfa96b1193fbb7ef69e293c4468ae3c7ddbeac0","d40ef3079eda0b20514dc2c46dfa96b1193fbb7ef69e293c4468ae3c7ddbeac0","YES"
"day01/Code.7z!lvgl_simulator-v8.3/lv_drivers/display/GC9A01.h","projects/01-pc-simulator/course/lv_drivers/display/GC9A01.h","8dd6194bfa19153c94aaae77435984a761faa1757beea34b9f366a7260e4e8d2","8dd6194bfa19153c94aaae77435984a761faa1757beea34b9f366a7260e4e8d2","YES"
"day01/Code.7z!lvgl_simulator-v8.3/lv_drivers/display/ILI9341.c","projects/01-pc-simulator/course/lv_drivers/display/ILI9341.c","4293eb0b843d0e3f0a1c5d6708d92387e496e7cdafde46b32dd5e444b7f3f724","4293eb0b843d0e3f0a1c5d6708d92387e496e7cdafde46b32dd5e444b7f3f724","YES"
"day01/Code.7z!lvgl_simulator-v8.3/lv_drivers/display/ILI9341.h","projects/01-pc-simulator/course/lv_drivers/display/ILI9341.h","5fccbe9dc02aca4b4e99a38a654ee939603fe4411483702286b276610d0c598f","5fccbe9dc02aca4b4e99a38a654ee939603fe4411483702286b276610d0c598f","YES"
"day01/Code.7z!lvgl_simulator-v8.3/lv_drivers/display/monitor.h","projects/01-pc-simulator/course/lv_drivers/display/monitor.h","fdd4b68ff4527de1c90ed202e5a88d6a83f75ab320756a9207419d78c5ed37c0","fdd4b68ff4527de1c90ed202e5a88d6a83f75ab320756a9207419d78c5ed37c0","YES"
"day01/Code.7z!lvgl_simulator-v8.3/lv_drivers/display/R61581.c","projects/01-pc-simulator/course/lv_drivers/display/R61581.c","400d098cc01b10b449a1170675d75f701c76b555904d84dfa6987061e7000d69","400d098cc01b10b449a1170675d75f701c76b555904d84dfa6987061e7000d69","YES"
"day01/Code.7z!lvgl_simulator-v8.3/lv_drivers/display/R61581.h","projects/01-pc-simulator/course/lv_drivers/display/R61581.h","9964e6b8ad429f01eed2afcbed14a7fe30cdbf2375299804d920603c3c0b1e50","9964e6b8ad429f01eed2afcbed14a7fe30cdbf2375299804d920603c3c0b1e50","YES"
"day01/Code.7z!lvgl_simulator-v8.3/lv_drivers/display/SHARP_MIP.c","projects/01-pc-simulator/course/lv_drivers/display/SHARP_MIP.c","9c5d77d2175651fa165e55a942d4c00d56e102e58a7827bfb049e0076428f489","9c5d77d2175651fa165e55a942d4c00d56e102e58a7827bfb049e0076428f489","YES"
"day01/Code.7z!lvgl_simulator-v8.3/lv_drivers/display/SHARP_MIP.h","projects/01-pc-simulator/course/lv_drivers/display/SHARP_MIP.h","f38f2a349f0dc921b987613fe715297f19c1b931f034e00f3b1ada79df2b7535","f38f2a349f0dc921b987613fe715297f19c1b931f034e00f3b1ada79df2b7535","YES"
"day01/Code.7z!lvgl_simulator-v8.3/lv_drivers/display/SSD1963.c","projects/01-pc-simulator/course/lv_drivers/display/SSD1963.c","86f5c59243f3f954f283db45f8195e2c5be65ff3366c201edcaacd2ab33ffea1","86f5c59243f3f954f283db45f8195e2c5be65ff3366c201edcaacd2ab33ffea1","YES"
"day01/Code.7z!lvgl_simulator-v8.3/lv_drivers/display/SSD1963.h","projects/01-pc-simulator/course/lv_drivers/display/SSD1963.h","d71623987f00929b33b5846a001d2f072c9bffd245b450b81bbecb140b577c8d","d71623987f00929b33b5846a001d2f072c9bffd245b450b81bbecb140b577c8d","YES"
"day01/Code.7z!lvgl_simulator-v8.3/lv_drivers/display/ST7565.c","projects/01-pc-simulator/course/lv_drivers/display/ST7565.c","9b86b7e025c062e38e454ba2e2e17572fc7b9a4aa3aa48906c92edd64ec375cd","9b86b7e025c062e38e454ba2e2e17572fc7b9a4aa3aa48906c92edd64ec375cd","YES"
"day01/Code.7z!lvgl_simulator-v8.3/lv_drivers/display/ST7565.h","projects/01-pc-simulator/course/lv_drivers/display/ST7565.h","b8d63eeb1b484a910ef915522b0316e8206c2bcb0da8a8d73e8e5ab27ab8853e","b8d63eeb1b484a910ef915522b0316e8206c2bcb0da8a8d73e8e5ab27ab8853e","YES"
"day01/Code.7z!lvgl_simulator-v8.3/lv_drivers/display/UC1610.c","projects/01-pc-simulator/course/lv_drivers/display/UC1610.c","5e27880df60f81999a782c174920723a56c3921b4cba7a67c9e4986ada0400dd","5e27880df60f81999a782c174920723a56c3921b4cba7a67c9e4986ada0400dd","YES"
"day01/Code.7z!lvgl_simulator-v8.3/lv_drivers/display/UC1610.h","projects/01-pc-simulator/course/lv_drivers/display/UC1610.h","634d729ed862db2b5e88d1f1b31ae263556a52d2570c5a03b9a56a191c8be730","634d729ed862db2b5e88d1f1b31ae263556a52d2570c5a03b9a56a191c8be730","YES"
"day01/Code.7z!lvgl_simulator-v8.3/lv_drivers/docs/astyle_c","projects/01-pc-simulator/course/lv_drivers/docs/astyle_c","1c22147ecde2f5fb4e2351b4e2dbf65b96bce1ea391d69f0e72af4f9c0ef2b6f","1c22147ecde2f5fb4e2351b4e2dbf65b96bce1ea391d69f0e72af4f9c0ef2b6f","YES"
"day01/Code.7z!lvgl_simulator-v8.3/lv_drivers/docs/astyle_h","projects/01-pc-simulator/course/lv_drivers/docs/astyle_h","e4141876c729a558759bfb7cc3923af2130c4f2372eb814c1489ab3d8893f271","e4141876c729a558759bfb7cc3923af2130c4f2372eb814c1489ab3d8893f271","YES"
"day01/Code.7z!lvgl_simulator-v8.3/lv_drivers/gtkdrv/gtkdrv.c","projects/01-pc-simulator/course/lv_drivers/gtkdrv/gtkdrv.c","53541614cabf213635063f5b18874e4cfbf82ccefb906622e7d3691980e62aa9","53541614cabf213635063f5b18874e4cfbf82ccefb906622e7d3691980e62aa9","YES"
"day01/Code.7z!lvgl_simulator-v8.3/lv_drivers/gtkdrv/gtkdrv.h","projects/01-pc-simulator/course/lv_drivers/gtkdrv/gtkdrv.h","7ece42b3ded15fd61f19df436123b40a1e3e31e62e5883f40b13be9703fc6bbe","7ece42b3ded15fd61f19df436123b40a1e3e31e62e5883f40b13be9703fc6bbe","YES"
"day01/Code.7z!lvgl_simulator-v8.3/lv_drivers/indev/AD_touch.c","projects/01-pc-simulator/course/lv_drivers/indev/AD_touch.c","bb021f9fcd6ab39240d0ae5ccdfe2fd0da6988ac015080a302d850826bb5e68c","bb021f9fcd6ab39240d0ae5ccdfe2fd0da6988ac015080a302d850826bb5e68c","YES"
"day01/Code.7z!lvgl_simulator-v8.3/lv_drivers/indev/AD_touch.h","projects/01-pc-simulator/course/lv_drivers/indev/AD_touch.h","c72b158cf1135b3ded78d8884318124d2d27f6736b3cbc760d07070ae360666a","c72b158cf1135b3ded78d8884318124d2d27f6736b3cbc760d07070ae360666a","YES"
"day01/Code.7z!lvgl_simulator-v8.3/lv_drivers/indev/evdev.c","projects/01-pc-simulator/course/lv_drivers/indev/evdev.c","6c8c2ee4bc19bea6e63db8611050d39a4332ed24b34e4ddc07cd9abe54d9f0fb","6c8c2ee4bc19bea6e63db8611050d39a4332ed24b34e4ddc07cd9abe54d9f0fb","YES"
"day01/Code.7z!lvgl_simulator-v8.3/lv_drivers/indev/evdev.h","projects/01-pc-simulator/course/lv_drivers/indev/evdev.h","8baef6cf09b434c743a0bc677290d1e3b42d539bd567c8dc25d8c10946133567","8baef6cf09b434c743a0bc677290d1e3b42d539bd567c8dc25d8c10946133567","YES"
"day01/Code.7z!lvgl_simulator-v8.3/lv_drivers/indev/FT5406EE8.c","projects/01-pc-simulator/course/lv_drivers/indev/FT5406EE8.c","0f59e8aa0a12367bc31f3b932e6d0e689cea12333e3b28c96e91c793ea5a4c81","0f59e8aa0a12367bc31f3b932e6d0e689cea12333e3b28c96e91c793ea5a4c81","YES"
"day01/Code.7z!lvgl_simulator-v8.3/lv_drivers/indev/FT5406EE8.h","projects/01-pc-simulator/course/lv_drivers/indev/FT5406EE8.h","45171157611c14350332355f22d625f7b1beab6934383214ef138b636cbe2830","45171157611c14350332355f22d625f7b1beab6934383214ef138b636cbe2830","YES"
"day01/Code.7z!lvgl_simulator-v8.3/lv_drivers/indev/keyboard.h","projects/01-pc-simulator/course/lv_drivers/indev/keyboard.h","c4fd5ed06a149adb27cbbd0e4df6b02876f80236ce40b963326349fbfbd44b1c","c4fd5ed06a149adb27cbbd0e4df6b02876f80236ce40b963326349fbfbd44b1c","YES"
"day01/Code.7z!lvgl_simulator-v8.3/lv_drivers/indev/libinput_drv.h","projects/01-pc-simulator/course/lv_drivers/indev/libinput_drv.h","29e28a7b2502875677dd44db7b62221016eb9b16005ba9e921bb377e0aead448","29e28a7b2502875677dd44db7b62221016eb9b16005ba9e921bb377e0aead448","YES"
"day01/Code.7z!lvgl_simulator-v8.3/lv_drivers/indev/libinput.c","projects/01-pc-simulator/course/lv_drivers/indev/libinput.c","4437d17f20954502bd6300dbd670959382159857409986570927428eb46b456d","4437d17f20954502bd6300dbd670959382159857409986570927428eb46b456d","YES"
"day01/Code.7z!lvgl_simulator-v8.3/lv_drivers/indev/mouse.h","projects/01-pc-simulator/course/lv_drivers/indev/mouse.h","e80cde8647782e968942c657793075c2a5922d0e0c440327f1be84ffbfca358a","e80cde8647782e968942c657793075c2a5922d0e0c440327f1be84ffbfca358a","YES"
"day01/Code.7z!lvgl_simulator-v8.3/lv_drivers/indev/mousewheel.h","projects/01-pc-simulator/course/lv_drivers/indev/mousewheel.h","63984f5d1a0cd48a7d8ff82ef3d1cf0efa4e949fb41b4d286cbc64491888906f","63984f5d1a0cd48a7d8ff82ef3d1cf0efa4e949fb41b4d286cbc64491888906f","YES"
"day01/Code.7z!lvgl_simulator-v8.3/lv_drivers/indev/xkb.c","projects/01-pc-simulator/course/lv_drivers/indev/xkb.c","0718f5285d485cc986c36fb6369362a015ecc086b845c108348b49f2a91b88cc","0718f5285d485cc986c36fb6369362a015ecc086b845c108348b49f2a91b88cc","YES"
"day01/Code.7z!lvgl_simulator-v8.3/lv_drivers/indev/xkb.h","projects/01-pc-simulator/course/lv_drivers/indev/xkb.h","2c95937ee35b884c9e451dffe376a43a5cdf7bd0ccea8c4872f5fc480f90af09","2c95937ee35b884c9e451dffe376a43a5cdf7bd0ccea8c4872f5fc480f90af09","YES"
"day01/Code.7z!lvgl_simulator-v8.3/lv_drivers/indev/XPT2046.c","projects/01-pc-simulator/course/lv_drivers/indev/XPT2046.c","442a7b1d080cb388f7fc125ae9f657e4d1445b0cd8f713b30dea606368022e5b","442a7b1d080cb388f7fc125ae9f657e4d1445b0cd8f713b30dea606368022e5b","YES"
"day01/Code.7z!lvgl_simulator-v8.3/lv_drivers/indev/XPT2046.h","projects/01-pc-simulator/course/lv_drivers/indev/XPT2046.h","aefe71c91d6998f78587e1758f512278376fce70bababff20f51902d1f80c714","aefe71c91d6998f78587e1758f512278376fce70bababff20f51902d1f80c714","YES"
"day01/Code.7z!lvgl_simulator-v8.3/lv_drivers/library.json","projects/01-pc-simulator/course/lv_drivers/library.json","3bc83b8439b73a03ed0408fc7c7659587a033742f5d3317b6244f461eb8f5d2a","3bc83b8439b73a03ed0408fc7c7659587a033742f5d3317b6244f461eb8f5d2a","YES"
"day01/Code.7z!lvgl_simulator-v8.3/lv_drivers/LICENSE","projects/01-pc-simulator/course/lv_drivers/LICENSE","9c9bcef74b44e12c480839af9916192578b81f1296b372f505d0293659be6392","9c9bcef74b44e12c480839af9916192578b81f1296b372f505d0293659be6392","YES"
"day01/Code.7z!lvgl_simulator-v8.3/lv_drivers/lv_drivers.mk","projects/01-pc-simulator/course/lv_drivers/lv_drivers.mk","f380257bf69c1b042b83f88e6b8d9cd8df7afd316deebda986e1f1d57a2d86d5","f380257bf69c1b042b83f88e6b8d9cd8df7afd316deebda986e1f1d57a2d86d5","YES"
"day01/Code.7z!lvgl_simulator-v8.3/lv_drivers/lv_drv_conf_template.h","projects/01-pc-simulator/course/lv_drivers/lv_drv_conf_template.h","6b88079fb9ff6e549a3c247431699b5f30d1282dc4c4f2efba81e41e60c8281e","6b88079fb9ff6e549a3c247431699b5f30d1282dc4c4f2efba81e41e60c8281e","YES"
"day01/Code.7z!lvgl_simulator-v8.3/lv_drivers/lv-drivers.pc.in","projects/01-pc-simulator/course/lv_drivers/lv-drivers.pc.in","630d4abefd00a391bce233f72419877949b96294c9c3557765f469ddfef74035","630d4abefd00a391bce233f72419877949b96294c9c3557765f469ddfef74035","YES"
"day01/Code.7z!lvgl_simulator-v8.3/lv_drivers/sdl/sdl_common_internal.h","projects/01-pc-simulator/course/lv_drivers/sdl/sdl_common_internal.h","cd32a4edbe91c1039ef18b20152c6e7251e45b9bb34ea2f5f30adb57453eedb0","cd32a4edbe91c1039ef18b20152c6e7251e45b9bb34ea2f5f30adb57453eedb0","YES"
"day01/Code.7z!lvgl_simulator-v8.3/lv_drivers/sdl/sdl_common.c","projects/01-pc-simulator/course/lv_drivers/sdl/sdl_common.c","cc2972467c3c2d84a59fafb06d1bbea2fb819463527157c184ff30facec805f8","cc2972467c3c2d84a59fafb06d1bbea2fb819463527157c184ff30facec805f8","YES"
"day01/Code.7z!lvgl_simulator-v8.3/lv_drivers/sdl/sdl_common.h","projects/01-pc-simulator/course/lv_drivers/sdl/sdl_common.h","d6b7ab0d57ccefc1ac1bb45bcb34d2034d315ef0fc71ee82f949442acc1ee399","d6b7ab0d57ccefc1ac1bb45bcb34d2034d315ef0fc71ee82f949442acc1ee399","YES"
"day01/Code.7z!lvgl_simulator-v8.3/lv_drivers/sdl/sdl_gpu.c","projects/01-pc-simulator/course/lv_drivers/sdl/sdl_gpu.c","1453e1fb31a2830e76de73eabd17701908cdada0c0534c7ef8b8084f5503a27d","1453e1fb31a2830e76de73eabd17701908cdada0c0534c7ef8b8084f5503a27d","YES"
"day01/Code.7z!lvgl_simulator-v8.3/lv_drivers/sdl/sdl_gpu.h","projects/01-pc-simulator/course/lv_drivers/sdl/sdl_gpu.h","d81e93e7a176b382b80ea317f7f74031d55db24ec75d11ba4a971dcab1a89af3","d81e93e7a176b382b80ea317f7f74031d55db24ec75d11ba4a971dcab1a89af3","YES"
"day01/Code.7z!lvgl_simulator-v8.3/lv_drivers/sdl/sdl.c","projects/01-pc-simulator/course/lv_drivers/sdl/sdl.c","130f4641c24dcb77ae3ca3f388adb3e6d07647193ed72da2244f91f4e3afa106","130f4641c24dcb77ae3ca3f388adb3e6d07647193ed72da2244f91f4e3afa106","YES"
"day01/Code.7z!lvgl_simulator-v8.3/lv_drivers/sdl/sdl.h","projects/01-pc-simulator/course/lv_drivers/sdl/sdl.h","dfc6fa36d1e43369f3f1708a29a0889ffb2cf8f997dd9cc6dcc6994ff33f39c1","dfc6fa36d1e43369f3f1708a29a0889ffb2cf8f997dd9cc6dcc6994ff33f39c1","YES"
"day01/Code.7z!lvgl_simulator-v8.3/lv_drivers/wayland/.gitignore","projects/01-pc-simulator/course/lv_drivers/wayland/.gitignore","4cb17fa6b17b0f62fdc227814b207c25bb43d8a996222c7b6bc30883cb3961d5","4cb17fa6b17b0f62fdc227814b207c25bb43d8a996222c7b6bc30883cb3961d5","YES"
"day01/Code.7z!lvgl_simulator-v8.3/lv_drivers/wayland/CMakeLists.txt","projects/01-pc-simulator/course/lv_drivers/wayland/CMakeLists.txt","c9a752e5762535111f4de60a1715b2b2b9163e67a8c3c209ef32841fdb3993b0","c9a752e5762535111f4de60a1715b2b2b9163e67a8c3c209ef32841fdb3993b0","YES"
"day01/Code.7z!lvgl_simulator-v8.3/lv_drivers/wayland/smm.c","projects/01-pc-simulator/course/lv_drivers/wayland/smm.c","5c54e7548470d56f8dc8eba485a69b00fdb1ada17c1a6ff5a5cd20cb7b7e3d5e","5c54e7548470d56f8dc8eba485a69b00fdb1ada17c1a6ff5a5cd20cb7b7e3d5e","YES"
"day01/Code.7z!lvgl_simulator-v8.3/lv_drivers/wayland/smm.h","projects/01-pc-simulator/course/lv_drivers/wayland/smm.h","987a92fa5148bcf0e677595cd49c8138f9ec4274149370b8db551189f9bb6ad2","987a92fa5148bcf0e677595cd49c8138f9ec4274149370b8db551189f9bb6ad2","YES"
"day01/Code.7z!lvgl_simulator-v8.3/lv_drivers/wayland/wayland.c","projects/01-pc-simulator/course/lv_drivers/wayland/wayland.c","f62c6be843306439b32a5e5f79b37a3718b5b6704760aff0151fe6559cb48440","f62c6be843306439b32a5e5f79b37a3718b5b6704760aff0151fe6559cb48440","YES"
"day01/Code.7z!lvgl_simulator-v8.3/lv_drivers/wayland/wayland.h","projects/01-pc-simulator/course/lv_drivers/wayland/wayland.h","daf0b64ca7e4fb6967c9c1f30ff1f121d3a7bdf74bfde8a6fffaddb76f9aa2e1","daf0b64ca7e4fb6967c9c1f30ff1f121d3a7bdf74bfde8a6fffaddb76f9aa2e1","YES"
"day01/Code.7z!lvgl_simulator-v8.3/lv_drivers/win_drv.c","projects/01-pc-simulator/course/lv_drivers/win_drv.c","77ff7969c578217ac721dba200d3c3bcc43603c90a84d48274bf7f8af7097228","77ff7969c578217ac721dba200d3c3bcc43603c90a84d48274bf7f8af7097228","YES"
"day01/Code.7z!lvgl_simulator-v8.3/lv_drivers/win_drv.h","projects/01-pc-simulator/course/lv_drivers/win_drv.h","9513f391c652fcdc40a2b007c9ec46611b0120f2dd2caec6d8a66f7ba7858304","9513f391c652fcdc40a2b007c9ec46611b0120f2dd2caec6d8a66f7ba7858304","YES"
"day01/Code.7z!lvgl_simulator-v8.3/lv_drivers/win32drv/win32drv.c","projects/01-pc-simulator/course/lv_drivers/win32drv/win32drv.c","07f9eeb5558a3d54dcfeee494873c5bc02287267680db414453815427aed11ed","07f9eeb5558a3d54dcfeee494873c5bc02287267680db414453815427aed11ed","YES"
"day01/Code.7z!lvgl_simulator-v8.3/lv_drivers/win32drv/win32drv.h","projects/01-pc-simulator/course/lv_drivers/win32drv/win32drv.h","1f68f4881c7d96b502bca5cc11b1804c410229361bb6adf27bb8d6c594cdb2c3","1f68f4881c7d96b502bca5cc11b1804c410229361bb6adf27bb8d6c594cdb2c3","YES"
"day01/Code.7z!lvgl_simulator-v8.3/lv_drivers/x11/x11.c","projects/01-pc-simulator/course/lv_drivers/x11/x11.c","38beb39013f5ce321ac2f36ff6ec937ad5f8c8530243e8ff16f0e60fa9647afd","38beb39013f5ce321ac2f36ff6ec937ad5f8c8530243e8ff16f0e60fa9647afd","YES"
"day01/Code.7z!lvgl_simulator-v8.3/lv_drivers/x11/x11.h","projects/01-pc-simulator/course/lv_drivers/x11/x11.h","925ec887ef13eaddb36c4717cc1e49fadd9d1c6815a6325ab749f73fd45c978c","925ec887ef13eaddb36c4717cc1e49fadd9d1c6815a6325ab749f73fd45c978c","YES"
"day01/Code.7z!lvgl_simulator-v8.3/lv_drv_conf.h","projects/01-pc-simulator/course/lv_drv_conf.h","e45187dfb220547711fd521e38e9eb37df44fb612ba638d4d82beb0811453ab7","e45187dfb220547711fd521e38e9eb37df44fb612ba638d4d82beb0811453ab7","YES"
"day01/Code.7z!lvgl_simulator-v8.3/lvgl/.codecov.yml","projects/01-pc-simulator/course/lvgl/.codecov.yml","f006d04324f61440a9f442dfcaa7b3eeb839be0fc4c046637ada6272f1e7b773","f006d04324f61440a9f442dfcaa7b3eeb839be0fc4c046637ada6272f1e7b773","YES"
"day01/Code.7z!lvgl_simulator-v8.3/lvgl/.editorconfig","projects/01-pc-simulator/course/lvgl/.editorconfig","9f8ba736d0a59d94a49c5a17a54c2052f43de8b828110a2e18d2d97a56d27b3f","9f8ba736d0a59d94a49c5a17a54c2052f43de8b828110a2e18d2d97a56d27b3f","YES"
"day01/Code.7z!lvgl_simulator-v8.3/lvgl/.gitignore","projects/01-pc-simulator/course/lvgl/.gitignore","32afc50da88a143bf06a953f43c62482cf805ced61057fda71f05f135b5bf383","32afc50da88a143bf06a953f43c62482cf805ced61057fda71f05f135b5bf383","YES"
"day01/Code.7z!lvgl_simulator-v8.3/lvgl/.pre-commit-config.yaml","projects/01-pc-simulator/course/lvgl/.pre-commit-config.yaml","a1b6b51b73dd761c5b4d5a73d62181299211b92524b472dc137fe299ff0eac17","a1b6b51b73dd761c5b4d5a73d62181299211b92524b472dc137fe299ff0eac17","YES"
"day01/Code.7z!lvgl_simulator-v8.3/lvgl/CMakeLists.txt","projects/01-pc-simulator/course/lvgl/CMakeLists.txt","edd80227a3af0a883d2f8bd096c03d0916f78f0ab20f8f021dd9e2a14d68a2cf","edd80227a3af0a883d2f8bd096c03d0916f78f0ab20f8f021dd9e2a14d68a2cf","YES"
"day01/Code.7z!lvgl_simulator-v8.3/lvgl/component.mk","projects/01-pc-simulator/course/lvgl/component.mk","cc61ec0eebb7ce2b7f9304a8657494290784d33460acfa59de32a8d14509799f","cc61ec0eebb7ce2b7f9304a8657494290784d33460acfa59de32a8d14509799f","YES"
"day01/Code.7z!lvgl_simulator-v8.3/lvgl/idf_component.yml","projects/01-pc-simulator/course/lvgl/idf_component.yml","4813d59c7b352f64ef2fdbef6ab89dd1563e1f7c1136920706908faccbf64993","4813d59c7b352f64ef2fdbef6ab89dd1563e1f7c1136920706908faccbf64993","YES"
"day01/Code.7z!lvgl_simulator-v8.3/lvgl/Kconfig","projects/01-pc-simulator/course/lvgl/Kconfig","4cdca66dc802ab92bf0e14f0b19ac4634729447986f426d37a84ef41717c0cb5","4cdca66dc802ab92bf0e14f0b19ac4634729447986f426d37a84ef41717c0cb5","YES"
"day01/Code.7z!lvgl_simulator-v8.3/lvgl/library.json","projects/01-pc-simulator/course/lvgl/library.json","52b17e5b89da1ad897feaca83ed061f04c91edfb8d7c83ed0360149f9eaf4b51","52b17e5b89da1ad897feaca83ed061f04c91edfb8d7c83ed0360149f9eaf4b51","YES"
"day01/Code.7z!lvgl_simulator-v8.3/lvgl/library.properties","projects/01-pc-simulator/course/lvgl/library.properties","8e255b070f9ae3b63480fd63b564cd37fa0536e03e3ce0caab1408a6ec9173a3","8e255b070f9ae3b63480fd63b564cd37fa0536e03e3ce0caab1408a6ec9173a3","YES"
"day01/Code.7z!lvgl_simulator-v8.3/lvgl/LICENCE.txt","projects/01-pc-simulator/course/lvgl/LICENCE.txt","6a916130a36e83a79bb0dca6c6a7bfe60a67af7d118605e2b7b23bd5ad5c4eb0","6a916130a36e83a79bb0dca6c6a7bfe60a67af7d118605e2b7b23bd5ad5c4eb0","YES"
"day01/Code.7z!lvgl_simulator-v8.3/lvgl/lv_conf_template.h","projects/01-pc-simulator/course/lvgl/lv_conf_template.h","fce1a88a9346c8a024651ae4c7c37deb2bcbfd402f46baccc94894e768dbd2b4","fce1a88a9346c8a024651ae4c7c37deb2bcbfd402f46baccc94894e768dbd2b4","YES"
"day01/Code.7z!lvgl_simulator-v8.3/lvgl/lvgl.h","projects/01-pc-simulator/course/lvgl/lvgl.h","98c536dba790e1a30424fc95163147bf7005c5ffd0f637906c339890893872a3","98c536dba790e1a30424fc95163147bf7005c5ffd0f637906c339890893872a3","YES"
"day01/Code.7z!lvgl_simulator-v8.3/lvgl/lvgl.mk","projects/01-pc-simulator/course/lvgl/lvgl.mk","be4c5451597942bb7d31fc6d2d666edf046c381ed40cced11e2e76606c2ee899","be4c5451597942bb7d31fc6d2d666edf046c381ed40cced11e2e76606c2ee899","YES"
"day01/Code.7z!lvgl_simulator-v8.3/lvgl/SConscript","projects/01-pc-simulator/course/lvgl/SConscript","c198a717bc55e7d6bfabd2a193e6237354f3de39248d87987525ef890982fa28","c198a717bc55e7d6bfabd2a193e6237354f3de39248d87987525ef890982fa28","YES"
"day01/Code.7z!lvgl_simulator-v8.3/lvgl/src/core/lv_core.mk","projects/01-pc-simulator/course/lvgl/src/core/lv_core.mk","4e484856a86a70f8cf62c61e5c2b94cf97f5a1296e23466b5fa227a495270674","4e484856a86a70f8cf62c61e5c2b94cf97f5a1296e23466b5fa227a495270674","YES"
"day01/Code.7z!lvgl_simulator-v8.3/lvgl/src/core/lv_disp.c","projects/01-pc-simulator/course/lvgl/src/core/lv_disp.c","64779f1d024f3c0aaa9374859ce9228869ff8931c828d31d454919f215624124","64779f1d024f3c0aaa9374859ce9228869ff8931c828d31d454919f215624124","YES"
"day01/Code.7z!lvgl_simulator-v8.3/lvgl/src/core/lv_disp.h","projects/01-pc-simulator/course/lvgl/src/core/lv_disp.h","4cdf3acd468375d0f1f918b2a3d50cb820265655ed7ef67ffa066c3dfd778e31","4cdf3acd468375d0f1f918b2a3d50cb820265655ed7ef67ffa066c3dfd778e31","YES"
"day01/Code.7z!lvgl_simulator-v8.3/lvgl/src/core/lv_event.c","projects/01-pc-simulator/course/lvgl/src/core/lv_event.c","826e48a359a50c5bd4e9e3d8f53375c7392eefd7667083dd6e85a1f7a445c63f","826e48a359a50c5bd4e9e3d8f53375c7392eefd7667083dd6e85a1f7a445c63f","YES"
"day01/Code.7z!lvgl_simulator-v8.3/lvgl/src/core/lv_event.h","projects/01-pc-simulator/course/lvgl/src/core/lv_event.h","b906f6141ce601c07ac5cd1cab65c1d2fe28192cc12782c4362aff939d2a7550","b906f6141ce601c07ac5cd1cab65c1d2fe28192cc12782c4362aff939d2a7550","YES"
"day01/Code.7z!lvgl_simulator-v8.3/lvgl/src/core/lv_group.c","projects/01-pc-simulator/course/lvgl/src/core/lv_group.c","eb3a038897cde40f0ff519017f02a25ea355c776516c6507fe8368c474f27033","eb3a038897cde40f0ff519017f02a25ea355c776516c6507fe8368c474f27033","YES"
"day01/Code.7z!lvgl_simulator-v8.3/lvgl/src/core/lv_group.h","projects/01-pc-simulator/course/lvgl/src/core/lv_group.h","faff4b13effd63da9ca857ffcb6c7f82ed3f52b81656e3017a1347344e48f8a9","faff4b13effd63da9ca857ffcb6c7f82ed3f52b81656e3017a1347344e48f8a9","YES"
"day01/Code.7z!lvgl_simulator-v8.3/lvgl/src/core/lv_indev_scroll.c","projects/01-pc-simulator/course/lvgl/src/core/lv_indev_scroll.c","7bbb7d490576592a46821930dcad3bfdbc6edb93c246e1d85e63877152317f72","7bbb7d490576592a46821930dcad3bfdbc6edb93c246e1d85e63877152317f72","YES"
"day01/Code.7z!lvgl_simulator-v8.3/lvgl/src/core/lv_indev_scroll.h","projects/01-pc-simulator/course/lvgl/src/core/lv_indev_scroll.h","3b552db89aeeed85dd2cbdaafcc66f040459063465f07dad745f9fb89aba861f","3b552db89aeeed85dd2cbdaafcc66f040459063465f07dad745f9fb89aba861f","YES"
"day01/Code.7z!lvgl_simulator-v8.3/lvgl/src/core/lv_indev.c","projects/01-pc-simulator/course/lvgl/src/core/lv_indev.c","45a169a6d8af02bbac25eb2249c5fdff1d67d64d2af7609882c2fb6cbdab19f6","45a169a6d8af02bbac25eb2249c5fdff1d67d64d2af7609882c2fb6cbdab19f6","YES"
"day01/Code.7z!lvgl_simulator-v8.3/lvgl/src/core/lv_indev.h","projects/01-pc-simulator/course/lvgl/src/core/lv_indev.h","10aac9ffdf5105b8e699f2e6e4edc604fd176409a52a499377adc85e5e6f3382","10aac9ffdf5105b8e699f2e6e4edc604fd176409a52a499377adc85e5e6f3382","YES"
"day01/Code.7z!lvgl_simulator-v8.3/lvgl/src/core/lv_obj_class.c","projects/01-pc-simulator/course/lvgl/src/core/lv_obj_class.c","f56368d1f291d78871eee167f1ee1900ab2882693de09ee3f50caafaeedf1f77","f56368d1f291d78871eee167f1ee1900ab2882693de09ee3f50caafaeedf1f77","YES"
"day01/Code.7z!lvgl_simulator-v8.3/lvgl/src/core/lv_obj_class.h","projects/01-pc-simulator/course/lvgl/src/core/lv_obj_class.h","7fe17ea5a2b949a66825a1b8165c2f863046b03eaae67d1b8667466fee342c5b","7fe17ea5a2b949a66825a1b8165c2f863046b03eaae67d1b8667466fee342c5b","YES"
"day01/Code.7z!lvgl_simulator-v8.3/lvgl/src/core/lv_obj_draw.c","projects/01-pc-simulator/course/lvgl/src/core/lv_obj_draw.c","025c755e75cbf3b4968b9b4687d96cdf9d99de0336883dbf20f238ad144524cf","025c755e75cbf3b4968b9b4687d96cdf9d99de0336883dbf20f238ad144524cf","YES"
"day01/Code.7z!lvgl_simulator-v8.3/lvgl/src/core/lv_obj_draw.h","projects/01-pc-simulator/course/lvgl/src/core/lv_obj_draw.h","d9b69e183af16ab8b9a26f85ead4147f961fbf15988e117658f84fd7002befe1","d9b69e183af16ab8b9a26f85ead4147f961fbf15988e117658f84fd7002befe1","YES"
"day01/Code.7z!lvgl_simulator-v8.3/lvgl/src/core/lv_obj_pos.c","projects/01-pc-simulator/course/lvgl/src/core/lv_obj_pos.c","23e9c2a2f9d89f6aa640f2ad3f9fe87e082f3a49ae1baf577a93a0e6f8bfea73","23e9c2a2f9d89f6aa640f2ad3f9fe87e082f3a49ae1baf577a93a0e6f8bfea73","YES"
"day01/Code.7z!lvgl_simulator-v8.3/lvgl/src/core/lv_obj_pos.h","projects/01-pc-simulator/course/lvgl/src/core/lv_obj_pos.h","57edddf04ad0fb8517dbe86ef6349501399ae26012c2297fa144fd5cc62fbdf6","57edddf04ad0fb8517dbe86ef6349501399ae26012c2297fa144fd5cc62fbdf6","YES"
"day01/Code.7z!lvgl_simulator-v8.3/lvgl/src/core/lv_obj_scroll.c","projects/01-pc-simulator/course/lvgl/src/core/lv_obj_scroll.c","4f30bdab4c2cdef8b1dd0dce3531663d8f8f5f175a589f12c074d263fb350498","4f30bdab4c2cdef8b1dd0dce3531663d8f8f5f175a589f12c074d263fb350498","YES"
"day01/Code.7z!lvgl_simulator-v8.3/lvgl/src/core/lv_obj_scroll.h","projects/01-pc-simulator/course/lvgl/src/core/lv_obj_scroll.h","d4e210944ace64c883535482eda66ca2071d9e3804f445232f8ebefa2ee798e0","d4e210944ace64c883535482eda66ca2071d9e3804f445232f8ebefa2ee798e0","YES"
"day01/Code.7z!lvgl_simulator-v8.3/lvgl/src/core/lv_obj_style_gen.c","projects/01-pc-simulator/course/lvgl/src/core/lv_obj_style_gen.c","8ddda9268506e10d2b2436cb53b66455ee54132679f063511f056a3993dccc49","8ddda9268506e10d2b2436cb53b66455ee54132679f063511f056a3993dccc49","YES"
"day01/Code.7z!lvgl_simulator-v8.3/lvgl/src/core/lv_obj_style_gen.h","projects/01-pc-simulator/course/lvgl/src/core/lv_obj_style_gen.h","9317c91f8072eef12b10c2383148ca108667d83a4ee6f98d37dedc8216e9dc64","9317c91f8072eef12b10c2383148ca108667d83a4ee6f98d37dedc8216e9dc64","YES"
"day01/Code.7z!lvgl_simulator-v8.3/lvgl/src/core/lv_obj_style.c","projects/01-pc-simulator/course/lvgl/src/core/lv_obj_style.c","8c7143d4a1f245203e759f6477f1c1d68d10f9752c0dd38836dc24cd304fb4cc","8c7143d4a1f245203e759f6477f1c1d68d10f9752c0dd38836dc24cd304fb4cc","YES"
"day01/Code.7z!lvgl_simulator-v8.3/lvgl/src/core/lv_obj_style.h","projects/01-pc-simulator/course/lvgl/src/core/lv_obj_style.h","6dbfdb378fd6379ab5ad567aac0970a7615a1f79e8121953e9d182e83d58122b","6dbfdb378fd6379ab5ad567aac0970a7615a1f79e8121953e9d182e83d58122b","YES"
"day01/Code.7z!lvgl_simulator-v8.3/lvgl/src/core/lv_obj_tree.c","projects/01-pc-simulator/course/lvgl/src/core/lv_obj_tree.c","a689efc2e5d592d98146d183aae408de3d1e6f423ee7533d17c20a1139cf4202","a689efc2e5d592d98146d183aae408de3d1e6f423ee7533d17c20a1139cf4202","YES"
"day01/Code.7z!lvgl_simulator-v8.3/lvgl/src/core/lv_obj_tree.h","projects/01-pc-simulator/course/lvgl/src/core/lv_obj_tree.h","930140c278836e36c14aef8b83e54a02eac78c8503ec2dbc0db546c8b66baf4b","930140c278836e36c14aef8b83e54a02eac78c8503ec2dbc0db546c8b66baf4b","YES"
"day01/Code.7z!lvgl_simulator-v8.3/lvgl/src/core/lv_obj.c","projects/01-pc-simulator/course/lvgl/src/core/lv_obj.c","f959f1026ed406fd9786f6d29f58b8d0a94ba69458041bc41327dd27fc226775","f959f1026ed406fd9786f6d29f58b8d0a94ba69458041bc41327dd27fc226775","YES"
"day01/Code.7z!lvgl_simulator-v8.3/lvgl/src/core/lv_obj.h","projects/01-pc-simulator/course/lvgl/src/core/lv_obj.h","e6a1d2db3413021e873eec763b006c737fe805a7ee7a4ff25d91abd622c43bfa","e6a1d2db3413021e873eec763b006c737fe805a7ee7a4ff25d91abd622c43bfa","YES"
"day01/Code.7z!lvgl_simulator-v8.3/lvgl/src/core/lv_refr.c","projects/01-pc-simulator/course/lvgl/src/core/lv_refr.c","1509818f43df2f721c06f4a7b591469e434cb524186595460006fe1bd9470c47","1509818f43df2f721c06f4a7b591469e434cb524186595460006fe1bd9470c47","YES"
"day01/Code.7z!lvgl_simulator-v8.3/lvgl/src/core/lv_refr.h","projects/01-pc-simulator/course/lvgl/src/core/lv_refr.h","e5bce21ae5175f5c2ed622039aac59a594531878b28be17381f55d535079eebd","e5bce21ae5175f5c2ed622039aac59a594531878b28be17381f55d535079eebd","YES"
"day01/Code.7z!lvgl_simulator-v8.3/lvgl/src/core/lv_theme.c","projects/01-pc-simulator/course/lvgl/src/core/lv_theme.c","90877775a9f5f6d3eaf65fba6b75e0c18628e952dfc00c3e79ebaf6526ce4983","90877775a9f5f6d3eaf65fba6b75e0c18628e952dfc00c3e79ebaf6526ce4983","YES"
"day01/Code.7z!lvgl_simulator-v8.3/lvgl/src/core/lv_theme.h","projects/01-pc-simulator/course/lvgl/src/core/lv_theme.h","951f83d283f01c6f4c2bf1cf6f2aa30f16c068d63dcf5aee5b6c93cb5903764a","951f83d283f01c6f4c2bf1cf6f2aa30f16c068d63dcf5aee5b6c93cb5903764a","YES"
"day01/Code.7z!lvgl_simulator-v8.3/lvgl/src/draw/arm2d/lv_draw_arm2d.mk","projects/01-pc-simulator/course/lvgl/src/draw/arm2d/lv_draw_arm2d.mk","7c5ab95a37ecfbaca3587ea7b3d85bb52656889350eabc9fc689de5c868f08f2","7c5ab95a37ecfbaca3587ea7b3d85bb52656889350eabc9fc689de5c868f08f2","YES"
"day01/Code.7z!lvgl_simulator-v8.3/lvgl/src/draw/arm2d/lv_gpu_arm2d.c","projects/01-pc-simulator/course/lvgl/src/draw/arm2d/lv_gpu_arm2d.c","5f6b43d15d78e7fbb783d6ab7261dc3d3ca00bd782ed0cb115c095962f67bd61","5f6b43d15d78e7fbb783d6ab7261dc3d3ca00bd782ed0cb115c095962f67bd61","YES"
"day01/Code.7z!lvgl_simulator-v8.3/lvgl/src/draw/arm2d/lv_gpu_arm2d.h","projects/01-pc-simulator/course/lvgl/src/draw/arm2d/lv_gpu_arm2d.h","1917c286c862969f7d7f9e0542e2374b6584997d419af37e6ce15b90b0a12b00","1917c286c862969f7d7f9e0542e2374b6584997d419af37e6ce15b90b0a12b00","YES"
"day01/Code.7z!lvgl_simulator-v8.3/lvgl/src/draw/lv_draw_arc.c","projects/01-pc-simulator/course/lvgl/src/draw/lv_draw_arc.c","112e6f8081cb993fc1dfa505de08b00e802f12e0c3bdd04ac382af14ffbf31ce","112e6f8081cb993fc1dfa505de08b00e802f12e0c3bdd04ac382af14ffbf31ce","YES"
"day01/Code.7z!lvgl_simulator-v8.3/lvgl/src/draw/lv_draw_arc.h","projects/01-pc-simulator/course/lvgl/src/draw/lv_draw_arc.h","95fd2ed8a5c143e5691de5ad92928ea3fce6ee229fcdd298b140bbddcd7c9c7d","95fd2ed8a5c143e5691de5ad92928ea3fce6ee229fcdd298b140bbddcd7c9c7d","YES"
"day01/Code.7z!lvgl_simulator-v8.3/lvgl/src/draw/lv_draw_img.c","projects/01-pc-simulator/course/lvgl/src/draw/lv_draw_img.c","0a67e4fd09aabb0ca3900df7999e68d0176bb27e8c3da0cad78f10516552bb7f","0a67e4fd09aabb0ca3900df7999e68d0176bb27e8c3da0cad78f10516552bb7f","YES"
"day01/Code.7z!lvgl_simulator-v8.3/lvgl/src/draw/lv_draw_img.h","projects/01-pc-simulator/course/lvgl/src/draw/lv_draw_img.h","ece6ef266440426ce364f71cfe608d6f0c3b0489587be0833a162c8bfac9abc5","ece6ef266440426ce364f71cfe608d6f0c3b0489587be0833a162c8bfac9abc5","YES"
"day01/Code.7z!lvgl_simulator-v8.3/lvgl/src/draw/lv_draw_label.c","projects/01-pc-simulator/course/lvgl/src/draw/lv_draw_label.c","ef4fcf560629e3b8453a54014d311cc30426db03e8857f3bbee16aad5e23b8ed","ef4fcf560629e3b8453a54014d311cc30426db03e8857f3bbee16aad5e23b8ed","YES"
"day01/Code.7z!lvgl_simulator-v8.3/lvgl/src/draw/lv_draw_label.h","projects/01-pc-simulator/course/lvgl/src/draw/lv_draw_label.h","0349692fc5035bda6ec893e8820b6c2792a0cf34d05dc61ff361f1c1de7c3c9a","0349692fc5035bda6ec893e8820b6c2792a0cf34d05dc61ff361f1c1de7c3c9a","YES"
"day01/Code.7z!lvgl_simulator-v8.3/lvgl/src/draw/lv_draw_layer.c","projects/01-pc-simulator/course/lvgl/src/draw/lv_draw_layer.c","3cc437da7f49dd716f3ca6ef8d2d9e692bd470a41b0679a1cd6f75af42e0adbf","3cc437da7f49dd716f3ca6ef8d2d9e692bd470a41b0679a1cd6f75af42e0adbf","YES"
"day01/Code.7z!lvgl_simulator-v8.3/lvgl/src/draw/lv_draw_layer.h","projects/01-pc-simulator/course/lvgl/src/draw/lv_draw_layer.h","bbc802d79ff87752b7548b05b82b8c4b77ad1797459baac4c965731bb0881b8c","bbc802d79ff87752b7548b05b82b8c4b77ad1797459baac4c965731bb0881b8c","YES"
"day01/Code.7z!lvgl_simulator-v8.3/lvgl/src/draw/lv_draw_line.c","projects/01-pc-simulator/course/lvgl/src/draw/lv_draw_line.c","0555f0036c21e63a2c1d30d680292d0b4cfe3a560c8d2dc71185ee33cf60addf","0555f0036c21e63a2c1d30d680292d0b4cfe3a560c8d2dc71185ee33cf60addf","YES"
"day01/Code.7z!lvgl_simulator-v8.3/lvgl/src/draw/lv_draw_line.h","projects/01-pc-simulator/course/lvgl/src/draw/lv_draw_line.h","8ca57dd4afe43112da04ed915cb992abb49fdbc64218fdf7055d1b90e1e7171d","8ca57dd4afe43112da04ed915cb992abb49fdbc64218fdf7055d1b90e1e7171d","YES"
"day01/Code.7z!lvgl_simulator-v8.3/lvgl/src/draw/lv_draw_mask.c","projects/01-pc-simulator/course/lvgl/src/draw/lv_draw_mask.c","3899e11ec511a27bfe6a5accb5c1b38c904ac0f75343c52e45dfa678c46f98c9","3899e11ec511a27bfe6a5accb5c1b38c904ac0f75343c52e45dfa678c46f98c9","YES"
"day01/Code.7z!lvgl_simulator-v8.3/lvgl/src/draw/lv_draw_mask.h","projects/01-pc-simulator/course/lvgl/src/draw/lv_draw_mask.h","d39d2b82e48e5cb04ad60f2fafb3389bfd3ea3617c166eef7304230c1ab8f364","d39d2b82e48e5cb04ad60f2fafb3389bfd3ea3617c166eef7304230c1ab8f364","YES"
"day01/Code.7z!lvgl_simulator-v8.3/lvgl/src/draw/lv_draw_rect.c","projects/01-pc-simulator/course/lvgl/src/draw/lv_draw_rect.c","6bcb01c108b62424ad50fbcb8d8630050f03941b76a5f0b75b2e72d8d7181c66","6bcb01c108b62424ad50fbcb8d8630050f03941b76a5f0b75b2e72d8d7181c66","YES"
"day01/Code.7z!lvgl_simulator-v8.3/lvgl/src/draw/lv_draw_rect.h","projects/01-pc-simulator/course/lvgl/src/draw/lv_draw_rect.h","582fc9dff735439adb2705b5f323d7104d65f2b63a7097617c4eeca84c39a8a5","582fc9dff735439adb2705b5f323d7104d65f2b63a7097617c4eeca84c39a8a5","YES"
"day01/Code.7z!lvgl_simulator-v8.3/lvgl/src/draw/lv_draw_transform.c","projects/01-pc-simulator/course/lvgl/src/draw/lv_draw_transform.c","bd70591780047c78b7d75af7259bab21f73ccf8960ffa502c512757b62530222","bd70591780047c78b7d75af7259bab21f73ccf8960ffa502c512757b62530222","YES"
"day01/Code.7z!lvgl_simulator-v8.3/lvgl/src/draw/lv_draw_transform.h","projects/01-pc-simulator/course/lvgl/src/draw/lv_draw_transform.h","a2b61654d8f6ce4916317cd11689fdfcb726d632625eca4d87de008f9a8ebf07","a2b61654d8f6ce4916317cd11689fdfcb726d632625eca4d87de008f9a8ebf07","YES"
"day01/Code.7z!lvgl_simulator-v8.3/lvgl/src/draw/lv_draw_triangle.c","projects/01-pc-simulator/course/lvgl/src/draw/lv_draw_triangle.c","526b6c8a3ed0f16aa6169fbc8e34697e1f7670b553dfa4cdf89eaff6321991b8","526b6c8a3ed0f16aa6169fbc8e34697e1f7670b553dfa4cdf89eaff6321991b8","YES"
"day01/Code.7z!lvgl_simulator-v8.3/lvgl/src/draw/lv_draw_triangle.h","projects/01-pc-simulator/course/lvgl/src/draw/lv_draw_triangle.h","8b15091f30b4ea62220dd08a60487a1ce688cd58573a51d07a353192f75cbe7c","8b15091f30b4ea62220dd08a60487a1ce688cd58573a51d07a353192f75cbe7c","YES"
"day01/Code.7z!lvgl_simulator-v8.3/lvgl/src/draw/lv_draw.c","projects/01-pc-simulator/course/lvgl/src/draw/lv_draw.c","b61110a739d1cb98aaa78cb414cece155880c22c79f95ae8810d10420ffeb7f0","b61110a739d1cb98aaa78cb414cece155880c22c79f95ae8810d10420ffeb7f0","YES"
"day01/Code.7z!lvgl_simulator-v8.3/lvgl/src/draw/lv_draw.h","projects/01-pc-simulator/course/lvgl/src/draw/lv_draw.h","166be2cf9e87842cafd140476973ee90e6dc8fe05c28b47374c4fe2e1a68ab69","166be2cf9e87842cafd140476973ee90e6dc8fe05c28b47374c4fe2e1a68ab69","YES"
"day01/Code.7z!lvgl_simulator-v8.3/lvgl/src/draw/lv_draw.mk","projects/01-pc-simulator/course/lvgl/src/draw/lv_draw.mk","97094df8a8d22a6bab92827269eb5fb149be99b9fb9d9d919961e2102729f78c","97094df8a8d22a6bab92827269eb5fb149be99b9fb9d9d919961e2102729f78c","YES"
"day01/Code.7z!lvgl_simulator-v8.3/lvgl/src/draw/lv_img_buf.c","projects/01-pc-simulator/course/lvgl/src/draw/lv_img_buf.c","bc4cab4c289d97bf578ac7aaf7ecb0a84d08bcdcf80a8a1327b5a0ef1e287c78","bc4cab4c289d97bf578ac7aaf7ecb0a84d08bcdcf80a8a1327b5a0ef1e287c78","YES"
"day01/Code.7z!lvgl_simulator-v8.3/lvgl/src/draw/lv_img_buf.h","projects/01-pc-simulator/course/lvgl/src/draw/lv_img_buf.h","8c5ad9c669ed42604e2912a00cd0dfd2848fb1ba31dc0f2d9521fc3a9b0c6a68","8c5ad9c669ed42604e2912a00cd0dfd2848fb1ba31dc0f2d9521fc3a9b0c6a68","YES"
"day01/Code.7z!lvgl_simulator-v8.3/lvgl/src/draw/lv_img_cache.c","projects/01-pc-simulator/course/lvgl/src/draw/lv_img_cache.c","da4c953ba6433401ba12f4518cb91cdac27ab8e76df03595f0a2d7a0a116f5e6","da4c953ba6433401ba12f4518cb91cdac27ab8e76df03595f0a2d7a0a116f5e6","YES"
"day01/Code.7z!lvgl_simulator-v8.3/lvgl/src/draw/lv_img_cache.h","projects/01-pc-simulator/course/lvgl/src/draw/lv_img_cache.h","62a6f7c9ca83e9150b9395f6e2a8462ba1fd82f4918f7b1eafe4e0f09bc28601","62a6f7c9ca83e9150b9395f6e2a8462ba1fd82f4918f7b1eafe4e0f09bc28601","YES"
"day01/Code.7z!lvgl_simulator-v8.3/lvgl/src/draw/lv_img_decoder.c","projects/01-pc-simulator/course/lvgl/src/draw/lv_img_decoder.c","087629fcae9af0daf03047f409898758fae38042f2f0334843339fd9056443ff","087629fcae9af0daf03047f409898758fae38042f2f0334843339fd9056443ff","YES"
"day01/Code.7z!lvgl_simulator-v8.3/lvgl/src/draw/lv_img_decoder.h","projects/01-pc-simulator/course/lvgl/src/draw/lv_img_decoder.h","de286d66e79e0f5d5c1efc91d5d14819325f6d2a22e132ed1374b214b1cdd581","de286d66e79e0f5d5c1efc91d5d14819325f6d2a22e132ed1374b214b1cdd581","YES"
"day01/Code.7z!lvgl_simulator-v8.3/lvgl/src/draw/nxp/lv_draw_nxp.mk","projects/01-pc-simulator/course/lvgl/src/draw/nxp/lv_draw_nxp.mk","824549fdabaad7c63dcceb97d10d4e3b8e19dc657d5cf64810e34f0bec93c9bf","824549fdabaad7c63dcceb97d10d4e3b8e19dc657d5cf64810e34f0bec93c9bf","YES"
"day01/Code.7z!lvgl_simulator-v8.3/lvgl/src/draw/nxp/pxp/lv_draw_nxp_pxp.mk","projects/01-pc-simulator/course/lvgl/src/draw/nxp/pxp/lv_draw_nxp_pxp.mk","e06b6830dec86dfec06f99fd2bceb5cfbb82fb489d34e89b0a047d02b9a0d3d0","e06b6830dec86dfec06f99fd2bceb5cfbb82fb489d34e89b0a047d02b9a0d3d0","YES"
"day01/Code.7z!lvgl_simulator-v8.3/lvgl/src/draw/nxp/pxp/lv_draw_pxp_blend.c","projects/01-pc-simulator/course/lvgl/src/draw/nxp/pxp/lv_draw_pxp_blend.c","bbafb88bfbf4730cb35fd833a8598b8fd8db03efe2621ce199fda9ac7d8df87d","bbafb88bfbf4730cb35fd833a8598b8fd8db03efe2621ce199fda9ac7d8df87d","YES"
"day01/Code.7z!lvgl_simulator-v8.3/lvgl/src/draw/nxp/pxp/lv_draw_pxp_blend.h","projects/01-pc-simulator/course/lvgl/src/draw/nxp/pxp/lv_draw_pxp_blend.h","bde413bd13f5ffb9e3ff226e1b87f1e574b252bab9056dab215b599c2706b87c","bde413bd13f5ffb9e3ff226e1b87f1e574b252bab9056dab215b599c2706b87c","YES"
"day01/Code.7z!lvgl_simulator-v8.3/lvgl/src/draw/nxp/pxp/lv_draw_pxp.c","projects/01-pc-simulator/course/lvgl/src/draw/nxp/pxp/lv_draw_pxp.c","eb418004e1247b21b29e535897ccf70eb027fb5d001d40b3a7931c626a8c5538","eb418004e1247b21b29e535897ccf70eb027fb5d001d40b3a7931c626a8c5538","YES"
"day01/Code.7z!lvgl_simulator-v8.3/lvgl/src/draw/nxp/pxp/lv_draw_pxp.h","projects/01-pc-simulator/course/lvgl/src/draw/nxp/pxp/lv_draw_pxp.h","caef182d78db2f3219197d386c33e9ce410ce0bf4a2c8f9d2447f178c76520c0","caef182d78db2f3219197d386c33e9ce410ce0bf4a2c8f9d2447f178c76520c0","YES"
"day01/Code.7z!lvgl_simulator-v8.3/lvgl/src/draw/nxp/pxp/lv_gpu_nxp_pxp_osa.c","projects/01-pc-simulator/course/lvgl/src/draw/nxp/pxp/lv_gpu_nxp_pxp_osa.c","4ed51828655c801a098453c3de5f085a26d98eeda29a169eb4018e0a9f761efb","4ed51828655c801a098453c3de5f085a26d98eeda29a169eb4018e0a9f761efb","YES"
"day01/Code.7z!lvgl_simulator-v8.3/lvgl/src/draw/nxp/pxp/lv_gpu_nxp_pxp_osa.h","projects/01-pc-simulator/course/lvgl/src/draw/nxp/pxp/lv_gpu_nxp_pxp_osa.h","d493a8215852cc899ca7fbf26d0e4fc1384fa35d2eff9ac85713677d2c7bafe9","d493a8215852cc899ca7fbf26d0e4fc1384fa35d2eff9ac85713677d2c7bafe9","YES"
"day01/Code.7z!lvgl_simulator-v8.3/lvgl/src/draw/nxp/pxp/lv_gpu_nxp_pxp.c","projects/01-pc-simulator/course/lvgl/src/draw/nxp/pxp/lv_gpu_nxp_pxp.c","157ed890201853ddbde8d611280293ed5d5f2b16010e8f728349e4750eb706cd","157ed890201853ddbde8d611280293ed5d5f2b16010e8f728349e4750eb706cd","YES"
"day01/Code.7z!lvgl_simulator-v8.3/lvgl/src/draw/nxp/pxp/lv_gpu_nxp_pxp.h","projects/01-pc-simulator/course/lvgl/src/draw/nxp/pxp/lv_gpu_nxp_pxp.h","1d638aa07ab4dca33a8bfd0bdf7fbbd843174944a5349389a9b91d9a7a93c04c","1d638aa07ab4dca33a8bfd0bdf7fbbd843174944a5349389a9b91d9a7a93c04c","YES"
"day01/Code.7z!lvgl_simulator-v8.3/lvgl/src/draw/nxp/vglite/lv_draw_nxp_vglite.mk","projects/01-pc-simulator/course/lvgl/src/draw/nxp/vglite/lv_draw_nxp_vglite.mk","589f252d5dd2b8e97b10195270ebe81da7d3b039b5bde660207ef6bceb29bc5f","589f252d5dd2b8e97b10195270ebe81da7d3b039b5bde660207ef6bceb29bc5f","YES"
"day01/Code.7z!lvgl_simulator-v8.3/lvgl/src/draw/nxp/vglite/lv_draw_vglite_arc.c","projects/01-pc-simulator/course/lvgl/src/draw/nxp/vglite/lv_draw_vglite_arc.c","5c14bc721d48a5675548d7981064015a27ac0e641c1d0cdbd2a303b567bb9cb9","5c14bc721d48a5675548d7981064015a27ac0e641c1d0cdbd2a303b567bb9cb9","YES"
"day01/Code.7z!lvgl_simulator-v8.3/lvgl/src/draw/nxp/vglite/lv_draw_vglite_arc.h","projects/01-pc-simulator/course/lvgl/src/draw/nxp/vglite/lv_draw_vglite_arc.h","6ffea805e831e8b31dcca753b88f95849ac2e18c9e0079144e34cfc9de45bd4e","6ffea805e831e8b31dcca753b88f95849ac2e18c9e0079144e34cfc9de45bd4e","YES"
"day01/Code.7z!lvgl_simulator-v8.3/lvgl/src/draw/nxp/vglite/lv_draw_vglite_blend.c","projects/01-pc-simulator/course/lvgl/src/draw/nxp/vglite/lv_draw_vglite_blend.c","753fbcacb9e2f19294a88959b37c5990df0c6205dc5cc81787bec23410045e01","753fbcacb9e2f19294a88959b37c5990df0c6205dc5cc81787bec23410045e01","YES"
"day01/Code.7z!lvgl_simulator-v8.3/lvgl/src/draw/nxp/vglite/lv_draw_vglite_blend.h","projects/01-pc-simulator/course/lvgl/src/draw/nxp/vglite/lv_draw_vglite_blend.h","8757114959fef3c6c47962d889ba69659c51f2ea7ca509109ba0e2fb1d73bd72","8757114959fef3c6c47962d889ba69659c51f2ea7ca509109ba0e2fb1d73bd72","YES"
"day01/Code.7z!lvgl_simulator-v8.3/lvgl/src/draw/nxp/vglite/lv_draw_vglite_line.c","projects/01-pc-simulator/course/lvgl/src/draw/nxp/vglite/lv_draw_vglite_line.c","9c82647d4ee5557bcb45dac96ea3e193dfdde28700dfe222a47566869f171f62","9c82647d4ee5557bcb45dac96ea3e193dfdde28700dfe222a47566869f171f62","YES"
"day01/Code.7z!lvgl_simulator-v8.3/lvgl/src/draw/nxp/vglite/lv_draw_vglite_line.h","projects/01-pc-simulator/course/lvgl/src/draw/nxp/vglite/lv_draw_vglite_line.h","c6c3f43efd17f8c00d9350af0eb78eaba16a5034b8b9e9ea3d2691c370616393","c6c3f43efd17f8c00d9350af0eb78eaba16a5034b8b9e9ea3d2691c370616393","YES"
"day01/Code.7z!lvgl_simulator-v8.3/lvgl/src/draw/nxp/vglite/lv_draw_vglite_rect.c","projects/01-pc-simulator/course/lvgl/src/draw/nxp/vglite/lv_draw_vglite_rect.c","2084afc5008e8821dcd8b328716b4975525e0fb5d88256cbb6258f6398f74723","2084afc5008e8821dcd8b328716b4975525e0fb5d88256cbb6258f6398f74723","YES"
"day01/Code.7z!lvgl_simulator-v8.3/lvgl/src/draw/nxp/vglite/lv_draw_vglite_rect.h","projects/01-pc-simulator/course/lvgl/src/draw/nxp/vglite/lv_draw_vglite_rect.h","70ec9222e213e6c3303d8a456d59f52bac127f961edf671a4f673616ab188c98","70ec9222e213e6c3303d8a456d59f52bac127f961edf671a4f673616ab188c98","YES"
"day01/Code.7z!lvgl_simulator-v8.3/lvgl/src/draw/nxp/vglite/lv_draw_vglite.c","projects/01-pc-simulator/course/lvgl/src/draw/nxp/vglite/lv_draw_vglite.c","c26ecfef1105ccf03eb9f69557455468377389ada90359bdc90836170bbddec5","c26ecfef1105ccf03eb9f69557455468377389ada90359bdc90836170bbddec5","YES"
"day01/Code.7z!lvgl_simulator-v8.3/lvgl/src/draw/nxp/vglite/lv_draw_vglite.h","projects/01-pc-simulator/course/lvgl/src/draw/nxp/vglite/lv_draw_vglite.h","fde2d0e0f7e83018cbe07e61a348864a32a65bd23d701740ef641a40b841168e","fde2d0e0f7e83018cbe07e61a348864a32a65bd23d701740ef641a40b841168e","YES"
"day01/Code.7z!lvgl_simulator-v8.3/lvgl/src/draw/nxp/vglite/lv_vglite_buf.c","projects/01-pc-simulator/course/lvgl/src/draw/nxp/vglite/lv_vglite_buf.c","a172ea6652490c7d4cd8500c8f224b0e09dbc0ee8594d9cd4ad25dbd584f179b","a172ea6652490c7d4cd8500c8f224b0e09dbc0ee8594d9cd4ad25dbd584f179b","YES"
"day01/Code.7z!lvgl_simulator-v8.3/lvgl/src/draw/nxp/vglite/lv_vglite_buf.h","projects/01-pc-simulator/course/lvgl/src/draw/nxp/vglite/lv_vglite_buf.h","fc86e0009a477ba7af173c2ee5655bc2214930beb6adc35b29db392b1fd12281","fc86e0009a477ba7af173c2ee5655bc2214930beb6adc35b29db392b1fd12281","YES"
"day01/Code.7z!lvgl_simulator-v8.3/lvgl/src/draw/nxp/vglite/lv_vglite_utils.c","projects/01-pc-simulator/course/lvgl/src/draw/nxp/vglite/lv_vglite_utils.c","0415846f33045d96bb1bb7346a9ac3c35370642483eaf1d98c32651a94a254d2","0415846f33045d96bb1bb7346a9ac3c35370642483eaf1d98c32651a94a254d2","YES"
"day01/Code.7z!lvgl_simulator-v8.3/lvgl/src/draw/nxp/vglite/lv_vglite_utils.h","projects/01-pc-simulator/course/lvgl/src/draw/nxp/vglite/lv_vglite_utils.h","c9757af0519527af57e924f717ffb2af4fcbcd3863b49dbae02fb67bff7e3ab2","c9757af0519527af57e924f717ffb2af4fcbcd3863b49dbae02fb67bff7e3ab2","YES"
"day01/Code.7z!lvgl_simulator-v8.3/lvgl/src/draw/renesas/lv_draw_renesas.mk","projects/01-pc-simulator/course/lvgl/src/draw/renesas/lv_draw_renesas.mk","988d3dcc8b0391514bf4c60d3bd6d3e46df0b00d86c6ab330463e83c523bdfbd","988d3dcc8b0391514bf4c60d3bd6d3e46df0b00d86c6ab330463e83c523bdfbd","YES"
"day01/Code.7z!lvgl_simulator-v8.3/lvgl/src/draw/renesas/lv_gpu_d2_draw_label.c","projects/01-pc-simulator/course/lvgl/src/draw/renesas/lv_gpu_d2_draw_label.c","e478b9326ce307778215d4846135e2a1201249da1e1d5a9ed3ff537c6ef46073","e478b9326ce307778215d4846135e2a1201249da1e1d5a9ed3ff537c6ef46073","YES"
"day01/Code.7z!lvgl_simulator-v8.3/lvgl/src/draw/renesas/lv_gpu_d2_ra6m3.c","projects/01-pc-simulator/course/lvgl/src/draw/renesas/lv_gpu_d2_ra6m3.c","33c4a74e2698cfd1fc82e2517320a989d997645a2f03090fa4ef451cd8d28d66","33c4a74e2698cfd1fc82e2517320a989d997645a2f03090fa4ef451cd8d28d66","YES"
"day01/Code.7z!lvgl_simulator-v8.3/lvgl/src/draw/renesas/lv_gpu_d2_ra6m3.h","projects/01-pc-simulator/course/lvgl/src/draw/renesas/lv_gpu_d2_ra6m3.h","ccde417f7ec80b19029b4e86708fda5a1f6ebd4c68a86bfb175f8fe52e88a963","ccde417f7ec80b19029b4e86708fda5a1f6ebd4c68a86bfb175f8fe52e88a963","YES"
"day01/Code.7z!lvgl_simulator-v8.3/lvgl/src/draw/sdl/lv_draw_sdl_arc.c","projects/01-pc-simulator/course/lvgl/src/draw/sdl/lv_draw_sdl_arc.c","6bfb826e996f0e29ef4de370c23683cc92ed7760abf59476c43cdf529f23af84","6bfb826e996f0e29ef4de370c23683cc92ed7760abf59476c43cdf529f23af84","YES"
"day01/Code.7z!lvgl_simulator-v8.3/lvgl/src/draw/sdl/lv_draw_sdl_bg.c","projects/01-pc-simulator/course/lvgl/src/draw/sdl/lv_draw_sdl_bg.c","7c209e0e25ee7b9dc9c9b4b15dc7c9ffc6e1b5140b07dd6791c48fc654d65233","7c209e0e25ee7b9dc9c9b4b15dc7c9ffc6e1b5140b07dd6791c48fc654d65233","YES"
"day01/Code.7z!lvgl_simulator-v8.3/lvgl/src/draw/sdl/lv_draw_sdl_composite.c","projects/01-pc-simulator/course/lvgl/src/draw/sdl/lv_draw_sdl_composite.c","4b33ec3af09371d7283f226fbce6bd4b3f94b77822f867d73256ba1d93731b0a","4b33ec3af09371d7283f226fbce6bd4b3f94b77822f867d73256ba1d93731b0a","YES"
"day01/Code.7z!lvgl_simulator-v8.3/lvgl/src/draw/sdl/lv_draw_sdl_composite.h","projects/01-pc-simulator/course/lvgl/src/draw/sdl/lv_draw_sdl_composite.h","e9d1b425008fddadbcf22bf2def52be1a1a87eaae4ce4651ed88ea3d831997e3","e9d1b425008fddadbcf22bf2def52be1a1a87eaae4ce4651ed88ea3d831997e3","YES"
"day01/Code.7z!lvgl_simulator-v8.3/lvgl/src/draw/sdl/lv_draw_sdl_img.c","projects/01-pc-simulator/course/lvgl/src/draw/sdl/lv_draw_sdl_img.c","369e9fc1cbbfa4a9ca7588af2080ba6366bad24b2c61b506cad9faec1dff5765","369e9fc1cbbfa4a9ca7588af2080ba6366bad24b2c61b506cad9faec1dff5765","YES"
"day01/Code.7z!lvgl_simulator-v8.3/lvgl/src/draw/sdl/lv_draw_sdl_img.h","projects/01-pc-simulator/course/lvgl/src/draw/sdl/lv_draw_sdl_img.h","173d9c90516a79af985dd10f7f44c67405db7cf1b48b275c4dd6a165882895b3","173d9c90516a79af985dd10f7f44c67405db7cf1b48b275c4dd6a165882895b3","YES"
"day01/Code.7z!lvgl_simulator-v8.3/lvgl/src/draw/sdl/lv_draw_sdl_label.c","projects/01-pc-simulator/course/lvgl/src/draw/sdl/lv_draw_sdl_label.c","2bc642b4fc5f6ce8e4d14d2d9d526350af86c748747d7ca876ffe65dcf72c1a1","2bc642b4fc5f6ce8e4d14d2d9d526350af86c748747d7ca876ffe65dcf72c1a1","YES"
"day01/Code.7z!lvgl_simulator-v8.3/lvgl/src/draw/sdl/lv_draw_sdl_layer.c","projects/01-pc-simulator/course/lvgl/src/draw/sdl/lv_draw_sdl_layer.c","2500563005524688a233a017ab6ddb33f564dcd5e24ea0d226fb6170afd3907d","2500563005524688a233a017ab6ddb33f564dcd5e24ea0d226fb6170afd3907d","YES"
"day01/Code.7z!lvgl_simulator-v8.3/lvgl/src/draw/sdl/lv_draw_sdl_layer.h","projects/01-pc-simulator/course/lvgl/src/draw/sdl/lv_draw_sdl_layer.h","7f3bd4fe6ed337bbec597d771579d792bd1740d14b28cdd2a5067825e3ae2a6c","7f3bd4fe6ed337bbec597d771579d792bd1740d14b28cdd2a5067825e3ae2a6c","YES"
"day01/Code.7z!lvgl_simulator-v8.3/lvgl/src/draw/sdl/lv_draw_sdl_line.c","projects/01-pc-simulator/course/lvgl/src/draw/sdl/lv_draw_sdl_line.c","3a3855045b758b717cfaf6578a26dc365ab45edfafd87a2c7da95109f23144bd","3a3855045b758b717cfaf6578a26dc365ab45edfafd87a2c7da95109f23144bd","YES"
"day01/Code.7z!lvgl_simulator-v8.3/lvgl/src/draw/sdl/lv_draw_sdl_mask.c","projects/01-pc-simulator/course/lvgl/src/draw/sdl/lv_draw_sdl_mask.c","506d2c0eaf5dd3ff2405bf9bcf3f4388f71b47d66f1441395040ec33aa6330f1","506d2c0eaf5dd3ff2405bf9bcf3f4388f71b47d66f1441395040ec33aa6330f1","YES"
"day01/Code.7z!lvgl_simulator-v8.3/lvgl/src/draw/sdl/lv_draw_sdl_mask.h","projects/01-pc-simulator/course/lvgl/src/draw/sdl/lv_draw_sdl_mask.h","9f8b35c39bd20328e76e7d139f4de7c6df957164464a2eace63068fdbf3fc3d2","9f8b35c39bd20328e76e7d139f4de7c6df957164464a2eace63068fdbf3fc3d2","YES"
"day01/Code.7z!lvgl_simulator-v8.3/lvgl/src/draw/sdl/lv_draw_sdl_polygon.c","projects/01-pc-simulator/course/lvgl/src/draw/sdl/lv_draw_sdl_polygon.c","96e743fb63c24664245e076abf04be8c3cc7e7b91f066f6df73ec7ce28caf318","96e743fb63c24664245e076abf04be8c3cc7e7b91f066f6df73ec7ce28caf318","YES"
"day01/Code.7z!lvgl_simulator-v8.3/lvgl/src/draw/sdl/lv_draw_sdl_priv.h","projects/01-pc-simulator/course/lvgl/src/draw/sdl/lv_draw_sdl_priv.h","c7098e0462b62002ac807324ce7e4c969b0e5c1bdab3a5eda06b3145aaa00084","c7098e0462b62002ac807324ce7e4c969b0e5c1bdab3a5eda06b3145aaa00084","YES"
"day01/Code.7z!lvgl_simulator-v8.3/lvgl/src/draw/sdl/lv_draw_sdl_rect.c","projects/01-pc-simulator/course/lvgl/src/draw/sdl/lv_draw_sdl_rect.c","8a6b15cffd554d73c8616ba41cc942002f88606daa85325fbeeb1bf08a48f1f8","8a6b15cffd554d73c8616ba41cc942002f88606daa85325fbeeb1bf08a48f1f8","YES"
"day01/Code.7z!lvgl_simulator-v8.3/lvgl/src/draw/sdl/lv_draw_sdl_rect.h","projects/01-pc-simulator/course/lvgl/src/draw/sdl/lv_draw_sdl_rect.h","43575c29be3c48f52f885e07a2e8f8fb621786d3283d592f356fc888af534315","43575c29be3c48f52f885e07a2e8f8fb621786d3283d592f356fc888af534315","YES"
"day01/Code.7z!lvgl_simulator-v8.3/lvgl/src/draw/sdl/lv_draw_sdl_stack_blur.c","projects/01-pc-simulator/course/lvgl/src/draw/sdl/lv_draw_sdl_stack_blur.c","2a865efd7ff84e79a4e49162a9f6deab4f27faab385a16db77a2f5d25236cecd","2a865efd7ff84e79a4e49162a9f6deab4f27faab385a16db77a2f5d25236cecd","YES"
"day01/Code.7z!lvgl_simulator-v8.3/lvgl/src/draw/sdl/lv_draw_sdl_stack_blur.h","projects/01-pc-simulator/course/lvgl/src/draw/sdl/lv_draw_sdl_stack_blur.h","75cf293a98eb520407a6d99286a54c2e6e7511dba4666a92705f9d4a3f4874e9","75cf293a98eb520407a6d99286a54c2e6e7511dba4666a92705f9d4a3f4874e9","YES"
"day01/Code.7z!lvgl_simulator-v8.3/lvgl/src/draw/sdl/lv_draw_sdl_texture_cache.c","projects/01-pc-simulator/course/lvgl/src/draw/sdl/lv_draw_sdl_texture_cache.c","49dd3a2de85ca3fb03a8d497cb6b2c4d87518bf8d1036c548c2c1811db12b30f","49dd3a2de85ca3fb03a8d497cb6b2c4d87518bf8d1036c548c2c1811db12b30f","YES"
"day01/Code.7z!lvgl_simulator-v8.3/lvgl/src/draw/sdl/lv_draw_sdl_texture_cache.h","projects/01-pc-simulator/course/lvgl/src/draw/sdl/lv_draw_sdl_texture_cache.h","97c0d1837dd645aee9b923dcd1809574720221230afe7a41547d462469e33bf6","97c0d1837dd645aee9b923dcd1809574720221230afe7a41547d462469e33bf6","YES"
"day01/Code.7z!lvgl_simulator-v8.3/lvgl/src/draw/sdl/lv_draw_sdl_utils.c","projects/01-pc-simulator/course/lvgl/src/draw/sdl/lv_draw_sdl_utils.c","346a34d5ab88d28e0c01635e727f317d0640307cb090f2b3c472e2e1c45c6190","346a34d5ab88d28e0c01635e727f317d0640307cb090f2b3c472e2e1c45c6190","YES"
"day01/Code.7z!lvgl_simulator-v8.3/lvgl/src/draw/sdl/lv_draw_sdl_utils.h","projects/01-pc-simulator/course/lvgl/src/draw/sdl/lv_draw_sdl_utils.h","d6db836508504bec734855ec540ff40d4f7f0e8b20accc3ddfba76b3b3fd3512","d6db836508504bec734855ec540ff40d4f7f0e8b20accc3ddfba76b3b3fd3512","YES"
"day01/Code.7z!lvgl_simulator-v8.3/lvgl/src/draw/sdl/lv_draw_sdl.c","projects/01-pc-simulator/course/lvgl/src/draw/sdl/lv_draw_sdl.c","c06595a02889829d71dfd0383dea0bc934ce3b612df3ef5da3a76613bab7faf1","c06595a02889829d71dfd0383dea0bc934ce3b612df3ef5da3a76613bab7faf1","YES"
"day01/Code.7z!lvgl_simulator-v8.3/lvgl/src/draw/sdl/lv_draw_sdl.h","projects/01-pc-simulator/course/lvgl/src/draw/sdl/lv_draw_sdl.h","cda99ef7e511dee4d56a2aa932f21542b5629fa54801ea5948b2ba8e419ad9eb","cda99ef7e511dee4d56a2aa932f21542b5629fa54801ea5948b2ba8e419ad9eb","YES"
"day01/Code.7z!lvgl_simulator-v8.3/lvgl/src/draw/sdl/lv_draw_sdl.mk","projects/01-pc-simulator/course/lvgl/src/draw/sdl/lv_draw_sdl.mk","f67fdd79df2e2af986b0fcfb207b56bd4f0028c7fc9a6d2063cd2559548ab764","f67fdd79df2e2af986b0fcfb207b56bd4f0028c7fc9a6d2063cd2559548ab764","YES"
"day01/Code.7z!lvgl_simulator-v8.3/lvgl/src/draw/stm32_dma2d/lv_draw_stm32_dma2d.mk","projects/01-pc-simulator/course/lvgl/src/draw/stm32_dma2d/lv_draw_stm32_dma2d.mk","71fd7b90bd1aaa27e3fe709f8c279e5a0011f94a0d9ebd70a8b472c9734aed05","71fd7b90bd1aaa27e3fe709f8c279e5a0011f94a0d9ebd70a8b472c9734aed05","YES"
"day01/Code.7z!lvgl_simulator-v8.3/lvgl/src/draw/stm32_dma2d/lv_gpu_stm32_dma2d.c","projects/01-pc-simulator/course/lvgl/src/draw/stm32_dma2d/lv_gpu_stm32_dma2d.c","b2a7d551863831c6cc0cdbe3348b2fdb10a506abe352913ca8e7e692eeb7f174","b2a7d551863831c6cc0cdbe3348b2fdb10a506abe352913ca8e7e692eeb7f174","YES"
"day01/Code.7z!lvgl_simulator-v8.3/lvgl/src/draw/stm32_dma2d/lv_gpu_stm32_dma2d.h","projects/01-pc-simulator/course/lvgl/src/draw/stm32_dma2d/lv_gpu_stm32_dma2d.h","06ff991cdd2858639124a56889345c2bae405c65c998cf5e7d779094b721b3a9","06ff991cdd2858639124a56889345c2bae405c65c998cf5e7d779094b721b3a9","YES"
"day01/Code.7z!lvgl_simulator-v8.3/lvgl/src/draw/sw/lv_draw_sw_arc.c","projects/01-pc-simulator/course/lvgl/src/draw/sw/lv_draw_sw_arc.c","a7c089db1ba7be5a79953cfb9b4ef7964ef8e4165ca378a77d547d0da247bc74","a7c089db1ba7be5a79953cfb9b4ef7964ef8e4165ca378a77d547d0da247bc74","YES"
"day01/Code.7z!lvgl_simulator-v8.3/lvgl/src/draw/sw/lv_draw_sw_blend.c","projects/01-pc-simulator/course/lvgl/src/draw/sw/lv_draw_sw_blend.c","6630ad12948872c59fab86d98a391fefa04365c3e9675ebbf0caf15ffd3d5aa0","6630ad12948872c59fab86d98a391fefa04365c3e9675ebbf0caf15ffd3d5aa0","YES"
"day01/Code.7z!lvgl_simulator-v8.3/lvgl/src/draw/sw/lv_draw_sw_blend.h","projects/01-pc-simulator/course/lvgl/src/draw/sw/lv_draw_sw_blend.h","e6a2b8d2d4d34f71f0f20490169b17bb10c70769ac2e503402b2dcf29b1c037c","e6a2b8d2d4d34f71f0f20490169b17bb10c70769ac2e503402b2dcf29b1c037c","YES"
"day01/Code.7z!lvgl_simulator-v8.3/lvgl/src/draw/sw/lv_draw_sw_dither.c","projects/01-pc-simulator/course/lvgl/src/draw/sw/lv_draw_sw_dither.c","453689745ec5e2f4b6cd0ecb936f2dda443a11f512612df73882982f2d91575b","453689745ec5e2f4b6cd0ecb936f2dda443a11f512612df73882982f2d91575b","YES"
"day01/Code.7z!lvgl_simulator-v8.3/lvgl/src/draw/sw/lv_draw_sw_dither.h","projects/01-pc-simulator/course/lvgl/src/draw/sw/lv_draw_sw_dither.h","a2be96cb54779722213cb8d4db541adf1ef3fa2219e9f3c0a83db038dc6ed6de","a2be96cb54779722213cb8d4db541adf1ef3fa2219e9f3c0a83db038dc6ed6de","YES"
"day01/Code.7z!lvgl_simulator-v8.3/lvgl/src/draw/sw/lv_draw_sw_gradient.c","projects/01-pc-simulator/course/lvgl/src/draw/sw/lv_draw_sw_gradient.c","a506df24438293755394a0b397c0fc52b3a37ae376dbb5e405b8a788e3289764","a506df24438293755394a0b397c0fc52b3a37ae376dbb5e405b8a788e3289764","YES"
"day01/Code.7z!lvgl_simulator-v8.3/lvgl/src/draw/sw/lv_draw_sw_gradient.h","projects/01-pc-simulator/course/lvgl/src/draw/sw/lv_draw_sw_gradient.h","b56c4c25009727d76a4b6dff6d8225cd4d6a8e201501471e7b636234b4a9c51c","b56c4c25009727d76a4b6dff6d8225cd4d6a8e201501471e7b636234b4a9c51c","YES"
"day01/Code.7z!lvgl_simulator-v8.3/lvgl/src/draw/sw/lv_draw_sw_img.c","projects/01-pc-simulator/course/lvgl/src/draw/sw/lv_draw_sw_img.c","9051e64b0712db151d468f582b52f26096c943adff5c51846c7ca844ab1fb460","9051e64b0712db151d468f582b52f26096c943adff5c51846c7ca844ab1fb460","YES"
"day01/Code.7z!lvgl_simulator-v8.3/lvgl/src/draw/sw/lv_draw_sw_layer.c","projects/01-pc-simulator/course/lvgl/src/draw/sw/lv_draw_sw_layer.c","b84134d097aab0a5d48c4b2b3a07529ec00d69e54ccace072b20725e81116873","b84134d097aab0a5d48c4b2b3a07529ec00d69e54ccace072b20725e81116873","YES"
"day01/Code.7z!lvgl_simulator-v8.3/lvgl/src/draw/sw/lv_draw_sw_letter.c","projects/01-pc-simulator/course/lvgl/src/draw/sw/lv_draw_sw_letter.c","cfbce658c8e656615725b3398a14986da1f4cd8d894ee1fc5eb186b11dcc240d","cfbce658c8e656615725b3398a14986da1f4cd8d894ee1fc5eb186b11dcc240d","YES"
"day01/Code.7z!lvgl_simulator-v8.3/lvgl/src/draw/sw/lv_draw_sw_line.c","projects/01-pc-simulator/course/lvgl/src/draw/sw/lv_draw_sw_line.c","c4e149084abe7d313e19c53f639f9b6055d75c12cfaacfb4a0064a970a41f269","c4e149084abe7d313e19c53f639f9b6055d75c12cfaacfb4a0064a970a41f269","YES"
"day01/Code.7z!lvgl_simulator-v8.3/lvgl/src/draw/sw/lv_draw_sw_polygon.c","projects/01-pc-simulator/course/lvgl/src/draw/sw/lv_draw_sw_polygon.c","d5f82e860983c33fd1fa85f8fc5748f3dd860170cee105a57e1e28360e84600f","d5f82e860983c33fd1fa85f8fc5748f3dd860170cee105a57e1e28360e84600f","YES"
"day01/Code.7z!lvgl_simulator-v8.3/lvgl/src/draw/sw/lv_draw_sw_rect.c","projects/01-pc-simulator/course/lvgl/src/draw/sw/lv_draw_sw_rect.c","68d4b15a204bd1728fdb7db80b438d893dce5a0635d94845fbf6b0aa292d5a11","68d4b15a204bd1728fdb7db80b438d893dce5a0635d94845fbf6b0aa292d5a11","YES"
"day01/Code.7z!lvgl_simulator-v8.3/lvgl/src/draw/sw/lv_draw_sw_transform.c","projects/01-pc-simulator/course/lvgl/src/draw/sw/lv_draw_sw_transform.c","50ebe91083f174e751890e2633d321a8dc2fce8ff5fbebdee5140f26b747bdda","50ebe91083f174e751890e2633d321a8dc2fce8ff5fbebdee5140f26b747bdda","YES"
"day01/Code.7z!lvgl_simulator-v8.3/lvgl/src/draw/sw/lv_draw_sw.c","projects/01-pc-simulator/course/lvgl/src/draw/sw/lv_draw_sw.c","0b01c44ecde76b2666c58031ebe7608c52deb8ee479e908fd601491d086227e5","0b01c44ecde76b2666c58031ebe7608c52deb8ee479e908fd601491d086227e5","YES"
"day01/Code.7z!lvgl_simulator-v8.3/lvgl/src/draw/sw/lv_draw_sw.h","projects/01-pc-simulator/course/lvgl/src/draw/sw/lv_draw_sw.h","901dc548560ba4b9cc1863af72047f60589f1b49db28401e13e5fc637c049b93","901dc548560ba4b9cc1863af72047f60589f1b49db28401e13e5fc637c049b93","YES"
"day01/Code.7z!lvgl_simulator-v8.3/lvgl/src/draw/sw/lv_draw_sw.mk","projects/01-pc-simulator/course/lvgl/src/draw/sw/lv_draw_sw.mk","e48edb802420ea352ded29e9aaaaa2fa5d8d4e02c5bacd024902551b711e2708","e48edb802420ea352ded29e9aaaaa2fa5d8d4e02c5bacd024902551b711e2708","YES"
"day01/Code.7z!lvgl_simulator-v8.3/lvgl/src/draw/swm341_dma2d/lv_draw_swm341_dma2d.mk","projects/01-pc-simulator/course/lvgl/src/draw/swm341_dma2d/lv_draw_swm341_dma2d.mk","331ff1ff6500ed0f9c0df14a6574504d7585146327a601269a65e4f28e0ce832","331ff1ff6500ed0f9c0df14a6574504d7585146327a601269a65e4f28e0ce832","YES"
"day01/Code.7z!lvgl_simulator-v8.3/lvgl/src/draw/swm341_dma2d/lv_gpu_swm341_dma2d.c","projects/01-pc-simulator/course/lvgl/src/draw/swm341_dma2d/lv_gpu_swm341_dma2d.c","cfe9306e76e11bd74edf189c9422c5bf71c5ff90d8216acff669070d11ceb00d","cfe9306e76e11bd74edf189c9422c5bf71c5ff90d8216acff669070d11ceb00d","YES"
"day01/Code.7z!lvgl_simulator-v8.3/lvgl/src/draw/swm341_dma2d/lv_gpu_swm341_dma2d.h","projects/01-pc-simulator/course/lvgl/src/draw/swm341_dma2d/lv_gpu_swm341_dma2d.h","19c718c6c3fc9efa2d445976a76dbecffd8867fbe126298c7d3f150c5d098177","19c718c6c3fc9efa2d445976a76dbecffd8867fbe126298c7d3f150c5d098177","YES"
"day01/Code.7z!lvgl_simulator-v8.3/lvgl/src/extra/layouts/flex/lv_flex.c","projects/01-pc-simulator/course/lvgl/src/extra/layouts/flex/lv_flex.c","11bd327e13597d97f1af31f1b105100e925a9fcfaeb33e512ed2c75a6fab308b","11bd327e13597d97f1af31f1b105100e925a9fcfaeb33e512ed2c75a6fab308b","YES"
"day01/Code.7z!lvgl_simulator-v8.3/lvgl/src/extra/layouts/flex/lv_flex.h","projects/01-pc-simulator/course/lvgl/src/extra/layouts/flex/lv_flex.h","defd8f8803a7817942ad59b83dca2371d659316e275cf0b6c5fc31df6ae72db6","defd8f8803a7817942ad59b83dca2371d659316e275cf0b6c5fc31df6ae72db6","YES"
"day01/Code.7z!lvgl_simulator-v8.3/lvgl/src/extra/layouts/grid/lv_grid.c","projects/01-pc-simulator/course/lvgl/src/extra/layouts/grid/lv_grid.c","f8c1e2d467e3bb77f5e15b9329c8814162d6d89787d9c0ee3babf2c87025a871","f8c1e2d467e3bb77f5e15b9329c8814162d6d89787d9c0ee3babf2c87025a871","YES"
"day01/Code.7z!lvgl_simulator-v8.3/lvgl/src/extra/layouts/grid/lv_grid.h","projects/01-pc-simulator/course/lvgl/src/extra/layouts/grid/lv_grid.h","1ed694b99f753795e9a590b6446440ececbc7b04a69f9513b8eedccbd1ad8428","1ed694b99f753795e9a590b6446440ececbc7b04a69f9513b8eedccbd1ad8428","YES"
"day01/Code.7z!lvgl_simulator-v8.3/lvgl/src/extra/layouts/lv_layouts.h","projects/01-pc-simulator/course/lvgl/src/extra/layouts/lv_layouts.h","40ddc25a10a4bed4109f56135b56b68feccc177a78342bf7f8fee0aaa5b3c804","40ddc25a10a4bed4109f56135b56b68feccc177a78342bf7f8fee0aaa5b3c804","YES"
"day01/Code.7z!lvgl_simulator-v8.3/lvgl/src/extra/libs/bmp/lv_bmp.c","projects/01-pc-simulator/course/lvgl/src/extra/libs/bmp/lv_bmp.c","bfbb967b8ff661dcdd27251f6d42943bd02475a29663e99bcc74a6be21fc04e6","bfbb967b8ff661dcdd27251f6d42943bd02475a29663e99bcc74a6be21fc04e6","YES"
"day01/Code.7z!lvgl_simulator-v8.3/lvgl/src/extra/libs/bmp/lv_bmp.h","projects/01-pc-simulator/course/lvgl/src/extra/libs/bmp/lv_bmp.h","8356654bae055bea9ab4b8ef0408aa93bcae4423fc585029dd2ff50a887e2154","8356654bae055bea9ab4b8ef0408aa93bcae4423fc585029dd2ff50a887e2154","YES"
"day01/Code.7z!lvgl_simulator-v8.3/lvgl/src/extra/libs/ffmpeg/lv_ffmpeg.c","projects/01-pc-simulator/course/lvgl/src/extra/libs/ffmpeg/lv_ffmpeg.c","41be65484d85f87053c0c31e51082973e99e51dc39b210637547b66377a05d26","41be65484d85f87053c0c31e51082973e99e51dc39b210637547b66377a05d26","YES"
"day01/Code.7z!lvgl_simulator-v8.3/lvgl/src/extra/libs/ffmpeg/lv_ffmpeg.h","projects/01-pc-simulator/course/lvgl/src/extra/libs/ffmpeg/lv_ffmpeg.h","a0e6972d63deefb35ff309dbfebc27a6a12c3329c19c9f5f9f4968f78bf7d149","a0e6972d63deefb35ff309dbfebc27a6a12c3329c19c9f5f9f4968f78bf7d149","YES"
"day01/Code.7z!lvgl_simulator-v8.3/lvgl/src/extra/libs/freetype/lv_freetype.c","projects/01-pc-simulator/course/lvgl/src/extra/libs/freetype/lv_freetype.c","d6787432256d425bd2d2db12ab64b364deaa37d965bb89026435ecb07abea971","d6787432256d425bd2d2db12ab64b364deaa37d965bb89026435ecb07abea971","YES"
"day01/Code.7z!lvgl_simulator-v8.3/lvgl/src/extra/libs/freetype/lv_freetype.h","projects/01-pc-simulator/course/lvgl/src/extra/libs/freetype/lv_freetype.h","b3426c118996f1567abc652c1f2ce4d9ac225415c6dbc2eab0115afd8a6386e8","b3426c118996f1567abc652c1f2ce4d9ac225415c6dbc2eab0115afd8a6386e8","YES"
"day01/Code.7z!lvgl_simulator-v8.3/lvgl/src/extra/libs/fsdrv/lv_fs_fatfs.c","projects/01-pc-simulator/course/lvgl/src/extra/libs/fsdrv/lv_fs_fatfs.c","b9ce0ee2c0ff22c8dec159c805d44a44929b42ab251eba30ad429719780134bf","b9ce0ee2c0ff22c8dec159c805d44a44929b42ab251eba30ad429719780134bf","YES"
"day01/Code.7z!lvgl_simulator-v8.3/lvgl/src/extra/libs/fsdrv/lv_fs_littlefs.c","projects/01-pc-simulator/course/lvgl/src/extra/libs/fsdrv/lv_fs_littlefs.c","e414048fd02add6714a5f7872de3d2c0c94db2bb5a9f152960c558fbc2546a18","e414048fd02add6714a5f7872de3d2c0c94db2bb5a9f152960c558fbc2546a18","YES"
"day01/Code.7z!lvgl_simulator-v8.3/lvgl/src/extra/libs/fsdrv/lv_fs_posix.c","projects/01-pc-simulator/course/lvgl/src/extra/libs/fsdrv/lv_fs_posix.c","07824f65131541bb04e6a0a2b9e37824ac3f515b7db873be2b31fd38661e9e6e","07824f65131541bb04e6a0a2b9e37824ac3f515b7db873be2b31fd38661e9e6e","YES"
"day01/Code.7z!lvgl_simulator-v8.3/lvgl/src/extra/libs/fsdrv/lv_fs_stdio.c","projects/01-pc-simulator/course/lvgl/src/extra/libs/fsdrv/lv_fs_stdio.c","ecd2347a73650b3bc144734dabc8e3d037cf80134853b14bd0f70c472343b8ea","ecd2347a73650b3bc144734dabc8e3d037cf80134853b14bd0f70c472343b8ea","YES"
"day01/Code.7z!lvgl_simulator-v8.3/lvgl/src/extra/libs/fsdrv/lv_fs_win32.c","projects/01-pc-simulator/course/lvgl/src/extra/libs/fsdrv/lv_fs_win32.c","c9d088f495841cd52861ad563867723761b8375986e1ffbf192a274c6587d321","c9d088f495841cd52861ad563867723761b8375986e1ffbf192a274c6587d321","YES"
"day01/Code.7z!lvgl_simulator-v8.3/lvgl/src/extra/libs/fsdrv/lv_fsdrv.h","projects/01-pc-simulator/course/lvgl/src/extra/libs/fsdrv/lv_fsdrv.h","7cb90afe7cfceb610c6579faffa3f49ab7353b8975e5a181af894deb50fd879f","7cb90afe7cfceb610c6579faffa3f49ab7353b8975e5a181af894deb50fd879f","YES"
"day01/Code.7z!lvgl_simulator-v8.3/lvgl/src/extra/libs/gif/gifdec.c","projects/01-pc-simulator/course/lvgl/src/extra/libs/gif/gifdec.c","79a6e6db19855b86394b5d44a98208f834aa8713b0ea7f3a1cc89c88936a54e6","79a6e6db19855b86394b5d44a98208f834aa8713b0ea7f3a1cc89c88936a54e6","YES"
"day01/Code.7z!lvgl_simulator-v8.3/lvgl/src/extra/libs/gif/gifdec.h","projects/01-pc-simulator/course/lvgl/src/extra/libs/gif/gifdec.h","3cea320ff7ef0a2d3f4c380e2bf3d2457b27aac00d6f28b7446ba5e42da26311","3cea320ff7ef0a2d3f4c380e2bf3d2457b27aac00d6f28b7446ba5e42da26311","YES"
"day01/Code.7z!lvgl_simulator-v8.3/lvgl/src/extra/libs/gif/lv_gif.c","projects/01-pc-simulator/course/lvgl/src/extra/libs/gif/lv_gif.c","42e40dd959546bd6ffc0a626e14b3e84fc373f1f8bc9adecc90896fd24f52c27","42e40dd959546bd6ffc0a626e14b3e84fc373f1f8bc9adecc90896fd24f52c27","YES"
"day01/Code.7z!lvgl_simulator-v8.3/lvgl/src/extra/libs/gif/lv_gif.h","projects/01-pc-simulator/course/lvgl/src/extra/libs/gif/lv_gif.h","3a03cc3b17e8874b7cc76054e8bc7d6d7f6ac89df02ee85db800cd6dc9463a91","3a03cc3b17e8874b7cc76054e8bc7d6d7f6ac89df02ee85db800cd6dc9463a91","YES"
"day01/Code.7z!lvgl_simulator-v8.3/lvgl/src/extra/libs/lv_libs.h","projects/01-pc-simulator/course/lvgl/src/extra/libs/lv_libs.h","4659754ae011ea460e2198fc3a5d1245a082e12450da170916a466953d240c8e","4659754ae011ea460e2198fc3a5d1245a082e12450da170916a466953d240c8e","YES"
"day01/Code.7z!lvgl_simulator-v8.3/lvgl/src/extra/libs/png/lodepng.c","projects/01-pc-simulator/course/lvgl/src/extra/libs/png/lodepng.c","30e81965693f904bf02ffc8a4f000632d8d59bffec0c88e52090ad85534daf2f","30e81965693f904bf02ffc8a4f000632d8d59bffec0c88e52090ad85534daf2f","YES"
"day01/Code.7z!lvgl_simulator-v8.3/lvgl/src/extra/libs/png/lodepng.h","projects/01-pc-simulator/course/lvgl/src/extra/libs/png/lodepng.h","35d980fde4725566bda493e9e358588b96e27ad17b768b2b4f8c3345c0e2dd24","35d980fde4725566bda493e9e358588b96e27ad17b768b2b4f8c3345c0e2dd24","YES"
"day01/Code.7z!lvgl_simulator-v8.3/lvgl/src/extra/libs/png/lv_png.c","projects/01-pc-simulator/course/lvgl/src/extra/libs/png/lv_png.c","9526fde96d995d4748ba67119c947a97173b6c086ef83049e9438f38fc80deca","9526fde96d995d4748ba67119c947a97173b6c086ef83049e9438f38fc80deca","YES"
"day01/Code.7z!lvgl_simulator-v8.3/lvgl/src/extra/libs/png/lv_png.h","projects/01-pc-simulator/course/lvgl/src/extra/libs/png/lv_png.h","b1462d8d3733e56f6a5563fbad4bec3eeedd2fec8c8307361cb1b79a32d1245e","b1462d8d3733e56f6a5563fbad4bec3eeedd2fec8c8307361cb1b79a32d1245e","YES"
"day01/Code.7z!lvgl_simulator-v8.3/lvgl/src/extra/libs/qrcode/lv_qrcode.c","projects/01-pc-simulator/course/lvgl/src/extra/libs/qrcode/lv_qrcode.c","0072fc8659d08b305621c41eafdb619cf3ebedb741a61826e8720fc61f091e71","0072fc8659d08b305621c41eafdb619cf3ebedb741a61826e8720fc61f091e71","YES"
"day01/Code.7z!lvgl_simulator-v8.3/lvgl/src/extra/libs/qrcode/lv_qrcode.h","projects/01-pc-simulator/course/lvgl/src/extra/libs/qrcode/lv_qrcode.h","0691418fc476fd815dac61f2194d6a9cce9db95b6fa0d57828e4319884d263a5","0691418fc476fd815dac61f2194d6a9cce9db95b6fa0d57828e4319884d263a5","YES"
"day01/Code.7z!lvgl_simulator-v8.3/lvgl/src/extra/libs/qrcode/qrcodegen.c","projects/01-pc-simulator/course/lvgl/src/extra/libs/qrcode/qrcodegen.c","9f1f23b8f800784740da16b9fff08ad0b75072dedb00caed2ae0d4475419cd34","9f1f23b8f800784740da16b9fff08ad0b75072dedb00caed2ae0d4475419cd34","YES"
"day01/Code.7z!lvgl_simulator-v8.3/lvgl/src/extra/libs/qrcode/qrcodegen.h","projects/01-pc-simulator/course/lvgl/src/extra/libs/qrcode/qrcodegen.h","aae0f724eda6c4dec74804b66f35d03d256f25e19cdb1411db94398754dd466c","aae0f724eda6c4dec74804b66f35d03d256f25e19cdb1411db94398754dd466c","YES"
"day01/Code.7z!lvgl_simulator-v8.3/lvgl/src/extra/libs/rlottie/lv_rlottie.c","projects/01-pc-simulator/course/lvgl/src/extra/libs/rlottie/lv_rlottie.c","f222fd9c248699d8fa3a1a5147b50650482c7369af14ead7190cbdc836d393ab","f222fd9c248699d8fa3a1a5147b50650482c7369af14ead7190cbdc836d393ab","YES"
"day01/Code.7z!lvgl_simulator-v8.3/lvgl/src/extra/libs/rlottie/lv_rlottie.h","projects/01-pc-simulator/course/lvgl/src/extra/libs/rlottie/lv_rlottie.h","97411dd1108d2cd293d024338497ea8fb48841131ddcfb56ec16d424831ecfe6","97411dd1108d2cd293d024338497ea8fb48841131ddcfb56ec16d424831ecfe6","YES"
"day01/Code.7z!lvgl_simulator-v8.3/lvgl/src/extra/libs/sjpg/lv_sjpg.c","projects/01-pc-simulator/course/lvgl/src/extra/libs/sjpg/lv_sjpg.c","38ac78e34755c284a540b41874bfdb320adab84bcadd2683b390443e2f02fefa","38ac78e34755c284a540b41874bfdb320adab84bcadd2683b390443e2f02fefa","YES"
"day01/Code.7z!lvgl_simulator-v8.3/lvgl/src/extra/libs/sjpg/lv_sjpg.h","projects/01-pc-simulator/course/lvgl/src/extra/libs/sjpg/lv_sjpg.h","b0806c7f350bca0a313f40b23ef48557086ab634ae4ec68b487f013f23c5da49","b0806c7f350bca0a313f40b23ef48557086ab634ae4ec68b487f013f23c5da49","YES"
"day01/Code.7z!lvgl_simulator-v8.3/lvgl/src/extra/libs/sjpg/tjpgd.c","projects/01-pc-simulator/course/lvgl/src/extra/libs/sjpg/tjpgd.c","a7f81e1292919d2055afad873afd878a6114fc73ee54feafbea2498045cbe30a","a7f81e1292919d2055afad873afd878a6114fc73ee54feafbea2498045cbe30a","YES"
"day01/Code.7z!lvgl_simulator-v8.3/lvgl/src/extra/libs/sjpg/tjpgd.h","projects/01-pc-simulator/course/lvgl/src/extra/libs/sjpg/tjpgd.h","4ca94b17864633b93cf21b1ab7585b484f5979ba4a6299cff7fa64f7322e9a77","4ca94b17864633b93cf21b1ab7585b484f5979ba4a6299cff7fa64f7322e9a77","YES"
"day01/Code.7z!lvgl_simulator-v8.3/lvgl/src/extra/libs/sjpg/tjpgdcnf.h","projects/01-pc-simulator/course/lvgl/src/extra/libs/sjpg/tjpgdcnf.h","59d5a581fd37b195eef562cc0599ee2d253b146dbef0b3cbccf897b7c560775b","59d5a581fd37b195eef562cc0599ee2d253b146dbef0b3cbccf897b7c560775b","YES"
"day01/Code.7z!lvgl_simulator-v8.3/lvgl/src/extra/libs/tiny_ttf/lv_tiny_ttf.c","projects/01-pc-simulator/course/lvgl/src/extra/libs/tiny_ttf/lv_tiny_ttf.c","71eebe2086b00575e1a69df44860e50665d02c6ef61baffcc7f4f5b511920f30","71eebe2086b00575e1a69df44860e50665d02c6ef61baffcc7f4f5b511920f30","YES"
"day01/Code.7z!lvgl_simulator-v8.3/lvgl/src/extra/libs/tiny_ttf/lv_tiny_ttf.h","projects/01-pc-simulator/course/lvgl/src/extra/libs/tiny_ttf/lv_tiny_ttf.h","ea35337ac50f6d4d818f1975e7ada8c13f76eb1d9003ea748dffb7d9406db8f4","ea35337ac50f6d4d818f1975e7ada8c13f76eb1d9003ea748dffb7d9406db8f4","YES"
"day01/Code.7z!lvgl_simulator-v8.3/lvgl/src/extra/libs/tiny_ttf/stb_rect_pack.h","projects/01-pc-simulator/course/lvgl/src/extra/libs/tiny_ttf/stb_rect_pack.h","98c2f56eb77cb7c730454c911921c8fc9e55134774c6170ea6e9673263fa2184","98c2f56eb77cb7c730454c911921c8fc9e55134774c6170ea6e9673263fa2184","YES"
"day01/Code.7z!lvgl_simulator-v8.3/lvgl/src/extra/libs/tiny_ttf/stb_truetype_htcw.h","projects/01-pc-simulator/course/lvgl/src/extra/libs/tiny_ttf/stb_truetype_htcw.h","cf830b1a82af430b2ba780640615ff57eb0763e6a43332925bc961147a0c6735","cf830b1a82af430b2ba780640615ff57eb0763e6a43332925bc961147a0c6735","YES"
"day01/Code.7z!lvgl_simulator-v8.3/lvgl/src/extra/lv_extra.c","projects/01-pc-simulator/course/lvgl/src/extra/lv_extra.c","63a0105ee636b067024c6e087d32775afc8f25422ae2a5a52b92387f7c7ae29a","63a0105ee636b067024c6e087d32775afc8f25422ae2a5a52b92387f7c7ae29a","YES"
"day01/Code.7z!lvgl_simulator-v8.3/lvgl/src/extra/lv_extra.h","projects/01-pc-simulator/course/lvgl/src/extra/lv_extra.h","080683f4a3a538f42f61d4cb8725f4d9515ed08a7d1314c3be63dbad355dede4","080683f4a3a538f42f61d4cb8725f4d9515ed08a7d1314c3be63dbad355dede4","YES"
"day01/Code.7z!lvgl_simulator-v8.3/lvgl/src/extra/lv_extra.mk","projects/01-pc-simulator/course/lvgl/src/extra/lv_extra.mk","3dcaa09e7af31a8214f6a13158bf3d6f6169beaf32478d021598d4ecb9cc8876","3dcaa09e7af31a8214f6a13158bf3d6f6169beaf32478d021598d4ecb9cc8876","YES"
"day01/Code.7z!lvgl_simulator-v8.3/lvgl/src/extra/others/fragment/lv_fragment_manager.c","projects/01-pc-simulator/course/lvgl/src/extra/others/fragment/lv_fragment_manager.c","e95d08e3e0a9433153d22d959d8f66bc8fa9e48cb438af1ea0ca980412608fd3","e95d08e3e0a9433153d22d959d8f66bc8fa9e48cb438af1ea0ca980412608fd3","YES"
"day01/Code.7z!lvgl_simulator-v8.3/lvgl/src/extra/others/fragment/lv_fragment.c","projects/01-pc-simulator/course/lvgl/src/extra/others/fragment/lv_fragment.c","74122af380487b3010bae82057e191324b379ad87372ecb594e228e57801967a","74122af380487b3010bae82057e191324b379ad87372ecb594e228e57801967a","YES"
"day01/Code.7z!lvgl_simulator-v8.3/lvgl/src/extra/others/fragment/lv_fragment.h","projects/01-pc-simulator/course/lvgl/src/extra/others/fragment/lv_fragment.h","71d03ad89f4b244ee23ec9eb46428b6711c52b142ef7dbd1419869d19a47951a","71d03ad89f4b244ee23ec9eb46428b6711c52b142ef7dbd1419869d19a47951a","YES"
"day01/Code.7z!lvgl_simulator-v8.3/lvgl/src/extra/others/gridnav/lv_gridnav.c","projects/01-pc-simulator/course/lvgl/src/extra/others/gridnav/lv_gridnav.c","eeff92c5f0f79263954ac5397a67521f66372369e431981b16c874c15e6433a1","eeff92c5f0f79263954ac5397a67521f66372369e431981b16c874c15e6433a1","YES"
"day01/Code.7z!lvgl_simulator-v8.3/lvgl/src/extra/others/gridnav/lv_gridnav.h","projects/01-pc-simulator/course/lvgl/src/extra/others/gridnav/lv_gridnav.h","02b71a9d23ee3b01382b879310fbfff4bdfa8db27fb97548b7eaa7acbae14a26","02b71a9d23ee3b01382b879310fbfff4bdfa8db27fb97548b7eaa7acbae14a26","YES"
"day01/Code.7z!lvgl_simulator-v8.3/lvgl/src/extra/others/ime/lv_ime_pinyin.c","projects/01-pc-simulator/course/lvgl/src/extra/others/ime/lv_ime_pinyin.c","e8a000364115c79450b315d24d5b89dd95383ec2420cb132f2d2d39a4be96985","e8a000364115c79450b315d24d5b89dd95383ec2420cb132f2d2d39a4be96985","YES"
"day01/Code.7z!lvgl_simulator-v8.3/lvgl/src/extra/others/ime/lv_ime_pinyin.h","projects/01-pc-simulator/course/lvgl/src/extra/others/ime/lv_ime_pinyin.h","3f80e68a3485b08fdd66b779c988767d2810992d0b618556a6529df5d67ec294","3f80e68a3485b08fdd66b779c988767d2810992d0b618556a6529df5d67ec294","YES"
"day01/Code.7z!lvgl_simulator-v8.3/lvgl/src/extra/others/imgfont/lv_imgfont.c","projects/01-pc-simulator/course/lvgl/src/extra/others/imgfont/lv_imgfont.c","5aa882a7043fbe4e3415bffbd1ccf284544eb76aee16381d03308bd52223180c","5aa882a7043fbe4e3415bffbd1ccf284544eb76aee16381d03308bd52223180c","YES"
"day01/Code.7z!lvgl_simulator-v8.3/lvgl/src/extra/others/imgfont/lv_imgfont.h","projects/01-pc-simulator/course/lvgl/src/extra/others/imgfont/lv_imgfont.h","902b04d0fad3a2caa8b0b60bf4827afa1ae3712273f38b696fbc3384318601d6","902b04d0fad3a2caa8b0b60bf4827afa1ae3712273f38b696fbc3384318601d6","YES"
"day01/Code.7z!lvgl_simulator-v8.3/lvgl/src/extra/others/lv_others.h","projects/01-pc-simulator/course/lvgl/src/extra/others/lv_others.h","c522dadef814b8b6ce02f36bd8bd0a4bbeff54dc2b5f88f7ed4700289a4a7e9f","c522dadef814b8b6ce02f36bd8bd0a4bbeff54dc2b5f88f7ed4700289a4a7e9f","YES"
"day01/Code.7z!lvgl_simulator-v8.3/lvgl/src/extra/others/monkey/lv_monkey.c","projects/01-pc-simulator/course/lvgl/src/extra/others/monkey/lv_monkey.c","33ba8f015b70d65d9220b2bde913870567b097077cd34c14801d3e6429c48308","33ba8f015b70d65d9220b2bde913870567b097077cd34c14801d3e6429c48308","YES"
"day01/Code.7z!lvgl_simulator-v8.3/lvgl/src/extra/others/monkey/lv_monkey.h","projects/01-pc-simulator/course/lvgl/src/extra/others/monkey/lv_monkey.h","9d43c46ed15f4d867da5ba4b1896a245e33701d3190aa801d673ee7c077dedea","9d43c46ed15f4d867da5ba4b1896a245e33701d3190aa801d673ee7c077dedea","YES"
"day01/Code.7z!lvgl_simulator-v8.3/lvgl/src/extra/others/msg/lv_msg.c","projects/01-pc-simulator/course/lvgl/src/extra/others/msg/lv_msg.c","e0ba67531a7b62b093f2f7a7921301b89ba59086aef9a89b6ada05bc0b2352b7","e0ba67531a7b62b093f2f7a7921301b89ba59086aef9a89b6ada05bc0b2352b7","YES"
"day01/Code.7z!lvgl_simulator-v8.3/lvgl/src/extra/others/msg/lv_msg.h","projects/01-pc-simulator/course/lvgl/src/extra/others/msg/lv_msg.h","3c227d6004650ef7effe436073294dbc9df3c3db9a2c460c2b1d7f3e3af7ea6d","3c227d6004650ef7effe436073294dbc9df3c3db9a2c460c2b1d7f3e3af7ea6d","YES"
"day01/Code.7z!lvgl_simulator-v8.3/lvgl/src/extra/others/snapshot/lv_snapshot.c","projects/01-pc-simulator/course/lvgl/src/extra/others/snapshot/lv_snapshot.c","4707d03e7bd78d58134143b1183ab0efd51712698b48e211bf9e00e4d291da28","4707d03e7bd78d58134143b1183ab0efd51712698b48e211bf9e00e4d291da28","YES"
"day01/Code.7z!lvgl_simulator-v8.3/lvgl/src/extra/others/snapshot/lv_snapshot.h","projects/01-pc-simulator/course/lvgl/src/extra/others/snapshot/lv_snapshot.h","baf03068e2eb3016b41d2e6e1f87750865473553d19c8e9f293b3d3bda56c998","baf03068e2eb3016b41d2e6e1f87750865473553d19c8e9f293b3d3bda56c998","YES"
"day01/Code.7z!lvgl_simulator-v8.3/lvgl/src/extra/themes/basic/lv_theme_basic.c","projects/01-pc-simulator/course/lvgl/src/extra/themes/basic/lv_theme_basic.c","d32abf10a164c13f9e3610f26024d9b7cbbeb73468726f3855e0c7b3ddd94d76","d32abf10a164c13f9e3610f26024d9b7cbbeb73468726f3855e0c7b3ddd94d76","YES"
"day01/Code.7z!lvgl_simulator-v8.3/lvgl/src/extra/themes/basic/lv_theme_basic.h","projects/01-pc-simulator/course/lvgl/src/extra/themes/basic/lv_theme_basic.h","22324fd976d2f7cdce7eaf013d6aecd3b64411880d3fec06de5141fac9156ab2","22324fd976d2f7cdce7eaf013d6aecd3b64411880d3fec06de5141fac9156ab2","YES"
"day01/Code.7z!lvgl_simulator-v8.3/lvgl/src/extra/themes/default/lv_theme_default.c","projects/01-pc-simulator/course/lvgl/src/extra/themes/default/lv_theme_default.c","615e6c961814a7aa93fd45333a9c1eac9d921e3eff3a73344755495d2fdc8d50","615e6c961814a7aa93fd45333a9c1eac9d921e3eff3a73344755495d2fdc8d50","YES"
"day01/Code.7z!lvgl_simulator-v8.3/lvgl/src/extra/themes/default/lv_theme_default.h","projects/01-pc-simulator/course/lvgl/src/extra/themes/default/lv_theme_default.h","0a37f03ce292fb41a6d9494ac08533fe96c92d896990bb5d924b1f1fae645a76","0a37f03ce292fb41a6d9494ac08533fe96c92d896990bb5d924b1f1fae645a76","YES"
"day01/Code.7z!lvgl_simulator-v8.3/lvgl/src/extra/themes/lv_themes.h","projects/01-pc-simulator/course/lvgl/src/extra/themes/lv_themes.h","816cc45e064bc5b828b1f97a2be8b04558c7b2fd44bd243b6b9a29cc74bc3ec3","816cc45e064bc5b828b1f97a2be8b04558c7b2fd44bd243b6b9a29cc74bc3ec3","YES"
"day01/Code.7z!lvgl_simulator-v8.3/lvgl/src/extra/themes/mono/lv_theme_mono.c","projects/01-pc-simulator/course/lvgl/src/extra/themes/mono/lv_theme_mono.c","a0346d163a48f28e66be72e118c05fe9cd9f692ec01190740005443e4882d24e","a0346d163a48f28e66be72e118c05fe9cd9f692ec01190740005443e4882d24e","YES"
"day01/Code.7z!lvgl_simulator-v8.3/lvgl/src/extra/themes/mono/lv_theme_mono.h","projects/01-pc-simulator/course/lvgl/src/extra/themes/mono/lv_theme_mono.h","a60ad7fe77b385c303c97b99a2b88c54624cac82e73bf59ad337a3a3f0f730bc","a60ad7fe77b385c303c97b99a2b88c54624cac82e73bf59ad337a3a3f0f730bc","YES"
"day01/Code.7z!lvgl_simulator-v8.3/lvgl/src/extra/widgets/animimg/lv_animimg.c","projects/01-pc-simulator/course/lvgl/src/extra/widgets/animimg/lv_animimg.c","1868187f621163969c5c508d5b08a92f17cacaf25460208d29540ceaad39be98","1868187f621163969c5c508d5b08a92f17cacaf25460208d29540ceaad39be98","YES"
"day01/Code.7z!lvgl_simulator-v8.3/lvgl/src/extra/widgets/animimg/lv_animimg.h","projects/01-pc-simulator/course/lvgl/src/extra/widgets/animimg/lv_animimg.h","f41fd2d0913bb7843b8b0d1cdf640257b2a54f7d4dd593e8fa0a551d3efbb32d","f41fd2d0913bb7843b8b0d1cdf640257b2a54f7d4dd593e8fa0a551d3efbb32d","YES"
"day01/Code.7z!lvgl_simulator-v8.3/lvgl/src/extra/widgets/calendar/lv_calendar_header_arrow.c","projects/01-pc-simulator/course/lvgl/src/extra/widgets/calendar/lv_calendar_header_arrow.c","44f67da3a84e8521d893768c853cb8ccd02ccd32893171bdd50f0c74d66451d1","44f67da3a84e8521d893768c853cb8ccd02ccd32893171bdd50f0c74d66451d1","YES"
"day01/Code.7z!lvgl_simulator-v8.3/lvgl/src/extra/widgets/calendar/lv_calendar_header_arrow.h","projects/01-pc-simulator/course/lvgl/src/extra/widgets/calendar/lv_calendar_header_arrow.h","bd131ba8a4660c2a07b87342625beb09c183f3f8e5956dea849ccc60113cf0dd","bd131ba8a4660c2a07b87342625beb09c183f3f8e5956dea849ccc60113cf0dd","YES"
"day01/Code.7z!lvgl_simulator-v8.3/lvgl/src/extra/widgets/calendar/lv_calendar_header_dropdown.c","projects/01-pc-simulator/course/lvgl/src/extra/widgets/calendar/lv_calendar_header_dropdown.c","fdeb86557a32d0cd02542932c012e28d613c7ed7a731e5870e9aa8a3c59bfd27","fdeb86557a32d0cd02542932c012e28d613c7ed7a731e5870e9aa8a3c59bfd27","YES"
"day01/Code.7z!lvgl_simulator-v8.3/lvgl/src/extra/widgets/calendar/lv_calendar_header_dropdown.h","projects/01-pc-simulator/course/lvgl/src/extra/widgets/calendar/lv_calendar_header_dropdown.h","ec7826b7a5b32e14bc88d7f5a73d7f0860b883f5fcf6c9bd40fd4816aefdf3cf","ec7826b7a5b32e14bc88d7f5a73d7f0860b883f5fcf6c9bd40fd4816aefdf3cf","YES"
"day01/Code.7z!lvgl_simulator-v8.3/lvgl/src/extra/widgets/calendar/lv_calendar.c","projects/01-pc-simulator/course/lvgl/src/extra/widgets/calendar/lv_calendar.c","3c5a838d4a2dcfe5050e87ce5d3c01378768d833cd6f8c74d77c6ef4bfafa99d","3c5a838d4a2dcfe5050e87ce5d3c01378768d833cd6f8c74d77c6ef4bfafa99d","YES"
"day01/Code.7z!lvgl_simulator-v8.3/lvgl/src/extra/widgets/calendar/lv_calendar.h","projects/01-pc-simulator/course/lvgl/src/extra/widgets/calendar/lv_calendar.h","3712e3e3cbf79775d7bde60c68221f1be529c943ecf70a35f7108d0504735a18","3712e3e3cbf79775d7bde60c68221f1be529c943ecf70a35f7108d0504735a18","YES"
"day01/Code.7z!lvgl_simulator-v8.3/lvgl/src/extra/widgets/chart/lv_chart.c","projects/01-pc-simulator/course/lvgl/src/extra/widgets/chart/lv_chart.c","fa5ae5065bd7ccc2244367e7c4e4e7b7b9ee1b9f57c4409b2cf32dd2aaacc80b","fa5ae5065bd7ccc2244367e7c4e4e7b7b9ee1b9f57c4409b2cf32dd2aaacc80b","YES"
"day01/Code.7z!lvgl_simulator-v8.3/lvgl/src/extra/widgets/chart/lv_chart.h","projects/01-pc-simulator/course/lvgl/src/extra/widgets/chart/lv_chart.h","01487ccc4fc96558cfff24efaf3c3eae422e94af6f1e9265e16f5d9d5351734d","01487ccc4fc96558cfff24efaf3c3eae422e94af6f1e9265e16f5d9d5351734d","YES"
"day01/Code.7z!lvgl_simulator-v8.3/lvgl/src/extra/widgets/colorwheel/lv_colorwheel.c","projects/01-pc-simulator/course/lvgl/src/extra/widgets/colorwheel/lv_colorwheel.c","800951c7e0f9bab7b5eae92287c665dca42a7905e5f62bd7a150a9586f3d8916","800951c7e0f9bab7b5eae92287c665dca42a7905e5f62bd7a150a9586f3d8916","YES"
"day01/Code.7z!lvgl_simulator-v8.3/lvgl/src/extra/widgets/colorwheel/lv_colorwheel.h","projects/01-pc-simulator/course/lvgl/src/extra/widgets/colorwheel/lv_colorwheel.h","8c4903901d0fe2231ad3bbdb6785d87eef9e84826a1d6bddeff7d5cb9d0fcb26","8c4903901d0fe2231ad3bbdb6785d87eef9e84826a1d6bddeff7d5cb9d0fcb26","YES"
"day01/Code.7z!lvgl_simulator-v8.3/lvgl/src/extra/widgets/imgbtn/lv_imgbtn.c","projects/01-pc-simulator/course/lvgl/src/extra/widgets/imgbtn/lv_imgbtn.c","2fa356719a71861cadc5434b59650566cc85c3eeca3aa2cd06d935639da5c8dc","2fa356719a71861cadc5434b59650566cc85c3eeca3aa2cd06d935639da5c8dc","YES"
"day01/Code.7z!lvgl_simulator-v8.3/lvgl/src/extra/widgets/imgbtn/lv_imgbtn.h","projects/01-pc-simulator/course/lvgl/src/extra/widgets/imgbtn/lv_imgbtn.h","96a59a07e7e1f194f96c4f8ea1fe0d93ccb2636311612e3977445e9b05c4d2c1","96a59a07e7e1f194f96c4f8ea1fe0d93ccb2636311612e3977445e9b05c4d2c1","YES"
"day01/Code.7z!lvgl_simulator-v8.3/lvgl/src/extra/widgets/keyboard/lv_keyboard.c","projects/01-pc-simulator/course/lvgl/src/extra/widgets/keyboard/lv_keyboard.c","8b49b3c48aec70ea4d5de05921b8acaaea3a57327a32d1174fde919647bbf121","8b49b3c48aec70ea4d5de05921b8acaaea3a57327a32d1174fde919647bbf121","YES"
"day01/Code.7z!lvgl_simulator-v8.3/lvgl/src/extra/widgets/keyboard/lv_keyboard.h","projects/01-pc-simulator/course/lvgl/src/extra/widgets/keyboard/lv_keyboard.h","fc63985a37a611065d51fc523b688aafe5a725acddaf195c7980fb53108e7947","fc63985a37a611065d51fc523b688aafe5a725acddaf195c7980fb53108e7947","YES"
"day01/Code.7z!lvgl_simulator-v8.3/lvgl/src/extra/widgets/led/lv_led.c","projects/01-pc-simulator/course/lvgl/src/extra/widgets/led/lv_led.c","7a7c2ce1a47f647e844525507e911f833715c54e46188d77b4d54fda862745ec","7a7c2ce1a47f647e844525507e911f833715c54e46188d77b4d54fda862745ec","YES"
"day01/Code.7z!lvgl_simulator-v8.3/lvgl/src/extra/widgets/led/lv_led.h","projects/01-pc-simulator/course/lvgl/src/extra/widgets/led/lv_led.h","d4394e6cdca8ad884fa6e965969482bb5954977ce92657a0e79f31dfd13b2640","d4394e6cdca8ad884fa6e965969482bb5954977ce92657a0e79f31dfd13b2640","YES"
"day01/Code.7z!lvgl_simulator-v8.3/lvgl/src/extra/widgets/list/lv_list.c","projects/01-pc-simulator/course/lvgl/src/extra/widgets/list/lv_list.c","88f6a9ba599a29e8b4ae854876f307974059769b40508679825d0b1278d0a144","88f6a9ba599a29e8b4ae854876f307974059769b40508679825d0b1278d0a144","YES"
"day01/Code.7z!lvgl_simulator-v8.3/lvgl/src/extra/widgets/list/lv_list.h","projects/01-pc-simulator/course/lvgl/src/extra/widgets/list/lv_list.h","bc4d9ab84c9b1326775461e68ce575c1a4c1199ec4eed2e44ff5d25d228d696a","bc4d9ab84c9b1326775461e68ce575c1a4c1199ec4eed2e44ff5d25d228d696a","YES"
"day01/Code.7z!lvgl_simulator-v8.3/lvgl/src/extra/widgets/lv_widgets.h","projects/01-pc-simulator/course/lvgl/src/extra/widgets/lv_widgets.h","c43f5f1e085f572b7c11f2f9a061e5fc1a19614e82f7999469d7b4f1e5005634","c43f5f1e085f572b7c11f2f9a061e5fc1a19614e82f7999469d7b4f1e5005634","YES"
"day01/Code.7z!lvgl_simulator-v8.3/lvgl/src/extra/widgets/menu/lv_menu.c","projects/01-pc-simulator/course/lvgl/src/extra/widgets/menu/lv_menu.c","1d9bdf9be01093315a9efd19e79fb7f6f695b3c32d0d63a9083f8044bac3ff88","1d9bdf9be01093315a9efd19e79fb7f6f695b3c32d0d63a9083f8044bac3ff88","YES"
"day01/Code.7z!lvgl_simulator-v8.3/lvgl/src/extra/widgets/menu/lv_menu.h","projects/01-pc-simulator/course/lvgl/src/extra/widgets/menu/lv_menu.h","4a54f55e99ddd59ff5e22a0c997cc30723f0fe2911d2f538450eb72b49f7c94f","4a54f55e99ddd59ff5e22a0c997cc30723f0fe2911d2f538450eb72b49f7c94f","YES"
"day01/Code.7z!lvgl_simulator-v8.3/lvgl/src/extra/widgets/meter/lv_meter.c","projects/01-pc-simulator/course/lvgl/src/extra/widgets/meter/lv_meter.c","c1e493542fa922b6fdeed2995f94ea5a937427d03bba66e7ab3c909a9f3dc0d1","c1e493542fa922b6fdeed2995f94ea5a937427d03bba66e7ab3c909a9f3dc0d1","YES"
"day01/Code.7z!lvgl_simulator-v8.3/lvgl/src/extra/widgets/meter/lv_meter.h","projects/01-pc-simulator/course/lvgl/src/extra/widgets/meter/lv_meter.h","9213d18a94094fec00183c1df3d2a5a0145d333b1f28a5ac19313c2d3c69af41","9213d18a94094fec00183c1df3d2a5a0145d333b1f28a5ac19313c2d3c69af41","YES"
"day01/Code.7z!lvgl_simulator-v8.3/lvgl/src/extra/widgets/msgbox/lv_msgbox.c","projects/01-pc-simulator/course/lvgl/src/extra/widgets/msgbox/lv_msgbox.c","be0737bf57c68f41419faa313b2eb0e4ca26fe9256aeb3ca20d82d292445e64e","be0737bf57c68f41419faa313b2eb0e4ca26fe9256aeb3ca20d82d292445e64e","YES"
"day01/Code.7z!lvgl_simulator-v8.3/lvgl/src/extra/widgets/msgbox/lv_msgbox.h","projects/01-pc-simulator/course/lvgl/src/extra/widgets/msgbox/lv_msgbox.h","a50dda137cbcd84b7a34d86fa00a84c0a9b85afc17c553cf6472dc2310715528","a50dda137cbcd84b7a34d86fa00a84c0a9b85afc17c553cf6472dc2310715528","YES"
"day01/Code.7z!lvgl_simulator-v8.3/lvgl/src/extra/widgets/span/lv_span.c","projects/01-pc-simulator/course/lvgl/src/extra/widgets/span/lv_span.c","4fc9da9c70c9bde0350c9f4ce6328958b8726815e789d80db5f82aafcb549716","4fc9da9c70c9bde0350c9f4ce6328958b8726815e789d80db5f82aafcb549716","YES"
"day01/Code.7z!lvgl_simulator-v8.3/lvgl/src/extra/widgets/span/lv_span.h","projects/01-pc-simulator/course/lvgl/src/extra/widgets/span/lv_span.h","b487760c1d7f03817dc3195a8e075b74cacd70362d43e5d625b6cae6ab8b18d8","b487760c1d7f03817dc3195a8e075b74cacd70362d43e5d625b6cae6ab8b18d8","YES"
"day01/Code.7z!lvgl_simulator-v8.3/lvgl/src/extra/widgets/spinbox/lv_spinbox.c","projects/01-pc-simulator/course/lvgl/src/extra/widgets/spinbox/lv_spinbox.c","0109c88f9f53467d7364eb3fa4c903690ed345438aa527fc3acdd5e810b9b0c4","0109c88f9f53467d7364eb3fa4c903690ed345438aa527fc3acdd5e810b9b0c4","YES"
"day01/Code.7z!lvgl_simulator-v8.3/lvgl/src/extra/widgets/spinbox/lv_spinbox.h","projects/01-pc-simulator/course/lvgl/src/extra/widgets/spinbox/lv_spinbox.h","803320448674253779bfb5930f81f9289bfbe41d00572e0724ca8054ceb7c659","803320448674253779bfb5930f81f9289bfbe41d00572e0724ca8054ceb7c659","YES"
"day01/Code.7z!lvgl_simulator-v8.3/lvgl/src/extra/widgets/spinner/lv_spinner.c","projects/01-pc-simulator/course/lvgl/src/extra/widgets/spinner/lv_spinner.c","b8942ce40323417b972b6c2413eae4395144b115d79efff3f30df14257f4c40e","b8942ce40323417b972b6c2413eae4395144b115d79efff3f30df14257f4c40e","YES"
"day01/Code.7z!lvgl_simulator-v8.3/lvgl/src/extra/widgets/spinner/lv_spinner.h","projects/01-pc-simulator/course/lvgl/src/extra/widgets/spinner/lv_spinner.h","978fa12fa473abc96456de30bcf3564adf9fad691fea1d86a8ec0d044c9a1930","978fa12fa473abc96456de30bcf3564adf9fad691fea1d86a8ec0d044c9a1930","YES"
"day01/Code.7z!lvgl_simulator-v8.3/lvgl/src/extra/widgets/tabview/lv_tabview.c","projects/01-pc-simulator/course/lvgl/src/extra/widgets/tabview/lv_tabview.c","7ba4b4cc25b074d35240693c3926e701ecf299d0a8045176d5e23d841188e6bd","7ba4b4cc25b074d35240693c3926e701ecf299d0a8045176d5e23d841188e6bd","YES"
"day01/Code.7z!lvgl_simulator-v8.3/lvgl/src/extra/widgets/tabview/lv_tabview.h","projects/01-pc-simulator/course/lvgl/src/extra/widgets/tabview/lv_tabview.h","aeb30ab101f0fd0bdbb48472054d1cd4c7fbfbfa6bbf83d5c3066348fc708919","aeb30ab101f0fd0bdbb48472054d1cd4c7fbfbfa6bbf83d5c3066348fc708919","YES"
"day01/Code.7z!lvgl_simulator-v8.3/lvgl/src/extra/widgets/tileview/lv_tileview.c","projects/01-pc-simulator/course/lvgl/src/extra/widgets/tileview/lv_tileview.c","4308638c69852ab22f7a5e18537e79014add33ae905c941039e9649f067ac47d","4308638c69852ab22f7a5e18537e79014add33ae905c941039e9649f067ac47d","YES"
"day01/Code.7z!lvgl_simulator-v8.3/lvgl/src/extra/widgets/tileview/lv_tileview.h","projects/01-pc-simulator/course/lvgl/src/extra/widgets/tileview/lv_tileview.h","d8d5a711989a89b0faa07f574f45180b3f9dfe0460b9ceafe6ece66f86cb3554","d8d5a711989a89b0faa07f574f45180b3f9dfe0460b9ceafe6ece66f86cb3554","YES"
"day01/Code.7z!lvgl_simulator-v8.3/lvgl/src/extra/widgets/win/lv_win.c","projects/01-pc-simulator/course/lvgl/src/extra/widgets/win/lv_win.c","9c4225fdc7d1a9e3d79381f36438e6777722bedcd6859be00bd55d45f0ca6a22","9c4225fdc7d1a9e3d79381f36438e6777722bedcd6859be00bd55d45f0ca6a22","YES"
"day01/Code.7z!lvgl_simulator-v8.3/lvgl/src/extra/widgets/win/lv_win.h","projects/01-pc-simulator/course/lvgl/src/extra/widgets/win/lv_win.h","142ec2ade120cf74cd3acb39cc7d7f3136b31845282f88bb8e23a793ca75cccb","142ec2ade120cf74cd3acb39cc7d7f3136b31845282f88bb8e23a793ca75cccb","YES"
"day01/Code.7z!lvgl_simulator-v8.3/lvgl/src/font/lv_font_fmt_txt.c","projects/01-pc-simulator/course/lvgl/src/font/lv_font_fmt_txt.c","310ec9757ce6e5196a9246b4aa7d8e6a0209c89dc8c07c34f6209efdc7443a72","310ec9757ce6e5196a9246b4aa7d8e6a0209c89dc8c07c34f6209efdc7443a72","YES"
"day01/Code.7z!lvgl_simulator-v8.3/lvgl/src/font/lv_font_fmt_txt.h","projects/01-pc-simulator/course/lvgl/src/font/lv_font_fmt_txt.h","da8a92d80c1aec21330efb5cbc8b2ca7576436fb7bb5c139ce6d3bbe8879d4e5","da8a92d80c1aec21330efb5cbc8b2ca7576436fb7bb5c139ce6d3bbe8879d4e5","YES"
"day01/Code.7z!lvgl_simulator-v8.3/lvgl/src/font/lv_font_loader.c","projects/01-pc-simulator/course/lvgl/src/font/lv_font_loader.c","6d4f12094fa8cf93971e58f69ce4d11e90071c45cd5293c127e3bcbbbd222b09","6d4f12094fa8cf93971e58f69ce4d11e90071c45cd5293c127e3bcbbbd222b09","YES"
"day01/Code.7z!lvgl_simulator-v8.3/lvgl/src/font/lv_font_loader.h","projects/01-pc-simulator/course/lvgl/src/font/lv_font_loader.h","96fa281420d31e2ffcf04218311716cb1139e41b0bf75c3c930e183fb93f4362","96fa281420d31e2ffcf04218311716cb1139e41b0bf75c3c930e183fb93f4362","YES"
"day01/Code.7z!lvgl_simulator-v8.3/lvgl/src/font/lv_font_unscii_16.c","projects/01-pc-simulator/course/lvgl/src/font/lv_font_unscii_16.c","09b133b9a1404bd7b3a3ce7d7d512dac116acc60bd701a52207e6bd03ae90282","09b133b9a1404bd7b3a3ce7d7d512dac116acc60bd701a52207e6bd03ae90282","YES"
"day01/Code.7z!lvgl_simulator-v8.3/lvgl/src/font/lv_font_unscii_8.c","projects/01-pc-simulator/course/lvgl/src/font/lv_font_unscii_8.c","0f5a9b6131ffed26f42099ced657cc3f619ea66e2f958ca54673f97e0e71cf0e","0f5a9b6131ffed26f42099ced657cc3f619ea66e2f958ca54673f97e0e71cf0e","YES"
"day01/Code.7z!lvgl_simulator-v8.3/lvgl/src/font/lv_font.c","projects/01-pc-simulator/course/lvgl/src/font/lv_font.c","5289eb2923c4f7a947b2d8a9fb7a7398f9acd01ebbd2297e048cb1dd39d2a20e","5289eb2923c4f7a947b2d8a9fb7a7398f9acd01ebbd2297e048cb1dd39d2a20e","YES"
"day01/Code.7z!lvgl_simulator-v8.3/lvgl/src/font/lv_font.h","projects/01-pc-simulator/course/lvgl/src/font/lv_font.h","1c29529613fc27d8b72d21016b1298ff828ea098069319beb60cb3c6ed90a982","1c29529613fc27d8b72d21016b1298ff828ea098069319beb60cb3c6ed90a982","YES"
"day01/Code.7z!lvgl_simulator-v8.3/lvgl/src/font/lv_font.mk","projects/01-pc-simulator/course/lvgl/src/font/lv_font.mk","350ff0e74e814cc6a12759f94741fa8aad50629e72ad8d9707c156f4d67acfd1","350ff0e74e814cc6a12759f94741fa8aad50629e72ad8d9707c156f4d67acfd1","YES"
"day01/Code.7z!lvgl_simulator-v8.3/lvgl/src/font/lv_symbol_def.h","projects/01-pc-simulator/course/lvgl/src/font/lv_symbol_def.h","d10acb9c207210e0a08ecac816f77b8d55ab43ea9a0c5e3f08a15a93b969a204","d10acb9c207210e0a08ecac816f77b8d55ab43ea9a0c5e3f08a15a93b969a204","YES"
"day01/Code.7z!lvgl_simulator-v8.3/lvgl/src/hal/lv_hal_disp.c","projects/01-pc-simulator/course/lvgl/src/hal/lv_hal_disp.c","042607aab514f55fc69e54bb6c02187ead284cd8bb13e686fe11635c7b14c0d5","042607aab514f55fc69e54bb6c02187ead284cd8bb13e686fe11635c7b14c0d5","YES"
"day01/Code.7z!lvgl_simulator-v8.3/lvgl/src/hal/lv_hal_disp.h","projects/01-pc-simulator/course/lvgl/src/hal/lv_hal_disp.h","b7bb5a3906a0a9c35a96f146d6dc58291c91d70876e1f575e5259eaa5545c2b5","b7bb5a3906a0a9c35a96f146d6dc58291c91d70876e1f575e5259eaa5545c2b5","YES"
"day01/Code.7z!lvgl_simulator-v8.3/lvgl/src/hal/lv_hal_indev.c","projects/01-pc-simulator/course/lvgl/src/hal/lv_hal_indev.c","1cacaaf4933e0777ef8ef71578dc6680b4f7bea129cd3823224da99d609ac99d","1cacaaf4933e0777ef8ef71578dc6680b4f7bea129cd3823224da99d609ac99d","YES"
"day01/Code.7z!lvgl_simulator-v8.3/lvgl/src/hal/lv_hal_indev.h","projects/01-pc-simulator/course/lvgl/src/hal/lv_hal_indev.h","5a36aaef7b6be5f8f4f70fd8ccfcd47334780e5f122c320bb938cb81e1b7eedc","5a36aaef7b6be5f8f4f70fd8ccfcd47334780e5f122c320bb938cb81e1b7eedc","YES"
"day01/Code.7z!lvgl_simulator-v8.3/lvgl/src/hal/lv_hal_tick.c","projects/01-pc-simulator/course/lvgl/src/hal/lv_hal_tick.c","45dc1fc8486561994d4e7e09a06faeede0edb576788bc32b8908ae0dcd6daec3","45dc1fc8486561994d4e7e09a06faeede0edb576788bc32b8908ae0dcd6daec3","YES"
"day01/Code.7z!lvgl_simulator-v8.3/lvgl/src/hal/lv_hal_tick.h","projects/01-pc-simulator/course/lvgl/src/hal/lv_hal_tick.h","9b8de58e1af3899a34745d986da35805501e6e3790deeafef0a2f02bd234ebbc","9b8de58e1af3899a34745d986da35805501e6e3790deeafef0a2f02bd234ebbc","YES"
"day01/Code.7z!lvgl_simulator-v8.3/lvgl/src/hal/lv_hal.h","projects/01-pc-simulator/course/lvgl/src/hal/lv_hal.h","231945a3c4ba8a6b94960d993a50912f39efe5ae6e892bfe2671f180fc021462","231945a3c4ba8a6b94960d993a50912f39efe5ae6e892bfe2671f180fc021462","YES"
"day01/Code.7z!lvgl_simulator-v8.3/lvgl/src/hal/lv_hal.mk","projects/01-pc-simulator/course/lvgl/src/hal/lv_hal.mk","eff6f3bf7bea05c20deace70258cd579752961353d6456ff2aa18f61b1268e50","eff6f3bf7bea05c20deace70258cd579752961353d6456ff2aa18f61b1268e50","YES"
"day01/Code.7z!lvgl_simulator-v8.3/lvgl/src/lv_api_map.h","projects/01-pc-simulator/course/lvgl/src/lv_api_map.h","86e47b572ccdaa61fa01c1dba4366caedcf11f85244ca946055b90f56ddc22a8","86e47b572ccdaa61fa01c1dba4366caedcf11f85244ca946055b90f56ddc22a8","YES"
"day01/Code.7z!lvgl_simulator-v8.3/lvgl/src/lv_conf_internal.h","projects/01-pc-simulator/course/lvgl/src/lv_conf_internal.h","87bd94e9f27939b1feee45b2a5f022654f96b9394d53cd1833f2f3d438e7ca5f","87bd94e9f27939b1feee45b2a5f022654f96b9394d53cd1833f2f3d438e7ca5f","YES"
"day01/Code.7z!lvgl_simulator-v8.3/lvgl/src/lv_conf_kconfig.h","projects/01-pc-simulator/course/lvgl/src/lv_conf_kconfig.h","d7419d46f8a45156f7cc3fc3bf3bf7c399de98e3b78003e84d49443913b7c15c","d7419d46f8a45156f7cc3fc3bf3bf7c399de98e3b78003e84d49443913b7c15c","YES"
"day01/Code.7z!lvgl_simulator-v8.3/lvgl/src/lvgl.h","projects/01-pc-simulator/course/lvgl/src/lvgl.h","68f18aa6f024c7aa88d32061fee5e620dbcee527e251454db34acd9438517465","68f18aa6f024c7aa88d32061fee5e620dbcee527e251454db34acd9438517465","YES"
"day01/Code.7z!lvgl_simulator-v8.3/lvgl/src/misc/lv_anim_timeline.c","projects/01-pc-simulator/course/lvgl/src/misc/lv_anim_timeline.c","b32a4817ed58834373d8b1f4da6710d8156702e95b6a3121e2b793074d93fbc5","b32a4817ed58834373d8b1f4da6710d8156702e95b6a3121e2b793074d93fbc5","YES"
"day01/Code.7z!lvgl_simulator-v8.3/lvgl/src/misc/lv_anim_timeline.h","projects/01-pc-simulator/course/lvgl/src/misc/lv_anim_timeline.h","4efd064cc64bd1b49a697719e6804250b93f22f45b2f8afb0e9ca76b7176a5f6","4efd064cc64bd1b49a697719e6804250b93f22f45b2f8afb0e9ca76b7176a5f6","YES"
"day01/Code.7z!lvgl_simulator-v8.3/lvgl/src/misc/lv_anim.c","projects/01-pc-simulator/course/lvgl/src/misc/lv_anim.c","55e18ea1f25429cd178cd7a8366cc860d871440d515892da58f6ce72a2c67bf2","55e18ea1f25429cd178cd7a8366cc860d871440d515892da58f6ce72a2c67bf2","YES"
"day01/Code.7z!lvgl_simulator-v8.3/lvgl/src/misc/lv_anim.h","projects/01-pc-simulator/course/lvgl/src/misc/lv_anim.h","7335cc0563f191bcf07f6a5211c4ed65cf6102c6062e1d175088fe1453e87b4d","7335cc0563f191bcf07f6a5211c4ed65cf6102c6062e1d175088fe1453e87b4d","YES"
"day01/Code.7z!lvgl_simulator-v8.3/lvgl/src/misc/lv_area.c","projects/01-pc-simulator/course/lvgl/src/misc/lv_area.c","0bd17180b88ef4eb4645fc024f80492d7439490841f6ab32bb206d984c1e7949","0bd17180b88ef4eb4645fc024f80492d7439490841f6ab32bb206d984c1e7949","YES"
"day01/Code.7z!lvgl_simulator-v8.3/lvgl/src/misc/lv_area.h","projects/01-pc-simulator/course/lvgl/src/misc/lv_area.h","19c72dba56ea8665c1d357913073f3f1052b455ff0a493f76cc45c9a7fdc36e8","19c72dba56ea8665c1d357913073f3f1052b455ff0a493f76cc45c9a7fdc36e8","YES"
"day01/Code.7z!lvgl_simulator-v8.3/lvgl/src/misc/lv_assert.h","projects/01-pc-simulator/course/lvgl/src/misc/lv_assert.h","db8794dc8de027f256895d25b900cc920e92552d5f073b47111aadcac2015e52","db8794dc8de027f256895d25b900cc920e92552d5f073b47111aadcac2015e52","YES"
"day01/Code.7z!lvgl_simulator-v8.3/lvgl/src/misc/lv_async.c","projects/01-pc-simulator/course/lvgl/src/misc/lv_async.c","7d10fbeb87cb8918a6db488675f5ececb570794ee8dfc7e1bdc2e0e91aecf552","7d10fbeb87cb8918a6db488675f5ececb570794ee8dfc7e1bdc2e0e91aecf552","YES"
"day01/Code.7z!lvgl_simulator-v8.3/lvgl/src/misc/lv_async.h","projects/01-pc-simulator/course/lvgl/src/misc/lv_async.h","fd2de00ca9b113d487ba291fa0870c2f9cc09017c0c5431e7f99c70664b0883f","fd2de00ca9b113d487ba291fa0870c2f9cc09017c0c5431e7f99c70664b0883f","YES"
"day01/Code.7z!lvgl_simulator-v8.3/lvgl/src/misc/lv_bidi.c","projects/01-pc-simulator/course/lvgl/src/misc/lv_bidi.c","a6f2dceda498358fe9cb797d4647b41b80d9ab0162113e656f822f029487d7ca","a6f2dceda498358fe9cb797d4647b41b80d9ab0162113e656f822f029487d7ca","YES"
"day01/Code.7z!lvgl_simulator-v8.3/lvgl/src/misc/lv_bidi.h","projects/01-pc-simulator/course/lvgl/src/misc/lv_bidi.h","c128be75cf39087136a65e6fc8ac64b0fc599e095460c47b8dc63d6fe25fb439","c128be75cf39087136a65e6fc8ac64b0fc599e095460c47b8dc63d6fe25fb439","YES"
"day01/Code.7z!lvgl_simulator-v8.3/lvgl/src/misc/lv_color.c","projects/01-pc-simulator/course/lvgl/src/misc/lv_color.c","e49eeebc2e3e85d5b48e44772a5c9adcdf4f69472ae0014b207cb614775c55ec","e49eeebc2e3e85d5b48e44772a5c9adcdf4f69472ae0014b207cb614775c55ec","YES"
"day01/Code.7z!lvgl_simulator-v8.3/lvgl/src/misc/lv_color.h","projects/01-pc-simulator/course/lvgl/src/misc/lv_color.h","c7604889ffb54c8b08ba73dd4275d532d2d68710af4f4e73facbf282ed5cfb3d","c7604889ffb54c8b08ba73dd4275d532d2d68710af4f4e73facbf282ed5cfb3d","YES"
"day01/Code.7z!lvgl_simulator-v8.3/lvgl/src/misc/lv_fs.c","projects/01-pc-simulator/course/lvgl/src/misc/lv_fs.c","d6df7c889ce372f8396b601eb919cf372973e1a508f71ddbd5d812c9f10caba9","d6df7c889ce372f8396b601eb919cf372973e1a508f71ddbd5d812c9f10caba9","YES"
"day01/Code.7z!lvgl_simulator-v8.3/lvgl/src/misc/lv_fs.h","projects/01-pc-simulator/course/lvgl/src/misc/lv_fs.h","8bfd04a93f2f360adb50702588931555006ac78095d5c74c32bd865ab0709d07","8bfd04a93f2f360adb50702588931555006ac78095d5c74c32bd865ab0709d07","YES"
"day01/Code.7z!lvgl_simulator-v8.3/lvgl/src/misc/lv_gc.c","projects/01-pc-simulator/course/lvgl/src/misc/lv_gc.c","61f35daaec0a2770c978e8dd35028f040693b569c6d3418b8cefa4a2716fa82d","61f35daaec0a2770c978e8dd35028f040693b569c6d3418b8cefa4a2716fa82d","YES"
"day01/Code.7z!lvgl_simulator-v8.3/lvgl/src/misc/lv_gc.h","projects/01-pc-simulator/course/lvgl/src/misc/lv_gc.h","f1b5419a1fac85d533f44c85de7a87ed1bdcd5df4223f2d4c2f04dae6a6a8879","f1b5419a1fac85d533f44c85de7a87ed1bdcd5df4223f2d4c2f04dae6a6a8879","YES"
"day01/Code.7z!lvgl_simulator-v8.3/lvgl/src/misc/lv_ll.c","projects/01-pc-simulator/course/lvgl/src/misc/lv_ll.c","0b958b85b44e176075ebb164e22546a61003ef5f3587cea20face78a563b37fe","0b958b85b44e176075ebb164e22546a61003ef5f3587cea20face78a563b37fe","YES"
"day01/Code.7z!lvgl_simulator-v8.3/lvgl/src/misc/lv_ll.h","projects/01-pc-simulator/course/lvgl/src/misc/lv_ll.h","22465ed3ceb42a354278c576cc22162232ef93448efbf5f22542284b1e77d135","22465ed3ceb42a354278c576cc22162232ef93448efbf5f22542284b1e77d135","YES"
"day01/Code.7z!lvgl_simulator-v8.3/lvgl/src/misc/lv_log.c","projects/01-pc-simulator/course/lvgl/src/misc/lv_log.c","e2ff38631c20cb63a05353d8e254bfc2ab273dd921c392f00cdaa7fb06935c5b","e2ff38631c20cb63a05353d8e254bfc2ab273dd921c392f00cdaa7fb06935c5b","YES"
"day01/Code.7z!lvgl_simulator-v8.3/lvgl/src/misc/lv_log.h","projects/01-pc-simulator/course/lvgl/src/misc/lv_log.h","db295695e48285757a18ce9ec8c96b84ec022a9e85ab9121f7fb1a19f2f836ae","db295695e48285757a18ce9ec8c96b84ec022a9e85ab9121f7fb1a19f2f836ae","YES"
"day01/Code.7z!lvgl_simulator-v8.3/lvgl/src/misc/lv_lru.c","projects/01-pc-simulator/course/lvgl/src/misc/lv_lru.c","abeca26f2878a913183b3b48b6af8d18f4837332da64418dc29c3d32188823cc","abeca26f2878a913183b3b48b6af8d18f4837332da64418dc29c3d32188823cc","YES"
"day01/Code.7z!lvgl_simulator-v8.3/lvgl/src/misc/lv_lru.h","projects/01-pc-simulator/course/lvgl/src/misc/lv_lru.h","126ae1ce3c2784f948bc1126a1705bfac16e875cd9642d68a8039b8108b3d7fc","126ae1ce3c2784f948bc1126a1705bfac16e875cd9642d68a8039b8108b3d7fc","YES"
"day01/Code.7z!lvgl_simulator-v8.3/lvgl/src/misc/lv_math.c","projects/01-pc-simulator/course/lvgl/src/misc/lv_math.c","73c06546e127e3340de267334f81f02980f6c3ca81d78d2a42786009c35bd879","73c06546e127e3340de267334f81f02980f6c3ca81d78d2a42786009c35bd879","YES"
"day01/Code.7z!lvgl_simulator-v8.3/lvgl/src/misc/lv_math.h","projects/01-pc-simulator/course/lvgl/src/misc/lv_math.h","309870dacdd2761f8aea36b521a3cab829a80db4cb2c49aae15ba3fa8a645362","309870dacdd2761f8aea36b521a3cab829a80db4cb2c49aae15ba3fa8a645362","YES"
"day01/Code.7z!lvgl_simulator-v8.3/lvgl/src/misc/lv_mem.c","projects/01-pc-simulator/course/lvgl/src/misc/lv_mem.c","29b6d6405315b0d1f04ade465cbc535f4859ef75e8a585d0435e45efc9c26e16","29b6d6405315b0d1f04ade465cbc535f4859ef75e8a585d0435e45efc9c26e16","YES"
"day01/Code.7z!lvgl_simulator-v8.3/lvgl/src/misc/lv_mem.h","projects/01-pc-simulator/course/lvgl/src/misc/lv_mem.h","6df61307e0420cc075cc524c116526b040d079bebf24f0a81777706972463d41","6df61307e0420cc075cc524c116526b040d079bebf24f0a81777706972463d41","YES"
"day01/Code.7z!lvgl_simulator-v8.3/lvgl/src/misc/lv_misc.mk","projects/01-pc-simulator/course/lvgl/src/misc/lv_misc.mk","e0243baba11ab40a1bbd4446751d469b8668a7018eae41a24ef00713c553906b","e0243baba11ab40a1bbd4446751d469b8668a7018eae41a24ef00713c553906b","YES"
"day01/Code.7z!lvgl_simulator-v8.3/lvgl/src/misc/lv_printf.c","projects/01-pc-simulator/course/lvgl/src/misc/lv_printf.c","9c282c81e9fcee59d90a3a7fee3381a08b251ca95f42d3c77e6f01612ffd8ad1","9c282c81e9fcee59d90a3a7fee3381a08b251ca95f42d3c77e6f01612ffd8ad1","YES"
"day01/Code.7z!lvgl_simulator-v8.3/lvgl/src/misc/lv_printf.h","projects/01-pc-simulator/course/lvgl/src/misc/lv_printf.h","639b6dc6903230106561819099e4dd064a405768ff92fb6ecc9d3837c1596d36","639b6dc6903230106561819099e4dd064a405768ff92fb6ecc9d3837c1596d36","YES"
"day01/Code.7z!lvgl_simulator-v8.3/lvgl/src/misc/lv_style_gen.c","projects/01-pc-simulator/course/lvgl/src/misc/lv_style_gen.c","337d987f4287c99fda6b24b50eba6e7461933b6597da699b230b14fa11b13e18","337d987f4287c99fda6b24b50eba6e7461933b6597da699b230b14fa11b13e18","YES"
"day01/Code.7z!lvgl_simulator-v8.3/lvgl/src/misc/lv_style_gen.h","projects/01-pc-simulator/course/lvgl/src/misc/lv_style_gen.h","7af1f66cac668af2c55affec59bbe2b85baef2f295b41b00e724d3afd51df6ab","7af1f66cac668af2c55affec59bbe2b85baef2f295b41b00e724d3afd51df6ab","YES"
"day01/Code.7z!lvgl_simulator-v8.3/lvgl/src/misc/lv_style.c","projects/01-pc-simulator/course/lvgl/src/misc/lv_style.c","e6f0ab02ef84d1429cb9d74396a9a57ade168f0740b2075bbffdd48e0898392f","e6f0ab02ef84d1429cb9d74396a9a57ade168f0740b2075bbffdd48e0898392f","YES"
"day01/Code.7z!lvgl_simulator-v8.3/lvgl/src/misc/lv_style.h","projects/01-pc-simulator/course/lvgl/src/misc/lv_style.h","7ac2200f5e5580adac724e55e58cb266f15ade5bc2cea9f3ab7d744765e970dd","7ac2200f5e5580adac724e55e58cb266f15ade5bc2cea9f3ab7d744765e970dd","YES"
"day01/Code.7z!lvgl_simulator-v8.3/lvgl/src/misc/lv_templ.c","projects/01-pc-simulator/course/lvgl/src/misc/lv_templ.c","40d1b3dab81753f66ebca0b6d0b3065bc92d317c3c54e1809628d666dbeff767","40d1b3dab81753f66ebca0b6d0b3065bc92d317c3c54e1809628d666dbeff767","YES"
"day01/Code.7z!lvgl_simulator-v8.3/lvgl/src/misc/lv_templ.h","projects/01-pc-simulator/course/lvgl/src/misc/lv_templ.h","7cc6e2a787852952c13d4d42b1e9b3967bcac6c27341390a58cf470e868c30a4","7cc6e2a787852952c13d4d42b1e9b3967bcac6c27341390a58cf470e868c30a4","YES"
"day01/Code.7z!lvgl_simulator-v8.3/lvgl/src/misc/lv_timer.c","projects/01-pc-simulator/course/lvgl/src/misc/lv_timer.c","06ff14356e1a74fc8bd5e542de142038040fe32f45eef16d01ad9f3d16e86be4","06ff14356e1a74fc8bd5e542de142038040fe32f45eef16d01ad9f3d16e86be4","YES"
"day01/Code.7z!lvgl_simulator-v8.3/lvgl/src/misc/lv_timer.h","projects/01-pc-simulator/course/lvgl/src/misc/lv_timer.h","0d9d672b4d13580dd2dc125243cc1f00ca50ef29bfefe72b2a7c8684a561091f","0d9d672b4d13580dd2dc125243cc1f00ca50ef29bfefe72b2a7c8684a561091f","YES"
"day01/Code.7z!lvgl_simulator-v8.3/lvgl/src/misc/lv_tlsf.c","projects/01-pc-simulator/course/lvgl/src/misc/lv_tlsf.c","4b72857304ac14686234d89c656b4eac5333094f327c618782c62f73dee4857e","4b72857304ac14686234d89c656b4eac5333094f327c618782c62f73dee4857e","YES"
"day01/Code.7z!lvgl_simulator-v8.3/lvgl/src/misc/lv_tlsf.h","projects/01-pc-simulator/course/lvgl/src/misc/lv_tlsf.h","e59c01b34c9d02ceb74c86b37239f8bf98d0ec62695f290513f0164502dc1202","e59c01b34c9d02ceb74c86b37239f8bf98d0ec62695f290513f0164502dc1202","YES"
"day01/Code.7z!lvgl_simulator-v8.3/lvgl/src/misc/lv_txt_ap.c","projects/01-pc-simulator/course/lvgl/src/misc/lv_txt_ap.c","d43b6d8d47f5ad8240e87045ecc12317542eb4014259ccddd06463d19dd8b268","d43b6d8d47f5ad8240e87045ecc12317542eb4014259ccddd06463d19dd8b268","YES"
"day01/Code.7z!lvgl_simulator-v8.3/lvgl/src/misc/lv_txt_ap.h","projects/01-pc-simulator/course/lvgl/src/misc/lv_txt_ap.h","2e90f30ddbaba0aa765b456873671044714590518fbfcce373ce672f4cdf147c","2e90f30ddbaba0aa765b456873671044714590518fbfcce373ce672f4cdf147c","YES"
"day01/Code.7z!lvgl_simulator-v8.3/lvgl/src/misc/lv_txt.c","projects/01-pc-simulator/course/lvgl/src/misc/lv_txt.c","54188ad584a8d3e6ebf00e256849b765696f40641ab3b071764435f903e2b4d5","54188ad584a8d3e6ebf00e256849b765696f40641ab3b071764435f903e2b4d5","YES"
"day01/Code.7z!lvgl_simulator-v8.3/lvgl/src/misc/lv_txt.h","projects/01-pc-simulator/course/lvgl/src/misc/lv_txt.h","367f1bc02e662c011a56b7d0dc524b98a37ec2badb0d44c01a02a8f86a05d295","367f1bc02e662c011a56b7d0dc524b98a37ec2badb0d44c01a02a8f86a05d295","YES"
"day01/Code.7z!lvgl_simulator-v8.3/lvgl/src/misc/lv_types.h","projects/01-pc-simulator/course/lvgl/src/misc/lv_types.h","0fd14eb21df4be282371536348d559a1fc3d3586775fba807d9aa66798a96b20","0fd14eb21df4be282371536348d559a1fc3d3586775fba807d9aa66798a96b20","YES"
"day01/Code.7z!lvgl_simulator-v8.3/lvgl/src/misc/lv_utils.c","projects/01-pc-simulator/course/lvgl/src/misc/lv_utils.c","bf0bcebe789d0fea9107705ea1a346329d676c8bb232c4161654e529dc03285a","bf0bcebe789d0fea9107705ea1a346329d676c8bb232c4161654e529dc03285a","YES"
"day01/Code.7z!lvgl_simulator-v8.3/lvgl/src/misc/lv_utils.h","projects/01-pc-simulator/course/lvgl/src/misc/lv_utils.h","92024a8c5825d28ff315bd23e8a7c3a28fafb229a869e28578756c0915a22b9b","92024a8c5825d28ff315bd23e8a7c3a28fafb229a869e28578756c0915a22b9b","YES"
"day01/Code.7z!lvgl_simulator-v8.3/lvgl/src/widgets/lv_arc.c","projects/01-pc-simulator/course/lvgl/src/widgets/lv_arc.c","8887bbf1b4eadb5ba1b5c53d74a2562ddcba950240832cdb7194b1c4bab50824","8887bbf1b4eadb5ba1b5c53d74a2562ddcba950240832cdb7194b1c4bab50824","YES"
"day01/Code.7z!lvgl_simulator-v8.3/lvgl/src/widgets/lv_arc.h","projects/01-pc-simulator/course/lvgl/src/widgets/lv_arc.h","05415a87787fa95d89ef7b631e3c18f168d4689a387d57be627efe2ca369e74a","05415a87787fa95d89ef7b631e3c18f168d4689a387d57be627efe2ca369e74a","YES"
"day01/Code.7z!lvgl_simulator-v8.3/lvgl/src/widgets/lv_bar.c","projects/01-pc-simulator/course/lvgl/src/widgets/lv_bar.c","5a90a4d350d3f1cfcb52a7e61f61c71e7b879329d5f32d19391efa464f982c2f","5a90a4d350d3f1cfcb52a7e61f61c71e7b879329d5f32d19391efa464f982c2f","YES"
"day01/Code.7z!lvgl_simulator-v8.3/lvgl/src/widgets/lv_bar.h","projects/01-pc-simulator/course/lvgl/src/widgets/lv_bar.h","3297f04da3682d3d4577dbcb2ea1bca3b699542e76bbc73e1e1965faee730a05","3297f04da3682d3d4577dbcb2ea1bca3b699542e76bbc73e1e1965faee730a05","YES"
"day01/Code.7z!lvgl_simulator-v8.3/lvgl/src/widgets/lv_btn.c","projects/01-pc-simulator/course/lvgl/src/widgets/lv_btn.c","3d805612ef083f4733bf3fc9bc40afea6c10673c5ada10352c040173c26033f0","3d805612ef083f4733bf3fc9bc40afea6c10673c5ada10352c040173c26033f0","YES"
"day01/Code.7z!lvgl_simulator-v8.3/lvgl/src/widgets/lv_btn.h","projects/01-pc-simulator/course/lvgl/src/widgets/lv_btn.h","b6a3563dd46ad6d8ba81bf2c00dccee7693dd18f0e62811e19bbff04f1566e9c","b6a3563dd46ad6d8ba81bf2c00dccee7693dd18f0e62811e19bbff04f1566e9c","YES"
"day01/Code.7z!lvgl_simulator-v8.3/lvgl/src/widgets/lv_btnmatrix.c","projects/01-pc-simulator/course/lvgl/src/widgets/lv_btnmatrix.c","6b3ea957dda95f811524f03b3011e5972518dff713000fc5a87eb286b01bc2f8","6b3ea957dda95f811524f03b3011e5972518dff713000fc5a87eb286b01bc2f8","YES"
"day01/Code.7z!lvgl_simulator-v8.3/lvgl/src/widgets/lv_btnmatrix.h","projects/01-pc-simulator/course/lvgl/src/widgets/lv_btnmatrix.h","1437ae0a18ead188456b6511347a4410d0eb3621e4cb5497fc6de1fc69242c61","1437ae0a18ead188456b6511347a4410d0eb3621e4cb5497fc6de1fc69242c61","YES"
"day01/Code.7z!lvgl_simulator-v8.3/lvgl/src/widgets/lv_canvas.c","projects/01-pc-simulator/course/lvgl/src/widgets/lv_canvas.c","e2574e348c3667d1b542bfc291c360779aaeeb5f54771d64a48e7463dc93550d","e2574e348c3667d1b542bfc291c360779aaeeb5f54771d64a48e7463dc93550d","YES"
"day01/Code.7z!lvgl_simulator-v8.3/lvgl/src/widgets/lv_canvas.h","projects/01-pc-simulator/course/lvgl/src/widgets/lv_canvas.h","108cb03178696b2a83b942db07bc4a25f743e26b45a1253134e52089d7032624","108cb03178696b2a83b942db07bc4a25f743e26b45a1253134e52089d7032624","YES"
"day01/Code.7z!lvgl_simulator-v8.3/lvgl/src/widgets/lv_checkbox.c","projects/01-pc-simulator/course/lvgl/src/widgets/lv_checkbox.c","cd6b1c5108810673527d675bbd1f757d1e925d965b2c53d2933dc116c40c688e","cd6b1c5108810673527d675bbd1f757d1e925d965b2c53d2933dc116c40c688e","YES"
"day01/Code.7z!lvgl_simulator-v8.3/lvgl/src/widgets/lv_checkbox.h","projects/01-pc-simulator/course/lvgl/src/widgets/lv_checkbox.h","fc9003bdaa0ad8da8d6fc4bbe44df2f797bf5b3176b5c002b11fd44af4b596a4","fc9003bdaa0ad8da8d6fc4bbe44df2f797bf5b3176b5c002b11fd44af4b596a4","YES"
"day01/Code.7z!lvgl_simulator-v8.3/lvgl/src/widgets/lv_dropdown.c","projects/01-pc-simulator/course/lvgl/src/widgets/lv_dropdown.c","6848bf076c57c612cd48219c86ff3718d3b16e14c54a9008d88e5ee226cfd79d","6848bf076c57c612cd48219c86ff3718d3b16e14c54a9008d88e5ee226cfd79d","YES"
"day01/Code.7z!lvgl_simulator-v8.3/lvgl/src/widgets/lv_dropdown.h","projects/01-pc-simulator/course/lvgl/src/widgets/lv_dropdown.h","627f7d9d24b18190689145224c3f88e835cc26312f93bc5511e332b4c7a48bbe","627f7d9d24b18190689145224c3f88e835cc26312f93bc5511e332b4c7a48bbe","YES"
"day01/Code.7z!lvgl_simulator-v8.3/lvgl/src/widgets/lv_img.c","projects/01-pc-simulator/course/lvgl/src/widgets/lv_img.c","d751dbcccf152f37641ba0c8bec4acb0ce4e42ae51d49ab723176b0b661c63e3","d751dbcccf152f37641ba0c8bec4acb0ce4e42ae51d49ab723176b0b661c63e3","YES"
"day01/Code.7z!lvgl_simulator-v8.3/lvgl/src/widgets/lv_img.h","projects/01-pc-simulator/course/lvgl/src/widgets/lv_img.h","433d6306c794a887d20d6b417a747fb4e1b48d4725b7664903cdfef4c97a3a0d","433d6306c794a887d20d6b417a747fb4e1b48d4725b7664903cdfef4c97a3a0d","YES"
"day01/Code.7z!lvgl_simulator-v8.3/lvgl/src/widgets/lv_label.c","projects/01-pc-simulator/course/lvgl/src/widgets/lv_label.c","4c20b087af77eafd1c05015d15682c75cbc4d9f087eafe1cc3585c28e953c76e","4c20b087af77eafd1c05015d15682c75cbc4d9f087eafe1cc3585c28e953c76e","YES"
"day01/Code.7z!lvgl_simulator-v8.3/lvgl/src/widgets/lv_label.h","projects/01-pc-simulator/course/lvgl/src/widgets/lv_label.h","d1b9f7de0aab644a9094ef3ee79b337c4d5a1c1955cf34bdfa48e36368d07771","d1b9f7de0aab644a9094ef3ee79b337c4d5a1c1955cf34bdfa48e36368d07771","YES"
"day01/Code.7z!lvgl_simulator-v8.3/lvgl/src/widgets/lv_line.c","projects/01-pc-simulator/course/lvgl/src/widgets/lv_line.c","6ddf85a82dbbbdf972d906aa030b4e4ba6975166c756cb267cf00205e822e4c9","6ddf85a82dbbbdf972d906aa030b4e4ba6975166c756cb267cf00205e822e4c9","YES"
"day01/Code.7z!lvgl_simulator-v8.3/lvgl/src/widgets/lv_line.h","projects/01-pc-simulator/course/lvgl/src/widgets/lv_line.h","3fc369690b2427aa322641827316d430e6e8518ac19a24a1bb3d4f184ea5c593","3fc369690b2427aa322641827316d430e6e8518ac19a24a1bb3d4f184ea5c593","YES"
"day01/Code.7z!lvgl_simulator-v8.3/lvgl/src/widgets/lv_objx_templ.c","projects/01-pc-simulator/course/lvgl/src/widgets/lv_objx_templ.c","5fa7e5a2f45ea7234a2307110cd7a556e64231dce953326895e8256adc32f719","5fa7e5a2f45ea7234a2307110cd7a556e64231dce953326895e8256adc32f719","YES"
"day01/Code.7z!lvgl_simulator-v8.3/lvgl/src/widgets/lv_objx_templ.h","projects/01-pc-simulator/course/lvgl/src/widgets/lv_objx_templ.h","11bf2ea2a0d45890eb19efb6d88704454b2c7d8d8219e56e491dabdad1883354","11bf2ea2a0d45890eb19efb6d88704454b2c7d8d8219e56e491dabdad1883354","YES"
"day01/Code.7z!lvgl_simulator-v8.3/lvgl/src/widgets/lv_roller.c","projects/01-pc-simulator/course/lvgl/src/widgets/lv_roller.c","434bf3b231c234a83032cb9ee1f37fc178b8ba923a5512e9c394799f343c2742","434bf3b231c234a83032cb9ee1f37fc178b8ba923a5512e9c394799f343c2742","YES"
"day01/Code.7z!lvgl_simulator-v8.3/lvgl/src/widgets/lv_roller.h","projects/01-pc-simulator/course/lvgl/src/widgets/lv_roller.h","de2d909381bdccdf36c19bfb6751683e038c7500afd01e5bd074c53f25400b06","de2d909381bdccdf36c19bfb6751683e038c7500afd01e5bd074c53f25400b06","YES"
"day01/Code.7z!lvgl_simulator-v8.3/lvgl/src/widgets/lv_slider.c","projects/01-pc-simulator/course/lvgl/src/widgets/lv_slider.c","715ffe14f71800b5413b44d987b2bebbffd41bce7bba8d7dd114512b63860cdd","715ffe14f71800b5413b44d987b2bebbffd41bce7bba8d7dd114512b63860cdd","YES"
"day01/Code.7z!lvgl_simulator-v8.3/lvgl/src/widgets/lv_slider.h","projects/01-pc-simulator/course/lvgl/src/widgets/lv_slider.h","3a53be57428dd579f7442f4b64c333d508f3a38bbe0cdc9496c35ca11820fd98","3a53be57428dd579f7442f4b64c333d508f3a38bbe0cdc9496c35ca11820fd98","YES"
"day01/Code.7z!lvgl_simulator-v8.3/lvgl/src/widgets/lv_switch.c","projects/01-pc-simulator/course/lvgl/src/widgets/lv_switch.c","cd65c2709aaeab4bbf205efe6ecab02cdea07b230dd9d580776c6c8081f8c8e1","cd65c2709aaeab4bbf205efe6ecab02cdea07b230dd9d580776c6c8081f8c8e1","YES"
"day01/Code.7z!lvgl_simulator-v8.3/lvgl/src/widgets/lv_switch.h","projects/01-pc-simulator/course/lvgl/src/widgets/lv_switch.h","e22ce149f0134f1320d1b5c6ff56ddeb9d36fd403b9555b4ba22586535ff03a3","e22ce149f0134f1320d1b5c6ff56ddeb9d36fd403b9555b4ba22586535ff03a3","YES"
"day01/Code.7z!lvgl_simulator-v8.3/lvgl/src/widgets/lv_table.c","projects/01-pc-simulator/course/lvgl/src/widgets/lv_table.c","77dfe77571178748bee5a5d480295d10355ae905fafc7d1d294f8f3fd925dad5","77dfe77571178748bee5a5d480295d10355ae905fafc7d1d294f8f3fd925dad5","YES"
"day01/Code.7z!lvgl_simulator-v8.3/lvgl/src/widgets/lv_table.h","projects/01-pc-simulator/course/lvgl/src/widgets/lv_table.h","3a0009894e242107b3af894cc9fba1fcaa4814e2fe3371d43d337854d0e0304d","3a0009894e242107b3af894cc9fba1fcaa4814e2fe3371d43d337854d0e0304d","YES"
"day01/Code.7z!lvgl_simulator-v8.3/lvgl/src/widgets/lv_textarea.c","projects/01-pc-simulator/course/lvgl/src/widgets/lv_textarea.c","f7a22e88e3d4b2154493277423f8c223039889677923541b930b04235af22972","f7a22e88e3d4b2154493277423f8c223039889677923541b930b04235af22972","YES"
"day01/Code.7z!lvgl_simulator-v8.3/lvgl/src/widgets/lv_textarea.h","projects/01-pc-simulator/course/lvgl/src/widgets/lv_textarea.h","03b4cb7ee8afffadf2428c80939a14dae834ccaa80d5d8bb641d456220962b94","03b4cb7ee8afffadf2428c80939a14dae834ccaa80d5d8bb641d456220962b94","YES"
"day01/Code.7z!lvgl_simulator-v8.3/lvgl/src/widgets/lv_widgets.mk","projects/01-pc-simulator/course/lvgl/src/widgets/lv_widgets.mk","fa85ec38fbaf3211726c150ddcc0f997781fe555f16209a0f4a66a2736365af5","fa85ec38fbaf3211726c150ddcc0f997781fe555f16209a0f4a66a2736365af5","YES"
"day01/Code.7z!lvgl_simulator-v8.3/main.c","projects/01-pc-simulator/course/main.c","33395a846e43fb3279fa3b99fd95d0cf6aa89965790f8b1626777886cbe48d0e","33395a846e43fb3279fa3b99fd95d0cf6aa89965790f8b1626777886cbe48d0e","YES"
"day01/Code.7z!lvgl_simulator-v8.3/Makefile","projects/01-pc-simulator/course/Makefile","4a07a10424e1eb24b6cf662b972592352b09b4b1e62b5e74a21f60cc0d2f5bd4","4a07a10424e1eb24b6cf662b972592352b09b4b1e62b5e74a21f60cc0d2f5bd4","YES"
"day01/Code.7z!lvgl_simulator-v8.3/mouse_cursor_icon.c","projects/01-pc-simulator/course/mouse_cursor_icon.c","d18546be51e74d70420afdf0f9f098e14ccd3d50117825027e6d99487e0e67f0","d18546be51e74d70420afdf0f9f098e14ccd3d50117825027e6d99487e0e67f0","YES"
"day01/Code.7z!lvgl_simulator-v8.3/pc_simulator.launch","projects/01-pc-simulator/course/pc_simulator.launch","64100d230f05ba98fbb81bf42901277d42b3573e8c49e7686220972723b43aa0","64100d230f05ba98fbb81bf42901277d42b3573e8c49e7686220972723b43aa0","YES"
"day01/Code.7z!lvgl_simulator-v8.3/smart_watch.c","projects/01-pc-simulator/course/smart_watch.c","653fe7708caba8c207fc41521d448330493c495edbc0f45769d18d2d67c8013d","653fe7708caba8c207fc41521d448330493c495edbc0f45769d18d2d67c8013d","YES"
"day01/Code.7z!lvgl_simulator-v8.3/smart_watch.h","projects/01-pc-simulator/course/smart_watch.h","49bfdd8e631814f7fb259f2d14fe407dc989c491031f3c55f6d168538d9093c3","49bfdd8e631814f7fb259f2d14fe407dc989c491031f3c55f6d168538d9093c3","YES"
"day01/Code.7z!lvgl_simulator-v8.3/SmartWatch_UI/CMakeLists.txt","projects/01-pc-simulator/course/SmartWatch_UI/CMakeLists.txt","84b42d0567729cf14120a6c0d394ea7e9d4a859a12de3331a26c978876785498","84b42d0567729cf14120a6c0d394ea7e9d4a859a12de3331a26c978876785498","YES"
"day01/Code.7z!lvgl_simulator-v8.3/SmartWatch_UI/components/ui_comp_hook.c","projects/01-pc-simulator/course/SmartWatch_UI/components/ui_comp_hook.c","56c3e3dd4076669a4467fc529e1215f453d30ccbb17418fc801ff33b05b53ae3","56c3e3dd4076669a4467fc529e1215f453d30ccbb17418fc801ff33b05b53ae3","YES"
"day01/Code.7z!lvgl_simulator-v8.3/SmartWatch_UI/filelist.txt","projects/01-pc-simulator/course/SmartWatch_UI/filelist.txt","84dd8cb48b4d52293aa7fdfb4eafa420e938c8a4b3180b1576ddf696adcd8787","84dd8cb48b4d52293aa7fdfb4eafa420e938c8a4b3180b1576ddf696adcd8787","YES"
"day01/Code.7z!lvgl_simulator-v8.3/SmartWatch_UI/screens/ui_Screen1.c","projects/01-pc-simulator/course/SmartWatch_UI/screens/ui_Screen1.c","162802d82fee190f2bcdbdae35ded538760770cab637ba1041b1da32b7d95fe7","162802d82fee190f2bcdbdae35ded538760770cab637ba1041b1da32b7d95fe7","YES"
"day01/Code.7z!lvgl_simulator-v8.3/SmartWatch_UI/screens/ui_Screen2.c","projects/01-pc-simulator/course/SmartWatch_UI/screens/ui_Screen2.c","0b4edf4b676219f95b6f31e48f556e183c70831deae18e93f31ffb27a7b58b8d","0b4edf4b676219f95b6f31e48f556e183c70831deae18e93f31ffb27a7b58b8d","YES"
"day01/Code.7z!lvgl_simulator-v8.3/SmartWatch_UI/screens/ui_Screen3.c","projects/01-pc-simulator/course/SmartWatch_UI/screens/ui_Screen3.c","957d8e6485e1565c93de803490322ca826a5ed61bbf9934aa8857a727a726253","957d8e6485e1565c93de803490322ca826a5ed61bbf9934aa8857a727a726253","YES"
"day01/Code.7z!lvgl_simulator-v8.3/SmartWatch_UI/screens/ui_Screen4.c","projects/01-pc-simulator/course/SmartWatch_UI/screens/ui_Screen4.c","bf242de443b1d1793c8ae49daafbb6bacb00f23b984f293b293fa6c3fc955d26","bf242de443b1d1793c8ae49daafbb6bacb00f23b984f293b293fa6c3fc955d26","YES"
"day01/Code.7z!lvgl_simulator-v8.3/SmartWatch_UI/ui_events.c","projects/01-pc-simulator/course/SmartWatch_UI/ui_events.c","0dd8daa5dd38284adc377fc698ab905e6e3636065cdd2dec0629c3949335748e","0dd8daa5dd38284adc377fc698ab905e6e3636065cdd2dec0629c3949335748e","YES"
"day01/Code.7z!lvgl_simulator-v8.3/SmartWatch_UI/ui_events.h","projects/01-pc-simulator/course/SmartWatch_UI/ui_events.h","896ce51b1311afce8a341fe7fd01a4a5cce67014f215ce12f6f89f76d4e1e0c2","896ce51b1311afce8a341fe7fd01a4a5cce67014f215ce12f6f89f76d4e1e0c2","YES"
"day01/Code.7z!lvgl_simulator-v8.3/SmartWatch_UI/ui_helpers.c","projects/01-pc-simulator/course/SmartWatch_UI/ui_helpers.c","57148f8e623058ed9ff0af4bef3da193147699cc9dc1e78fb0c6254aa70db724","57148f8e623058ed9ff0af4bef3da193147699cc9dc1e78fb0c6254aa70db724","YES"
"day01/Code.7z!lvgl_simulator-v8.3/SmartWatch_UI/ui_helpers.h","projects/01-pc-simulator/course/SmartWatch_UI/ui_helpers.h","3ada422a848dd85de41300374cfd562aed2f1b6bddff81bddfbb6bccf7e1912e","3ada422a848dd85de41300374cfd562aed2f1b6bddff81bddfbb6bccf7e1912e","YES"
"day01/Code.7z!lvgl_simulator-v8.3/SmartWatch_UI/ui_theme_manager.c","projects/01-pc-simulator/course/SmartWatch_UI/ui_theme_manager.c","941fa26ece34eeee9c35ff7dd314e3de936b8aee4309d62ee132313261534358","941fa26ece34eeee9c35ff7dd314e3de936b8aee4309d62ee132313261534358","YES"
"day01/Code.7z!lvgl_simulator-v8.3/SmartWatch_UI/ui_theme_manager.h","projects/01-pc-simulator/course/SmartWatch_UI/ui_theme_manager.h","335696fd2ef6bf01cca6614b37f305a04de091dcfb4b90aaf0693a55473661fc","335696fd2ef6bf01cca6614b37f305a04de091dcfb4b90aaf0693a55473661fc","YES"
"day01/Code.7z!lvgl_simulator-v8.3/SmartWatch_UI/ui_themes.c","projects/01-pc-simulator/course/SmartWatch_UI/ui_themes.c","3f7788f91528f6c9d6774e987fc7b67b9f38feb684dc715ebaca48ae9677b252","3f7788f91528f6c9d6774e987fc7b67b9f38feb684dc715ebaca48ae9677b252","YES"
"day01/Code.7z!lvgl_simulator-v8.3/SmartWatch_UI/ui_themes.h","projects/01-pc-simulator/course/SmartWatch_UI/ui_themes.h","1488f48e7dff9b07299067bb5cd0a6aa8e4eaa765923971fdcde389f9be33b16","1488f48e7dff9b07299067bb5cd0a6aa8e4eaa765923971fdcde389f9be33b16","YES"
"day01/Code.7z!lvgl_simulator-v8.3/SmartWatch_UI/ui.c","projects/01-pc-simulator/course/SmartWatch_UI/ui.c","176cdbcdeb230c56772baa73b46685318628d0777dc734c28a24db362bd46c82","176cdbcdeb230c56772baa73b46685318628d0777dc734c28a24db362bd46c82","YES"
"day01/Code.7z!lvgl_simulator-v8.3/SmartWatch_UI/ui.h","projects/01-pc-simulator/course/SmartWatch_UI/ui.h","9dddc9a71dc43200de133fffff0be38925c741adeb26ba9087c6ba73a33c5dfb","9dddc9a71dc43200de133fffff0be38925c741adeb26ba9087c6ba73a33c5dfb","YES"
"day03/Code.7z!01_GD32_ST7789_CST816T/Doc/readme.txt","projects/02-display-touch-bringup/course/Doc/readme.txt","5fbf26fe49eae27b2dd2bc4d71da5ec67920b322712bfb7dd30adade1d637ac8","5fbf26fe49eae27b2dd2bc4d71da5ec67920b322712bfb7dd30adade1d637ac8","YES"
"day03/Code.7z!01_GD32_ST7789_CST816T/Firmware/CMSIS/core_cm4_simd.h","projects/02-display-touch-bringup/course/Firmware/CMSIS/core_cm4_simd.h","0c2a0c2d66c7791b82ca19d10336c96518830ef359f6bfd9da7477bc2cbccbbb","0c2a0c2d66c7791b82ca19d10336c96518830ef359f6bfd9da7477bc2cbccbbb","YES"
"day03/Code.7z!01_GD32_ST7789_CST816T/Firmware/CMSIS/core_cm4.h","projects/02-display-touch-bringup/course/Firmware/CMSIS/core_cm4.h","4756546e1449d17b1a7dee2f3307f2c92c9f1d669c3f5dfc3ee1dec8aee9a8f7","4756546e1449d17b1a7dee2f3307f2c92c9f1d669c3f5dfc3ee1dec8aee9a8f7","YES"
"day03/Code.7z!01_GD32_ST7789_CST816T/Firmware/CMSIS/core_cmFunc.h","projects/02-display-touch-bringup/course/Firmware/CMSIS/core_cmFunc.h","5075ff67c8e264b83d9b391c07c6512e26abbc189e321de0d8b4375476980e5e","5075ff67c8e264b83d9b391c07c6512e26abbc189e321de0d8b4375476980e5e","YES"
"day03/Code.7z!01_GD32_ST7789_CST816T/Firmware/CMSIS/core_cmInstr.h","projects/02-display-touch-bringup/course/Firmware/CMSIS/core_cmInstr.h","c35ddca16ca04646dc70acf2d592ad9eaeaaecd8125a32abb710069648266eb5","c35ddca16ca04646dc70acf2d592ad9eaeaaecd8125a32abb710069648266eb5","YES"
"day03/Code.7z!01_GD32_ST7789_CST816T/Firmware/CMSIS/GD/GD32F4xx/Include/gd32f4xx.h","projects/02-display-touch-bringup/course/Firmware/CMSIS/GD/GD32F4xx/Include/gd32f4xx.h","96f1f6884c9885d32df760a385ca0b5e8e9b20c066f71b946771a00503623a62","96f1f6884c9885d32df760a385ca0b5e8e9b20c066f71b946771a00503623a62","YES"
"day03/Code.7z!01_GD32_ST7789_CST816T/Firmware/CMSIS/GD/GD32F4xx/Include/system_gd32f4xx.h","projects/02-display-touch-bringup/course/Firmware/CMSIS/GD/GD32F4xx/Include/system_gd32f4xx.h","98ef2dd6dd7f6d2542c4d5ca83e9869be3630b43300cb9ab453703e4277913bd","98ef2dd6dd7f6d2542c4d5ca83e9869be3630b43300cb9ab453703e4277913bd","YES"
"day03/Code.7z!01_GD32_ST7789_CST816T/Firmware/CMSIS/GD/GD32F4xx/Source/ARM/startup_gd32f405_425.s","projects/02-display-touch-bringup/course/Firmware/CMSIS/GD/GD32F4xx/Source/ARM/startup_gd32f405_425.s","aef6290f6950c0b7fb922fd12b91b3fc34ada707a6846aa5d7a1277fdd50fbd9","aef6290f6950c0b7fb922fd12b91b3fc34ada707a6846aa5d7a1277fdd50fbd9","YES"
"day03/Code.7z!01_GD32_ST7789_CST816T/Firmware/CMSIS/GD/GD32F4xx/Source/ARM/startup_gd32f407_427.s","projects/02-display-touch-bringup/course/Firmware/CMSIS/GD/GD32F4xx/Source/ARM/startup_gd32f407_427.s","65127cc1ffc7bb0c6e3ab3e1ef32c8f935d09ef4a83ac4914e089d40c39b8b5b","65127cc1ffc7bb0c6e3ab3e1ef32c8f935d09ef4a83ac4914e089d40c39b8b5b","YES"
"day03/Code.7z!01_GD32_ST7789_CST816T/Firmware/CMSIS/GD/GD32F4xx/Source/ARM/startup_gd32f450_470.s","projects/02-display-touch-bringup/course/Firmware/CMSIS/GD/GD32F4xx/Source/ARM/startup_gd32f450_470.s","a4e9852ba47aad025de9645d067fab33dda87b8e82dea6d77b3364f902345299","a4e9852ba47aad025de9645d067fab33dda87b8e82dea6d77b3364f902345299","YES"
"day03/Code.7z!01_GD32_ST7789_CST816T/Firmware/CMSIS/GD/GD32F4xx/Source/IAR/startup_gd32f405_425.s","projects/02-display-touch-bringup/course/Firmware/CMSIS/GD/GD32F4xx/Source/IAR/startup_gd32f405_425.s","70e76c6ad0182a5682773261e308008bc1102c09839605a0e058851173026836","70e76c6ad0182a5682773261e308008bc1102c09839605a0e058851173026836","YES"
"day03/Code.7z!01_GD32_ST7789_CST816T/Firmware/CMSIS/GD/GD32F4xx/Source/IAR/startup_gd32f407_427.s","projects/02-display-touch-bringup/course/Firmware/CMSIS/GD/GD32F4xx/Source/IAR/startup_gd32f407_427.s","550d6ca54de7f8fcb2791aaf9141666ba15978c55017fa6798bf0ca80a2864c6","550d6ca54de7f8fcb2791aaf9141666ba15978c55017fa6798bf0ca80a2864c6","YES"
"day03/Code.7z!01_GD32_ST7789_CST816T/Firmware/CMSIS/GD/GD32F4xx/Source/IAR/startup_gd32f450_470.s","projects/02-display-touch-bringup/course/Firmware/CMSIS/GD/GD32F4xx/Source/IAR/startup_gd32f450_470.s","ee6654f1d551c6937d014fe943342b0395a32076e5ac8dd688c600eacb9bd343","ee6654f1d551c6937d014fe943342b0395a32076e5ac8dd688c600eacb9bd343","YES"
"day03/Code.7z!01_GD32_ST7789_CST816T/Firmware/CMSIS/GD/GD32F4xx/Source/system_gd32f4xx.c","projects/02-display-touch-bringup/course/Firmware/CMSIS/GD/GD32F4xx/Source/system_gd32f4xx.c","8f66a123756716cf74297a7b54eec616f230cbbc37dfb60f21bf05d1bc070836","8f66a123756716cf74297a7b54eec616f230cbbc37dfb60f21bf05d1bc070836","YES"
"day03/Code.7z!01_GD32_ST7789_CST816T/Firmware/GD32F4xx_standard_peripheral/Include/gd32f4xx_adc.h","projects/02-display-touch-bringup/course/Firmware/GD32F4xx_standard_peripheral/Include/gd32f4xx_adc.h","d6b41e007f1ee95e5fa1b495f94924f7e6166439fbf3e9234a26b5fa6c32f1de","d6b41e007f1ee95e5fa1b495f94924f7e6166439fbf3e9234a26b5fa6c32f1de","YES"
"day03/Code.7z!01_GD32_ST7789_CST816T/Firmware/GD32F4xx_standard_peripheral/Include/gd32f4xx_can.h","projects/02-display-touch-bringup/course/Firmware/GD32F4xx_standard_peripheral/Include/gd32f4xx_can.h","62a96066d7b8a1cef45ab4092fce5058b962050eb1c9e4b3585f0e19b9f30578","62a96066d7b8a1cef45ab4092fce5058b962050eb1c9e4b3585f0e19b9f30578","YES"
"day03/Code.7z!01_GD32_ST7789_CST816T/Firmware/GD32F4xx_standard_peripheral/Include/gd32f4xx_crc.h","projects/02-display-touch-bringup/course/Firmware/GD32F4xx_standard_peripheral/Include/gd32f4xx_crc.h","4870f145aeec968f3a7a0a5068105591e1adeb9a37a5e47fdcc9d27d7d3afbd6","4870f145aeec968f3a7a0a5068105591e1adeb9a37a5e47fdcc9d27d7d3afbd6","YES"
"day03/Code.7z!01_GD32_ST7789_CST816T/Firmware/GD32F4xx_standard_peripheral/Include/gd32f4xx_ctc.h","projects/02-display-touch-bringup/course/Firmware/GD32F4xx_standard_peripheral/Include/gd32f4xx_ctc.h","900ab7d5f9c585834166a58966c8d523ff91d410066d00bbed3e6522c25782d7","900ab7d5f9c585834166a58966c8d523ff91d410066d00bbed3e6522c25782d7","YES"
"day03/Code.7z!01_GD32_ST7789_CST816T/Firmware/GD32F4xx_standard_peripheral/Include/gd32f4xx_dac.h","projects/02-display-touch-bringup/course/Firmware/GD32F4xx_standard_peripheral/Include/gd32f4xx_dac.h","86057cc0c52a32f955a12f47aba1e4997ac2daba13b10a686d8777579f638afb","86057cc0c52a32f955a12f47aba1e4997ac2daba13b10a686d8777579f638afb","YES"
"day03/Code.7z!01_GD32_ST7789_CST816T/Firmware/GD32F4xx_standard_peripheral/Include/gd32f4xx_dbg.h","projects/02-display-touch-bringup/course/Firmware/GD32F4xx_standard_peripheral/Include/gd32f4xx_dbg.h","21a089b5880f1d101116bd37eaac7a085a103901a40900e75941130d901b150e","21a089b5880f1d101116bd37eaac7a085a103901a40900e75941130d901b150e","YES"
"day03/Code.7z!01_GD32_ST7789_CST816T/Firmware/GD32F4xx_standard_peripheral/Include/gd32f4xx_dci.h","projects/02-display-touch-bringup/course/Firmware/GD32F4xx_standard_peripheral/Include/gd32f4xx_dci.h","787f449f0b2eba5bbcc92b0d50899fa668cea6ed9ccab3960eba0b2253cc7748","787f449f0b2eba5bbcc92b0d50899fa668cea6ed9ccab3960eba0b2253cc7748","YES"
"day03/Code.7z!01_GD32_ST7789_CST816T/Firmware/GD32F4xx_standard_peripheral/Include/gd32f4xx_dma.h","projects/02-display-touch-bringup/course/Firmware/GD32F4xx_standard_peripheral/Include/gd32f4xx_dma.h","f358957ebf98c4c449480a088e349cdac2716394c24fa4111de08b06fcdc5094","f358957ebf98c4c449480a088e349cdac2716394c24fa4111de08b06fcdc5094","YES"
"day03/Code.7z!01_GD32_ST7789_CST816T/Firmware/GD32F4xx_standard_peripheral/Include/gd32f4xx_enet.h","projects/02-display-touch-bringup/course/Firmware/GD32F4xx_standard_peripheral/Include/gd32f4xx_enet.h","2bdbc2be9b0e3ba398deeab38021442a2cfeedff21fc353cf3b16c717a2cdf9b","2bdbc2be9b0e3ba398deeab38021442a2cfeedff21fc353cf3b16c717a2cdf9b","YES"
"day03/Code.7z!01_GD32_ST7789_CST816T/Firmware/GD32F4xx_standard_peripheral/Include/gd32f4xx_exmc.h","projects/02-display-touch-bringup/course/Firmware/GD32F4xx_standard_peripheral/Include/gd32f4xx_exmc.h","68482b678dd868085a6be6317eec18873d43f895936e503487e843e561a0d55e","68482b678dd868085a6be6317eec18873d43f895936e503487e843e561a0d55e","YES"
"day03/Code.7z!01_GD32_ST7789_CST816T/Firmware/GD32F4xx_standard_peripheral/Include/gd32f4xx_exti.h","projects/02-display-touch-bringup/course/Firmware/GD32F4xx_standard_peripheral/Include/gd32f4xx_exti.h","705948f029f63a5995d9849a60e417d6210ece34c8e942c76a2d4e7a2b927426","705948f029f63a5995d9849a60e417d6210ece34c8e942c76a2d4e7a2b927426","YES"
"day03/Code.7z!01_GD32_ST7789_CST816T/Firmware/GD32F4xx_standard_peripheral/Include/gd32f4xx_fmc.h","projects/02-display-touch-bringup/course/Firmware/GD32F4xx_standard_peripheral/Include/gd32f4xx_fmc.h","5a5d9f0b1ce1e7486206130f80048f81a6d3e9e6337bf0a4c69d4a1d5edc9f7e","5a5d9f0b1ce1e7486206130f80048f81a6d3e9e6337bf0a4c69d4a1d5edc9f7e","YES"
"day03/Code.7z!01_GD32_ST7789_CST816T/Firmware/GD32F4xx_standard_peripheral/Include/gd32f4xx_fwdgt.h","projects/02-display-touch-bringup/course/Firmware/GD32F4xx_standard_peripheral/Include/gd32f4xx_fwdgt.h","04cb4ee0d6526910cf9ca8befc437fc6df3fdfe09fb0bc418ab7ea5c19611a50","04cb4ee0d6526910cf9ca8befc437fc6df3fdfe09fb0bc418ab7ea5c19611a50","YES"
"day03/Code.7z!01_GD32_ST7789_CST816T/Firmware/GD32F4xx_standard_peripheral/Include/gd32f4xx_gpio.h","projects/02-display-touch-bringup/course/Firmware/GD32F4xx_standard_peripheral/Include/gd32f4xx_gpio.h","a20501a28644bf45b8e3c4ab2a7237466805c1480b06e7d6c8585296d7f08787","a20501a28644bf45b8e3c4ab2a7237466805c1480b06e7d6c8585296d7f08787","YES"
"day03/Code.7z!01_GD32_ST7789_CST816T/Firmware/GD32F4xx_standard_peripheral/Include/gd32f4xx_i2c.h","projects/02-display-touch-bringup/course/Firmware/GD32F4xx_standard_peripheral/Include/gd32f4xx_i2c.h","6cf4053e2452263cdfcb98da0832ce1f2f1b0380c1bea5d4284c1df0d5cbbb05","6cf4053e2452263cdfcb98da0832ce1f2f1b0380c1bea5d4284c1df0d5cbbb05","YES"
"day03/Code.7z!01_GD32_ST7789_CST816T/Firmware/GD32F4xx_standard_peripheral/Include/gd32f4xx_ipa.h","projects/02-display-touch-bringup/course/Firmware/GD32F4xx_standard_peripheral/Include/gd32f4xx_ipa.h","1ad22068402e09bae4117e637ed972fcd7452751ccbe01c7829aea7df45ae8ae","1ad22068402e09bae4117e637ed972fcd7452751ccbe01c7829aea7df45ae8ae","YES"
"day03/Code.7z!01_GD32_ST7789_CST816T/Firmware/GD32F4xx_standard_peripheral/Include/gd32f4xx_iref.h","projects/02-display-touch-bringup/course/Firmware/GD32F4xx_standard_peripheral/Include/gd32f4xx_iref.h","d9d1e67fd4473f44b2f7e22bb78c3dfa9b5109d083af1b0fdc63ec657b241c4a","d9d1e67fd4473f44b2f7e22bb78c3dfa9b5109d083af1b0fdc63ec657b241c4a","YES"
"day03/Code.7z!01_GD32_ST7789_CST816T/Firmware/GD32F4xx_standard_peripheral/Include/gd32f4xx_misc.h","projects/02-display-touch-bringup/course/Firmware/GD32F4xx_standard_peripheral/Include/gd32f4xx_misc.h","0a918f830f0200c0e806dfb50594259783e69d8adbc27708705567f7193d35fb","0a918f830f0200c0e806dfb50594259783e69d8adbc27708705567f7193d35fb","YES"
"day03/Code.7z!01_GD32_ST7789_CST816T/Firmware/GD32F4xx_standard_peripheral/Include/gd32f4xx_pmu.h","projects/02-display-touch-bringup/course/Firmware/GD32F4xx_standard_peripheral/Include/gd32f4xx_pmu.h","b9a72b6e42083efd170c0c5fbe579c5d6417f9bbf674db36041be96fcbd84636","b9a72b6e42083efd170c0c5fbe579c5d6417f9bbf674db36041be96fcbd84636","YES"
"day03/Code.7z!01_GD32_ST7789_CST816T/Firmware/GD32F4xx_standard_peripheral/Include/gd32f4xx_rcu.h","projects/02-display-touch-bringup/course/Firmware/GD32F4xx_standard_peripheral/Include/gd32f4xx_rcu.h","ac2b2ae653edc89e674eda24e1cfe8b511b73984ae0cabed3df60ba61f8eef08","ac2b2ae653edc89e674eda24e1cfe8b511b73984ae0cabed3df60ba61f8eef08","YES"
"day03/Code.7z!01_GD32_ST7789_CST816T/Firmware/GD32F4xx_standard_peripheral/Include/gd32f4xx_rtc.h","projects/02-display-touch-bringup/course/Firmware/GD32F4xx_standard_peripheral/Include/gd32f4xx_rtc.h","1798b1b495683096d4491cf0f854957d2ad60612f65a801ed0e7a4bee49fa549","1798b1b495683096d4491cf0f854957d2ad60612f65a801ed0e7a4bee49fa549","YES"
"day03/Code.7z!01_GD32_ST7789_CST816T/Firmware/GD32F4xx_standard_peripheral/Include/gd32f4xx_sdio.h","projects/02-display-touch-bringup/course/Firmware/GD32F4xx_standard_peripheral/Include/gd32f4xx_sdio.h","8d6813efc565e3085611d767ea4e670e0c76a256c6f17fc93f313bcb11d0385a","8d6813efc565e3085611d767ea4e670e0c76a256c6f17fc93f313bcb11d0385a","YES"
"day03/Code.7z!01_GD32_ST7789_CST816T/Firmware/GD32F4xx_standard_peripheral/Include/gd32f4xx_spi.h","projects/02-display-touch-bringup/course/Firmware/GD32F4xx_standard_peripheral/Include/gd32f4xx_spi.h","4c6360c8fe58d4a38e4870bcba17630857551d3ec7b4bd3ddeb5085c31240b1c","4c6360c8fe58d4a38e4870bcba17630857551d3ec7b4bd3ddeb5085c31240b1c","YES"
"day03/Code.7z!01_GD32_ST7789_CST816T/Firmware/GD32F4xx_standard_peripheral/Include/gd32f4xx_syscfg.h","projects/02-display-touch-bringup/course/Firmware/GD32F4xx_standard_peripheral/Include/gd32f4xx_syscfg.h","5060fef0a07a3fc1396a31f09f95fe1d134f8a1fb1581e3dd98bb6078108c447","5060fef0a07a3fc1396a31f09f95fe1d134f8a1fb1581e3dd98bb6078108c447","YES"
"day03/Code.7z!01_GD32_ST7789_CST816T/Firmware/GD32F4xx_standard_peripheral/Include/gd32f4xx_timer.h","projects/02-display-touch-bringup/course/Firmware/GD32F4xx_standard_peripheral/Include/gd32f4xx_timer.h","7a79f81f1d862a1b49f23bfe05b1ac751a71e761b6e63c2dffabe6c7bc69ac49","7a79f81f1d862a1b49f23bfe05b1ac751a71e761b6e63c2dffabe6c7bc69ac49","YES"
"day03/Code.7z!01_GD32_ST7789_CST816T/Firmware/GD32F4xx_standard_peripheral/Include/gd32f4xx_tli.h","projects/02-display-touch-bringup/course/Firmware/GD32F4xx_standard_peripheral/Include/gd32f4xx_tli.h","1b94ea157ac8ce2fed962b0c4ff95b6702c6194300aa51b04c3aafe493768d2a","1b94ea157ac8ce2fed962b0c4ff95b6702c6194300aa51b04c3aafe493768d2a","YES"
"day03/Code.7z!01_GD32_ST7789_CST816T/Firmware/GD32F4xx_standard_peripheral/Include/gd32f4xx_trng.h","projects/02-display-touch-bringup/course/Firmware/GD32F4xx_standard_peripheral/Include/gd32f4xx_trng.h","91e2bb5affefa65f90927fad795faa0f4204516284eca38e461506f0cd9ca924","91e2bb5affefa65f90927fad795faa0f4204516284eca38e461506f0cd9ca924","YES"
"day03/Code.7z!01_GD32_ST7789_CST816T/Firmware/GD32F4xx_standard_peripheral/Include/gd32f4xx_usart.h","projects/02-display-touch-bringup/course/Firmware/GD32F4xx_standard_peripheral/Include/gd32f4xx_usart.h","6cf40e957a1216c99e3663d667de1944c42272897011834bf20adcd97e791074","6cf40e957a1216c99e3663d667de1944c42272897011834bf20adcd97e791074","YES"
"day03/Code.7z!01_GD32_ST7789_CST816T/Firmware/GD32F4xx_standard_peripheral/Include/gd32f4xx_wwdgt.h","projects/02-display-touch-bringup/course/Firmware/GD32F4xx_standard_peripheral/Include/gd32f4xx_wwdgt.h","01eecfc98b4507aeb8f0afbe7d994ea0a617a79e5d4eb2d1d4a85979ba014efe","01eecfc98b4507aeb8f0afbe7d994ea0a617a79e5d4eb2d1d4a85979ba014efe","YES"
"day03/Code.7z!01_GD32_ST7789_CST816T/Firmware/GD32F4xx_standard_peripheral/Source/gd32f4xx_adc.c","projects/02-display-touch-bringup/course/Firmware/GD32F4xx_standard_peripheral/Source/gd32f4xx_adc.c","8a5c91ec7a397b53efd086646674d273ece00f36c9610ab50715fe1521ba4112","8a5c91ec7a397b53efd086646674d273ece00f36c9610ab50715fe1521ba4112","YES"
"day03/Code.7z!01_GD32_ST7789_CST816T/Firmware/GD32F4xx_standard_peripheral/Source/gd32f4xx_can.c","projects/02-display-touch-bringup/course/Firmware/GD32F4xx_standard_peripheral/Source/gd32f4xx_can.c","ce0e343b00856972eabaccc1f4d88c051796a8d1e30c4596312fc29a533db8ba","ce0e343b00856972eabaccc1f4d88c051796a8d1e30c4596312fc29a533db8ba","YES"
"day03/Code.7z!01_GD32_ST7789_CST816T/Firmware/GD32F4xx_standard_peripheral/Source/gd32f4xx_crc.c","projects/02-display-touch-bringup/course/Firmware/GD32F4xx_standard_peripheral/Source/gd32f4xx_crc.c","c14034159e72e082aa70e2a8cba60ffcf950b63d75ae467706632f32ec00f315","c14034159e72e082aa70e2a8cba60ffcf950b63d75ae467706632f32ec00f315","YES"
"day03/Code.7z!01_GD32_ST7789_CST816T/Firmware/GD32F4xx_standard_peripheral/Source/gd32f4xx_ctc.c","projects/02-display-touch-bringup/course/Firmware/GD32F4xx_standard_peripheral/Source/gd32f4xx_ctc.c","07f4a6385c6ffb2e18ecf95daae6a431fb91262fa988835a249a64f4002280a1","07f4a6385c6ffb2e18ecf95daae6a431fb91262fa988835a249a64f4002280a1","YES"
"day03/Code.7z!01_GD32_ST7789_CST816T/Firmware/GD32F4xx_standard_peripheral/Source/gd32f4xx_dac.c","projects/02-display-touch-bringup/course/Firmware/GD32F4xx_standard_peripheral/Source/gd32f4xx_dac.c","ace5c99f1e2774d955ca4e4d5d6e81b2d831f718098487ea3e8c2c34c960e160","ace5c99f1e2774d955ca4e4d5d6e81b2d831f718098487ea3e8c2c34c960e160","YES"
"day03/Code.7z!01_GD32_ST7789_CST816T/Firmware/GD32F4xx_standard_peripheral/Source/gd32f4xx_dbg.c","projects/02-display-touch-bringup/course/Firmware/GD32F4xx_standard_peripheral/Source/gd32f4xx_dbg.c","6eec659fd6b5c549226bae8e9c9c78785b064d557434189bb221287d550fe291","6eec659fd6b5c549226bae8e9c9c78785b064d557434189bb221287d550fe291","YES"
"day03/Code.7z!01_GD32_ST7789_CST816T/Firmware/GD32F4xx_standard_peripheral/Source/gd32f4xx_dci.c","projects/02-display-touch-bringup/course/Firmware/GD32F4xx_standard_peripheral/Source/gd32f4xx_dci.c","b99613d9a21a02dd39117f30b9a488b859209ab3489dcfde7361d147cdf76516","b99613d9a21a02dd39117f30b9a488b859209ab3489dcfde7361d147cdf76516","YES"
"day03/Code.7z!01_GD32_ST7789_CST816T/Firmware/GD32F4xx_standard_peripheral/Source/gd32f4xx_dma.c","projects/02-display-touch-bringup/course/Firmware/GD32F4xx_standard_peripheral/Source/gd32f4xx_dma.c","2d943a169ababcc22cbc6c41665f5ce375c30b63005954e1d34bb3218cb63faf","2d943a169ababcc22cbc6c41665f5ce375c30b63005954e1d34bb3218cb63faf","YES"
"day03/Code.7z!01_GD32_ST7789_CST816T/Firmware/GD32F4xx_standard_peripheral/Source/gd32f4xx_enet.c","projects/02-display-touch-bringup/course/Firmware/GD32F4xx_standard_peripheral/Source/gd32f4xx_enet.c","3051e8737c463d23d07b9c9ad937bc7c488bb573738b2313982870daa670e87e","3051e8737c463d23d07b9c9ad937bc7c488bb573738b2313982870daa670e87e","YES"
"day03/Code.7z!01_GD32_ST7789_CST816T/Firmware/GD32F4xx_standard_peripheral/Source/gd32f4xx_exmc.c","projects/02-display-touch-bringup/course/Firmware/GD32F4xx_standard_peripheral/Source/gd32f4xx_exmc.c","e4a79b377c89d9eb8bd5be101e273ad5efba0c2a24fb4621ab7bc124beeeaebf","e4a79b377c89d9eb8bd5be101e273ad5efba0c2a24fb4621ab7bc124beeeaebf","YES"
"day03/Code.7z!01_GD32_ST7789_CST816T/Firmware/GD32F4xx_standard_peripheral/Source/gd32f4xx_exti.c","projects/02-display-touch-bringup/course/Firmware/GD32F4xx_standard_peripheral/Source/gd32f4xx_exti.c","fce4a7eca93486d71a9e5758642f2282ae7f8805dbb559312837a0b17577fe58","fce4a7eca93486d71a9e5758642f2282ae7f8805dbb559312837a0b17577fe58","YES"
"day03/Code.7z!01_GD32_ST7789_CST816T/Firmware/GD32F4xx_standard_peripheral/Source/gd32f4xx_fmc.c","projects/02-display-touch-bringup/course/Firmware/GD32F4xx_standard_peripheral/Source/gd32f4xx_fmc.c","15408829d2405432fc8ed73d5d8c6bbb1e6c74540f1b817983babd62e22cab16","15408829d2405432fc8ed73d5d8c6bbb1e6c74540f1b817983babd62e22cab16","YES"
"day03/Code.7z!01_GD32_ST7789_CST816T/Firmware/GD32F4xx_standard_peripheral/Source/gd32f4xx_fwdgt.c","projects/02-display-touch-bringup/course/Firmware/GD32F4xx_standard_peripheral/Source/gd32f4xx_fwdgt.c","05b67d15069ced6f0472e4115ecd16064402e0d6220561499000025a8cd189b7","05b67d15069ced6f0472e4115ecd16064402e0d6220561499000025a8cd189b7","YES"
"day03/Code.7z!01_GD32_ST7789_CST816T/Firmware/GD32F4xx_standard_peripheral/Source/gd32f4xx_gpio.c","projects/02-display-touch-bringup/course/Firmware/GD32F4xx_standard_peripheral/Source/gd32f4xx_gpio.c","262befe864d5da3bada64d0b3dab29e5c2747e46b154ede8bcab0b788db614e0","262befe864d5da3bada64d0b3dab29e5c2747e46b154ede8bcab0b788db614e0","YES"
"day03/Code.7z!01_GD32_ST7789_CST816T/Firmware/GD32F4xx_standard_peripheral/Source/gd32f4xx_i2c.c","projects/02-display-touch-bringup/course/Firmware/GD32F4xx_standard_peripheral/Source/gd32f4xx_i2c.c","8edfaf1a8f0bf2833923d0072fe1b9d0467382b3ec1d243e918d0de9711cccd2","8edfaf1a8f0bf2833923d0072fe1b9d0467382b3ec1d243e918d0de9711cccd2","YES"
"day03/Code.7z!01_GD32_ST7789_CST816T/Firmware/GD32F4xx_standard_peripheral/Source/gd32f4xx_ipa.c","projects/02-display-touch-bringup/course/Firmware/GD32F4xx_standard_peripheral/Source/gd32f4xx_ipa.c","38a8350304763c1c83b4d2341f6782b090ca09abe541ac360089b5cb454bcf57","38a8350304763c1c83b4d2341f6782b090ca09abe541ac360089b5cb454bcf57","YES"
"day03/Code.7z!01_GD32_ST7789_CST816T/Firmware/GD32F4xx_standard_peripheral/Source/gd32f4xx_iref.c","projects/02-display-touch-bringup/course/Firmware/GD32F4xx_standard_peripheral/Source/gd32f4xx_iref.c","24f2fcfcd20882fd3e65773a281a827bf5391a0a8054324eef7c98bb3f2b9b80","24f2fcfcd20882fd3e65773a281a827bf5391a0a8054324eef7c98bb3f2b9b80","YES"
"day03/Code.7z!01_GD32_ST7789_CST816T/Firmware/GD32F4xx_standard_peripheral/Source/gd32f4xx_misc.c","projects/02-display-touch-bringup/course/Firmware/GD32F4xx_standard_peripheral/Source/gd32f4xx_misc.c","1cd262f295155428c25dedc69bfbab99f7a99de09e0b602eca1f2c6017cfe2da","1cd262f295155428c25dedc69bfbab99f7a99de09e0b602eca1f2c6017cfe2da","YES"
"day03/Code.7z!01_GD32_ST7789_CST816T/Firmware/GD32F4xx_standard_peripheral/Source/gd32f4xx_pmu.c","projects/02-display-touch-bringup/course/Firmware/GD32F4xx_standard_peripheral/Source/gd32f4xx_pmu.c","dafa94838a55132e3313234c5ac2be6172116dc26574347363d554effb186d79","dafa94838a55132e3313234c5ac2be6172116dc26574347363d554effb186d79","YES"
"day03/Code.7z!01_GD32_ST7789_CST816T/Firmware/GD32F4xx_standard_peripheral/Source/gd32f4xx_rcu.c","projects/02-display-touch-bringup/course/Firmware/GD32F4xx_standard_peripheral/Source/gd32f4xx_rcu.c","6c1030eb58ec7cb9c41e2a1ff31ddef87f70dd083222327978234004c4e95b98","6c1030eb58ec7cb9c41e2a1ff31ddef87f70dd083222327978234004c4e95b98","YES"
"day03/Code.7z!01_GD32_ST7789_CST816T/Firmware/GD32F4xx_standard_peripheral/Source/gd32f4xx_rtc.c","projects/02-display-touch-bringup/course/Firmware/GD32F4xx_standard_peripheral/Source/gd32f4xx_rtc.c","eea5bcb92c88a7bab9f3740f8e9408236412a546b03a5467f21b0f94a01183e7","eea5bcb92c88a7bab9f3740f8e9408236412a546b03a5467f21b0f94a01183e7","YES"
"day03/Code.7z!01_GD32_ST7789_CST816T/Firmware/GD32F4xx_standard_peripheral/Source/gd32f4xx_sdio.c","projects/02-display-touch-bringup/course/Firmware/GD32F4xx_standard_peripheral/Source/gd32f4xx_sdio.c","9d8f3e488c74c44a30c4d0bbb9cd8d86555d898ca9c36f259ce57609959b9854","9d8f3e488c74c44a30c4d0bbb9cd8d86555d898ca9c36f259ce57609959b9854","YES"
"day03/Code.7z!01_GD32_ST7789_CST816T/Firmware/GD32F4xx_standard_peripheral/Source/gd32f4xx_spi.c","projects/02-display-touch-bringup/course/Firmware/GD32F4xx_standard_peripheral/Source/gd32f4xx_spi.c","ce06438e9ad5882a0fca88dfe658dd925ed3320ba574c2797e2f93acf6142459","ce06438e9ad5882a0fca88dfe658dd925ed3320ba574c2797e2f93acf6142459","YES"
"day03/Code.7z!01_GD32_ST7789_CST816T/Firmware/GD32F4xx_standard_peripheral/Source/gd32f4xx_syscfg.c","projects/02-display-touch-bringup/course/Firmware/GD32F4xx_standard_peripheral/Source/gd32f4xx_syscfg.c","51a7a5e70f3064424cc6e2f6a06942b47adaac8c36a6612ee08b1643557b3ca3","51a7a5e70f3064424cc6e2f6a06942b47adaac8c36a6612ee08b1643557b3ca3","YES"
"day03/Code.7z!01_GD32_ST7789_CST816T/Firmware/GD32F4xx_standard_peripheral/Source/gd32f4xx_timer.c","projects/02-display-touch-bringup/course/Firmware/GD32F4xx_standard_peripheral/Source/gd32f4xx_timer.c","3961465cf6ba39554e34c02183c50676a4ab9b3991a6aad32d271754b2506b14","3961465cf6ba39554e34c02183c50676a4ab9b3991a6aad32d271754b2506b14","YES"
"day03/Code.7z!01_GD32_ST7789_CST816T/Firmware/GD32F4xx_standard_peripheral/Source/gd32f4xx_tli.c","projects/02-display-touch-bringup/course/Firmware/GD32F4xx_standard_peripheral/Source/gd32f4xx_tli.c","881a02e692afd4a0b6848a929b0b8c79148911ad7543cf611287c45e82372541","881a02e692afd4a0b6848a929b0b8c79148911ad7543cf611287c45e82372541","YES"
"day03/Code.7z!01_GD32_ST7789_CST816T/Firmware/GD32F4xx_standard_peripheral/Source/gd32f4xx_trng.c","projects/02-display-touch-bringup/course/Firmware/GD32F4xx_standard_peripheral/Source/gd32f4xx_trng.c","ba9093d046a01c997aa54d2de9f663e8af32fb9e53c950cfc640f1033fcd6c53","ba9093d046a01c997aa54d2de9f663e8af32fb9e53c950cfc640f1033fcd6c53","YES"
"day03/Code.7z!01_GD32_ST7789_CST816T/Firmware/GD32F4xx_standard_peripheral/Source/gd32f4xx_usart.c","projects/02-display-touch-bringup/course/Firmware/GD32F4xx_standard_peripheral/Source/gd32f4xx_usart.c","f67fa54d9c9537317be92d95fd880a394d9abe98df708e5aa821fbfa392ae9b0","f67fa54d9c9537317be92d95fd880a394d9abe98df708e5aa821fbfa392ae9b0","YES"
"day03/Code.7z!01_GD32_ST7789_CST816T/Firmware/GD32F4xx_standard_peripheral/Source/gd32f4xx_wwdgt.c","projects/02-display-touch-bringup/course/Firmware/GD32F4xx_standard_peripheral/Source/gd32f4xx_wwdgt.c","0ed39de6f0101e10ddcb476e6ef21c44d2282d4f689d0d0d70f9e04940e6f0fe","0ed39de6f0101e10ddcb476e6ef21c44d2282d4f689d0d0d70f9e04940e6f0fe","YES"
"day03/Code.7z!01_GD32_ST7789_CST816T/Firmware/GD32F4xx_usb_library/device/class/audio/Include/audio_core.h","projects/02-display-touch-bringup/course/Firmware/GD32F4xx_usb_library/device/class/audio/Include/audio_core.h","d4550583ad93fb3eed7d288fb84ca5e1b57269e088fb073e541a666b636fec00","d4550583ad93fb3eed7d288fb84ca5e1b57269e088fb073e541a666b636fec00","YES"
"day03/Code.7z!01_GD32_ST7789_CST816T/Firmware/GD32F4xx_usb_library/device/class/audio/Include/audio_out_itf.h","projects/02-display-touch-bringup/course/Firmware/GD32F4xx_usb_library/device/class/audio/Include/audio_out_itf.h","77fb54dea6431af26c1de2b1ccfb8186fac92519d817556fe6b31fde7947310b","77fb54dea6431af26c1de2b1ccfb8186fac92519d817556fe6b31fde7947310b","YES"
"day03/Code.7z!01_GD32_ST7789_CST816T/Firmware/GD32F4xx_usb_library/device/class/audio/Source/audio_core.c","projects/02-display-touch-bringup/course/Firmware/GD32F4xx_usb_library/device/class/audio/Source/audio_core.c","e134abab42ada7e2d9c6bad56032f4358fbd37b82e3861496bfe8dc7b4263d32","e134abab42ada7e2d9c6bad56032f4358fbd37b82e3861496bfe8dc7b4263d32","YES"
"day03/Code.7z!01_GD32_ST7789_CST816T/Firmware/GD32F4xx_usb_library/device/class/audio/Source/audio_out_itf.c","projects/02-display-touch-bringup/course/Firmware/GD32F4xx_usb_library/device/class/audio/Source/audio_out_itf.c","33f0490e4b3ce2315d51257bb877a233ba7293bf83f1272113382989476b887b","33f0490e4b3ce2315d51257bb877a233ba7293bf83f1272113382989476b887b","YES"
"day03/Code.7z!01_GD32_ST7789_CST816T/Firmware/GD32F4xx_usb_library/device/class/cdc/Include/cdc_acm_core.h","projects/02-display-touch-bringup/course/Firmware/GD32F4xx_usb_library/device/class/cdc/Include/cdc_acm_core.h","58a53b46a222a4ca1b4f35901a48555a22ff6c8ef95dcb23e651a64512a0b8ec","58a53b46a222a4ca1b4f35901a48555a22ff6c8ef95dcb23e651a64512a0b8ec","YES"
"day03/Code.7z!01_GD32_ST7789_CST816T/Firmware/GD32F4xx_usb_library/device/class/cdc/Source/cdc_acm_core.c","projects/02-display-touch-bringup/course/Firmware/GD32F4xx_usb_library/device/class/cdc/Source/cdc_acm_core.c","92f6d272cb501a2e0e8020a5c7c3fdbf3f6267044a5f00c248a53bdc23867e71","92f6d272cb501a2e0e8020a5c7c3fdbf3f6267044a5f00c248a53bdc23867e71","YES"
"day03/Code.7z!01_GD32_ST7789_CST816T/Firmware/GD32F4xx_usb_library/device/class/dfu/Include/dfu_core.h","projects/02-display-touch-bringup/course/Firmware/GD32F4xx_usb_library/device/class/dfu/Include/dfu_core.h","b074e46c11dfc3d6f057e7c91263a7894a8598f5ad27062a8f0c737739f0ac4b","b074e46c11dfc3d6f057e7c91263a7894a8598f5ad27062a8f0c737739f0ac4b","YES"
"day03/Code.7z!01_GD32_ST7789_CST816T/Firmware/GD32F4xx_usb_library/device/class/dfu/Include/dfu_mem.h","projects/02-display-touch-bringup/course/Firmware/GD32F4xx_usb_library/device/class/dfu/Include/dfu_mem.h","ee0fa900e1595041db2524e57a7684a911afec27bd737544cb8acc1a419b54f3","ee0fa900e1595041db2524e57a7684a911afec27bd737544cb8acc1a419b54f3","YES"
"day03/Code.7z!01_GD32_ST7789_CST816T/Firmware/GD32F4xx_usb_library/device/class/dfu/Source/dfu_core.c","projects/02-display-touch-bringup/course/Firmware/GD32F4xx_usb_library/device/class/dfu/Source/dfu_core.c","ee0b61f48e523f816e1977ab5667701d4a30c9d7994809daec56a6c22b6b23f2","ee0b61f48e523f816e1977ab5667701d4a30c9d7994809daec56a6c22b6b23f2","YES"
"day03/Code.7z!01_GD32_ST7789_CST816T/Firmware/GD32F4xx_usb_library/device/class/dfu/Source/dfu_mem.c","projects/02-display-touch-bringup/course/Firmware/GD32F4xx_usb_library/device/class/dfu/Source/dfu_mem.c","1740852fd0411642aad47bf10951d51de5338ca02239c634c4a28211cc0b6bd5","1740852fd0411642aad47bf10951d51de5338ca02239c634c4a28211cc0b6bd5","YES"
"day03/Code.7z!01_GD32_ST7789_CST816T/Firmware/GD32F4xx_usb_library/device/class/hid/Include/custom_hid_core.h","projects/02-display-touch-bringup/course/Firmware/GD32F4xx_usb_library/device/class/hid/Include/custom_hid_core.h","3d8630539b539b75241b088ba5cb2bd6a6377ebe6a0c026e14e4d9f618149f3c","3d8630539b539b75241b088ba5cb2bd6a6377ebe6a0c026e14e4d9f618149f3c","YES"
"day03/Code.7z!01_GD32_ST7789_CST816T/Firmware/GD32F4xx_usb_library/device/class/hid/Include/standard_hid_core.h","projects/02-display-touch-bringup/course/Firmware/GD32F4xx_usb_library/device/class/hid/Include/standard_hid_core.h","b43958e8ef0bb4e5939d1b1279f2b4d25791abd357c51504fb08c6bf5cde5a55","b43958e8ef0bb4e5939d1b1279f2b4d25791abd357c51504fb08c6bf5cde5a55","YES"
"day03/Code.7z!01_GD32_ST7789_CST816T/Firmware/GD32F4xx_usb_library/device/class/hid/Source/custom_hid_core.c","projects/02-display-touch-bringup/course/Firmware/GD32F4xx_usb_library/device/class/hid/Source/custom_hid_core.c","e31d924422097b600884693e2cfb38c20e4215861dfc8bbdff3058c9a9133668","e31d924422097b600884693e2cfb38c20e4215861dfc8bbdff3058c9a9133668","YES"
"day03/Code.7z!01_GD32_ST7789_CST816T/Firmware/GD32F4xx_usb_library/device/class/hid/Source/standard_hid_core.c","projects/02-display-touch-bringup/course/Firmware/GD32F4xx_usb_library/device/class/hid/Source/standard_hid_core.c","976542c7fc8c038846c71e4c5e6755b3c9364c8c09425f671fa694f1f14889a1","976542c7fc8c038846c71e4c5e6755b3c9364c8c09425f671fa694f1f14889a1","YES"
"day03/Code.7z!01_GD32_ST7789_CST816T/Firmware/GD32F4xx_usb_library/device/class/iap/Include/usb_iap_core.h","projects/02-display-touch-bringup/course/Firmware/GD32F4xx_usb_library/device/class/iap/Include/usb_iap_core.h","0c5491567e7452be4cdc0099bc8f6e5b6aca7b9c273fdb95647264938337c163","0c5491567e7452be4cdc0099bc8f6e5b6aca7b9c273fdb95647264938337c163","YES"
"day03/Code.7z!01_GD32_ST7789_CST816T/Firmware/GD32F4xx_usb_library/device/class/iap/Source/usb_iap_core.c","projects/02-display-touch-bringup/course/Firmware/GD32F4xx_usb_library/device/class/iap/Source/usb_iap_core.c","b48d8edb4882f57e2ee0b7cd17d94a4ea574bbfdb3ef72f35355fb7b8cbf374d","b48d8edb4882f57e2ee0b7cd17d94a4ea574bbfdb3ef72f35355fb7b8cbf374d","YES"
"day03/Code.7z!01_GD32_ST7789_CST816T/Firmware/GD32F4xx_usb_library/device/class/msc/Include/usbd_msc_bbb.h","projects/02-display-touch-bringup/course/Firmware/GD32F4xx_usb_library/device/class/msc/Include/usbd_msc_bbb.h","fce4e4a9e17e3c7ad6ef23bf6284354b3c1e0bc79e2e3d8c51c00c7cba88598f","fce4e4a9e17e3c7ad6ef23bf6284354b3c1e0bc79e2e3d8c51c00c7cba88598f","YES"
"day03/Code.7z!01_GD32_ST7789_CST816T/Firmware/GD32F4xx_usb_library/device/class/msc/Include/usbd_msc_core.h","projects/02-display-touch-bringup/course/Firmware/GD32F4xx_usb_library/device/class/msc/Include/usbd_msc_core.h","1b56e50c7f78bd46cc86e131565da5a3ca050901171a99d33526283996d0062c","1b56e50c7f78bd46cc86e131565da5a3ca050901171a99d33526283996d0062c","YES"
"day03/Code.7z!01_GD32_ST7789_CST816T/Firmware/GD32F4xx_usb_library/device/class/msc/Include/usbd_msc_mem.h","projects/02-display-touch-bringup/course/Firmware/GD32F4xx_usb_library/device/class/msc/Include/usbd_msc_mem.h","4219910f0d5565cbf2cb7de2191fffad41f01f9903ec160827c6f441fc9fe241","4219910f0d5565cbf2cb7de2191fffad41f01f9903ec160827c6f441fc9fe241","YES"
"day03/Code.7z!01_GD32_ST7789_CST816T/Firmware/GD32F4xx_usb_library/device/class/msc/Include/usbd_msc_scsi.h","projects/02-display-touch-bringup/course/Firmware/GD32F4xx_usb_library/device/class/msc/Include/usbd_msc_scsi.h","8a843a759a5d1013db6524b1547453013da00c202f03a7011b604c8e79f96a2d","8a843a759a5d1013db6524b1547453013da00c202f03a7011b604c8e79f96a2d","YES"
"day03/Code.7z!01_GD32_ST7789_CST816T/Firmware/GD32F4xx_usb_library/device/class/msc/Source/usbd_msc_bbb.c","projects/02-display-touch-bringup/course/Firmware/GD32F4xx_usb_library/device/class/msc/Source/usbd_msc_bbb.c","d613ecddab72a03de672e4669f2549f5ce93259c09819fcbd78db49dbbefa4a5","d613ecddab72a03de672e4669f2549f5ce93259c09819fcbd78db49dbbefa4a5","YES"
"day03/Code.7z!01_GD32_ST7789_CST816T/Firmware/GD32F4xx_usb_library/device/class/msc/Source/usbd_msc_core.c","projects/02-display-touch-bringup/course/Firmware/GD32F4xx_usb_library/device/class/msc/Source/usbd_msc_core.c","5c5983c2884b08aa4a480b29929e20a502741c56cefd717e48a6fe5c807bbb5c","5c5983c2884b08aa4a480b29929e20a502741c56cefd717e48a6fe5c807bbb5c","YES"
"day03/Code.7z!01_GD32_ST7789_CST816T/Firmware/GD32F4xx_usb_library/device/class/msc/Source/usbd_msc_scsi.c","projects/02-display-touch-bringup/course/Firmware/GD32F4xx_usb_library/device/class/msc/Source/usbd_msc_scsi.c","062e1df310c0feed9372585e09d4a317f65b8e0e03bd70c14aa7418a99c5effd","062e1df310c0feed9372585e09d4a317f65b8e0e03bd70c14aa7418a99c5effd","YES"
"day03/Code.7z!01_GD32_ST7789_CST816T/Firmware/GD32F4xx_usb_library/device/class/printer/Include/printer_core.h","projects/02-display-touch-bringup/course/Firmware/GD32F4xx_usb_library/device/class/printer/Include/printer_core.h","4231dae7349cc3643150ec1e90a5cefb4adf23adc0314e82ef001bdfcd7d7e8c","4231dae7349cc3643150ec1e90a5cefb4adf23adc0314e82ef001bdfcd7d7e8c","YES"
"day03/Code.7z!01_GD32_ST7789_CST816T/Firmware/GD32F4xx_usb_library/device/class/printer/Source/printer_core.c","projects/02-display-touch-bringup/course/Firmware/GD32F4xx_usb_library/device/class/printer/Source/printer_core.c","93eb77ff7a45da1424244e1ffa25755a259e43b815d00b14c319bec17a079831","93eb77ff7a45da1424244e1ffa25755a259e43b815d00b14c319bec17a079831","YES"
"day03/Code.7z!01_GD32_ST7789_CST816T/Firmware/GD32F4xx_usb_library/device/core/Include/usbd_core.h","projects/02-display-touch-bringup/course/Firmware/GD32F4xx_usb_library/device/core/Include/usbd_core.h","a205d78d7c4299519538d5057744916bcb5459ec963bfbd6aa42101197b15041","a205d78d7c4299519538d5057744916bcb5459ec963bfbd6aa42101197b15041","YES"
"day03/Code.7z!01_GD32_ST7789_CST816T/Firmware/GD32F4xx_usb_library/device/core/Include/usbd_enum.h","projects/02-display-touch-bringup/course/Firmware/GD32F4xx_usb_library/device/core/Include/usbd_enum.h","9de97ed85ba71120379bf876faf752fa7900784d1614c18d1e9ecea6c7e2c897","9de97ed85ba71120379bf876faf752fa7900784d1614c18d1e9ecea6c7e2c897","YES"
"day03/Code.7z!01_GD32_ST7789_CST816T/Firmware/GD32F4xx_usb_library/device/core/Include/usbd_transc.h","projects/02-display-touch-bringup/course/Firmware/GD32F4xx_usb_library/device/core/Include/usbd_transc.h","7598a18b6aa5696b7d15c3f8da6f0f04c37bca44d48c86fd5a7bd92850a17681","7598a18b6aa5696b7d15c3f8da6f0f04c37bca44d48c86fd5a7bd92850a17681","YES"
"day03/Code.7z!01_GD32_ST7789_CST816T/Firmware/GD32F4xx_usb_library/device/core/Source/usbd_core.c","projects/02-display-touch-bringup/course/Firmware/GD32F4xx_usb_library/device/core/Source/usbd_core.c","74a04240e3912ef2d959396250678ff65e41a6d65e4c92cddb7babebc646a12f","74a04240e3912ef2d959396250678ff65e41a6d65e4c92cddb7babebc646a12f","YES"
"day03/Code.7z!01_GD32_ST7789_CST816T/Firmware/GD32F4xx_usb_library/device/core/Source/usbd_enum.c","projects/02-display-touch-bringup/course/Firmware/GD32F4xx_usb_library/device/core/Source/usbd_enum.c","07c9d4af518d9659d3696a574638d2238413c849345915f347b1ce91c02a81ee","07c9d4af518d9659d3696a574638d2238413c849345915f347b1ce91c02a81ee","YES"
"day03/Code.7z!01_GD32_ST7789_CST816T/Firmware/GD32F4xx_usb_library/device/core/Source/usbd_transc.c","projects/02-display-touch-bringup/course/Firmware/GD32F4xx_usb_library/device/core/Source/usbd_transc.c","ce5e569f4cbb0918250c03000276fd987e116e69f489eec7b049b790a5a87f37","ce5e569f4cbb0918250c03000276fd987e116e69f489eec7b049b790a5a87f37","YES"
"day03/Code.7z!01_GD32_ST7789_CST816T/Firmware/GD32F4xx_usb_library/driver/Include/drv_usb_core.h","projects/02-display-touch-bringup/course/Firmware/GD32F4xx_usb_library/driver/Include/drv_usb_core.h","d7957d291f199b35772ce89782b17558bcc73b935f66f80c5b7fbe16ddba5875","d7957d291f199b35772ce89782b17558bcc73b935f66f80c5b7fbe16ddba5875","YES"
"day03/Code.7z!01_GD32_ST7789_CST816T/Firmware/GD32F4xx_usb_library/driver/Include/drv_usb_dev.h","projects/02-display-touch-bringup/course/Firmware/GD32F4xx_usb_library/driver/Include/drv_usb_dev.h","caf5d56ebafdba9fc9f167418a1616e4291b112edbf47a8654bd9a98f8c17b9a","caf5d56ebafdba9fc9f167418a1616e4291b112edbf47a8654bd9a98f8c17b9a","YES"
"day03/Code.7z!01_GD32_ST7789_CST816T/Firmware/GD32F4xx_usb_library/driver/Include/drv_usb_host.h","projects/02-display-touch-bringup/course/Firmware/GD32F4xx_usb_library/driver/Include/drv_usb_host.h","fb4056a260f60fda977ab1139ebfcf00e53b5c3e697fdda573b902a413bfff14","fb4056a260f60fda977ab1139ebfcf00e53b5c3e697fdda573b902a413bfff14","YES"
"day03/Code.7z!01_GD32_ST7789_CST816T/Firmware/GD32F4xx_usb_library/driver/Include/drv_usb_hw.h","projects/02-display-touch-bringup/course/Firmware/GD32F4xx_usb_library/driver/Include/drv_usb_hw.h","81dbb2d76cd496106998eaa694da78184988c9618e06cfe573e5d6b5fa1c1f20","81dbb2d76cd496106998eaa694da78184988c9618e06cfe573e5d6b5fa1c1f20","YES"
"day03/Code.7z!01_GD32_ST7789_CST816T/Firmware/GD32F4xx_usb_library/driver/Include/drv_usb_regs.h","projects/02-display-touch-bringup/course/Firmware/GD32F4xx_usb_library/driver/Include/drv_usb_regs.h","048a97f0ff66f557ee6a5e829f8aa0336d69e13e63151cf4d64092d0ff9606ba","048a97f0ff66f557ee6a5e829f8aa0336d69e13e63151cf4d64092d0ff9606ba","YES"
"day03/Code.7z!01_GD32_ST7789_CST816T/Firmware/GD32F4xx_usb_library/driver/Include/drv_usbd_int.h","projects/02-display-touch-bringup/course/Firmware/GD32F4xx_usb_library/driver/Include/drv_usbd_int.h","3b71749a04450bbec4838039bc3c6482ee1d7ecb509b97da5151f362f918a8f4","3b71749a04450bbec4838039bc3c6482ee1d7ecb509b97da5151f362f918a8f4","YES"
"day03/Code.7z!01_GD32_ST7789_CST816T/Firmware/GD32F4xx_usb_library/driver/Include/drv_usbh_int.h","projects/02-display-touch-bringup/course/Firmware/GD32F4xx_usb_library/driver/Include/drv_usbh_int.h","5268ee8f0accee9c9e848ae421f3f1b83b8efa72b8854f08a5756c16c3873997","5268ee8f0accee9c9e848ae421f3f1b83b8efa72b8854f08a5756c16c3873997","YES"
"day03/Code.7z!01_GD32_ST7789_CST816T/Firmware/GD32F4xx_usb_library/driver/Source/drv_usb_core.c","projects/02-display-touch-bringup/course/Firmware/GD32F4xx_usb_library/driver/Source/drv_usb_core.c","b90492a8404bcbdcbba9d31d38ad75d2d85b6014ccacf6eea77b23f69cf5f623","b90492a8404bcbdcbba9d31d38ad75d2d85b6014ccacf6eea77b23f69cf5f623","YES"
"day03/Code.7z!01_GD32_ST7789_CST816T/Firmware/GD32F4xx_usb_library/driver/Source/drv_usb_dev.c","projects/02-display-touch-bringup/course/Firmware/GD32F4xx_usb_library/driver/Source/drv_usb_dev.c","93ca6cd491c5e0fea197d5ac7f10ba23e6973543da7aeed38bfc1ae3a0dc474b","93ca6cd491c5e0fea197d5ac7f10ba23e6973543da7aeed38bfc1ae3a0dc474b","YES"
"day03/Code.7z!01_GD32_ST7789_CST816T/Firmware/GD32F4xx_usb_library/driver/Source/drv_usb_host.c","projects/02-display-touch-bringup/course/Firmware/GD32F4xx_usb_library/driver/Source/drv_usb_host.c","d9f6de1a16c13351c6947a1d8c735a2fa2ef6495159ef75e8c84a903003853ea","d9f6de1a16c13351c6947a1d8c735a2fa2ef6495159ef75e8c84a903003853ea","YES"
"day03/Code.7z!01_GD32_ST7789_CST816T/Firmware/GD32F4xx_usb_library/driver/Source/drv_usbd_int.c","projects/02-display-touch-bringup/course/Firmware/GD32F4xx_usb_library/driver/Source/drv_usbd_int.c","6d629c1b2ee8a05bd9c1b8e20f2664410afc9608e9489ccac5be881d10d0a715","6d629c1b2ee8a05bd9c1b8e20f2664410afc9608e9489ccac5be881d10d0a715","YES"
"day03/Code.7z!01_GD32_ST7789_CST816T/Firmware/GD32F4xx_usb_library/driver/Source/drv_usbh_int.c","projects/02-display-touch-bringup/course/Firmware/GD32F4xx_usb_library/driver/Source/drv_usbh_int.c","4d390034615df35fb792026bd76844c922f387580e291039f1bc5f6b6c982486","4d390034615df35fb792026bd76844c922f387580e291039f1bc5f6b6c982486","YES"
"day03/Code.7z!01_GD32_ST7789_CST816T/Firmware/GD32F4xx_usb_library/host/class/hid/Include/usbh_hid_core.h","projects/02-display-touch-bringup/course/Firmware/GD32F4xx_usb_library/host/class/hid/Include/usbh_hid_core.h","0dec84719141c68389ec4f957111fb6dc21a5be55159a808a9d4d20759e447aa","0dec84719141c68389ec4f957111fb6dc21a5be55159a808a9d4d20759e447aa","YES"
"day03/Code.7z!01_GD32_ST7789_CST816T/Firmware/GD32F4xx_usb_library/host/class/hid/Include/usbh_standard_hid.h","projects/02-display-touch-bringup/course/Firmware/GD32F4xx_usb_library/host/class/hid/Include/usbh_standard_hid.h","9dff3d162d5690f986145fc6a50e8be49ee6ea57b0df5de92708173ece1231a8","9dff3d162d5690f986145fc6a50e8be49ee6ea57b0df5de92708173ece1231a8","YES"
"day03/Code.7z!01_GD32_ST7789_CST816T/Firmware/GD32F4xx_usb_library/host/class/hid/Source/usbh_hid_core.c","projects/02-display-touch-bringup/course/Firmware/GD32F4xx_usb_library/host/class/hid/Source/usbh_hid_core.c","2cdafdf63ebb98a454a09acc070b9c2e925c7eec29af318f1a8ce5f913c5d200","2cdafdf63ebb98a454a09acc070b9c2e925c7eec29af318f1a8ce5f913c5d200","YES"
"day03/Code.7z!01_GD32_ST7789_CST816T/Firmware/GD32F4xx_usb_library/host/class/hid/Source/usbh_standard_hid.c","projects/02-display-touch-bringup/course/Firmware/GD32F4xx_usb_library/host/class/hid/Source/usbh_standard_hid.c","324f535d3213364159ef30d0ab69cb69472d94ee6a25f07d1c624d1b4bb315c3","324f535d3213364159ef30d0ab69cb69472d94ee6a25f07d1c624d1b4bb315c3","YES"
"day03/Code.7z!01_GD32_ST7789_CST816T/Firmware/GD32F4xx_usb_library/host/class/msc/Include/usbh_msc_bbb.h","projects/02-display-touch-bringup/course/Firmware/GD32F4xx_usb_library/host/class/msc/Include/usbh_msc_bbb.h","fe164e019db850549fa0edb8a4b2f0c38ff1c7540a834b935c91268d0e275ff8","fe164e019db850549fa0edb8a4b2f0c38ff1c7540a834b935c91268d0e275ff8","YES"
"day03/Code.7z!01_GD32_ST7789_CST816T/Firmware/GD32F4xx_usb_library/host/class/msc/Include/usbh_msc_core.h","projects/02-display-touch-bringup/course/Firmware/GD32F4xx_usb_library/host/class/msc/Include/usbh_msc_core.h","34b4b4aed85f332b815096ee4c39fba67c77fef1f9eb79fc470603568cbe2dc9","34b4b4aed85f332b815096ee4c39fba67c77fef1f9eb79fc470603568cbe2dc9","YES"
"day03/Code.7z!01_GD32_ST7789_CST816T/Firmware/GD32F4xx_usb_library/host/class/msc/Include/usbh_msc_scsi.h","projects/02-display-touch-bringup/course/Firmware/GD32F4xx_usb_library/host/class/msc/Include/usbh_msc_scsi.h","e6e8ca26d9a2abffe14a21af356cb07c4058d9052dfd22b46205ec11884a867a","e6e8ca26d9a2abffe14a21af356cb07c4058d9052dfd22b46205ec11884a867a","YES"
"day03/Code.7z!01_GD32_ST7789_CST816T/Firmware/GD32F4xx_usb_library/host/class/msc/Source/usbh_msc_bbb.c","projects/02-display-touch-bringup/course/Firmware/GD32F4xx_usb_library/host/class/msc/Source/usbh_msc_bbb.c","2a82ad623d78ccc1802d851ab7fb124d6abb5dbea980aa8c6517e26ff906e049","2a82ad623d78ccc1802d851ab7fb124d6abb5dbea980aa8c6517e26ff906e049","YES"
"day03/Code.7z!01_GD32_ST7789_CST816T/Firmware/GD32F4xx_usb_library/host/class/msc/Source/usbh_msc_core.c","projects/02-display-touch-bringup/course/Firmware/GD32F4xx_usb_library/host/class/msc/Source/usbh_msc_core.c","5df338c15161e6c7a6424179245e0e373973b22e81dea91111ad5613ae0c8690","5df338c15161e6c7a6424179245e0e373973b22e81dea91111ad5613ae0c8690","YES"
"day03/Code.7z!01_GD32_ST7789_CST816T/Firmware/GD32F4xx_usb_library/host/class/msc/Source/usbh_msc_fatfs.c","projects/02-display-touch-bringup/course/Firmware/GD32F4xx_usb_library/host/class/msc/Source/usbh_msc_fatfs.c","8fd0c5b44f9ac0e35427803f9761e40a5297caa2acc078cb9fde3c25ba4036b1","8fd0c5b44f9ac0e35427803f9761e40a5297caa2acc078cb9fde3c25ba4036b1","YES"
"day03/Code.7z!01_GD32_ST7789_CST816T/Firmware/GD32F4xx_usb_library/host/class/msc/Source/usbh_msc_scsi.c","projects/02-display-touch-bringup/course/Firmware/GD32F4xx_usb_library/host/class/msc/Source/usbh_msc_scsi.c","45e6ad746800250c90834ac684d207da486f3f0fda8503284def2c537f952a85","45e6ad746800250c90834ac684d207da486f3f0fda8503284def2c537f952a85","YES"
"day03/Code.7z!01_GD32_ST7789_CST816T/Firmware/GD32F4xx_usb_library/host/core/Include/usbh_core.h","projects/02-display-touch-bringup/course/Firmware/GD32F4xx_usb_library/host/core/Include/usbh_core.h","8919b0da3bc89862ac89da53bd34cc4f8af2f7ecebf23493d3bc0980570ec67d","8919b0da3bc89862ac89da53bd34cc4f8af2f7ecebf23493d3bc0980570ec67d","YES"
"day03/Code.7z!01_GD32_ST7789_CST816T/Firmware/GD32F4xx_usb_library/host/core/Include/usbh_enum.h","projects/02-display-touch-bringup/course/Firmware/GD32F4xx_usb_library/host/core/Include/usbh_enum.h","a08d6a471be77a6bfdf916e166e4a95b49358f209e0708080e4a441d7d454897","a08d6a471be77a6bfdf916e166e4a95b49358f209e0708080e4a441d7d454897","YES"
"day03/Code.7z!01_GD32_ST7789_CST816T/Firmware/GD32F4xx_usb_library/host/core/Include/usbh_pipe.h","projects/02-display-touch-bringup/course/Firmware/GD32F4xx_usb_library/host/core/Include/usbh_pipe.h","d1aa31749db419f147e34bf1608f3c79d8846fc9067b138ce90dcc6d68a724b2","d1aa31749db419f147e34bf1608f3c79d8846fc9067b138ce90dcc6d68a724b2","YES"
"day03/Code.7z!01_GD32_ST7789_CST816T/Firmware/GD32F4xx_usb_library/host/core/Include/usbh_transc.h","projects/02-display-touch-bringup/course/Firmware/GD32F4xx_usb_library/host/core/Include/usbh_transc.h","b0a9300c836592e16782062a0d898645adc64efd21ad96f46b8ef6ebd876499c","b0a9300c836592e16782062a0d898645adc64efd21ad96f46b8ef6ebd876499c","YES"
"day03/Code.7z!01_GD32_ST7789_CST816T/Firmware/GD32F4xx_usb_library/host/core/Source/usbh_core.c","projects/02-display-touch-bringup/course/Firmware/GD32F4xx_usb_library/host/core/Source/usbh_core.c","2e61c1493a0f04d944a9b1e01924a57908552c5c5920f357df984f098988df08","2e61c1493a0f04d944a9b1e01924a57908552c5c5920f357df984f098988df08","YES"
"day03/Code.7z!01_GD32_ST7789_CST816T/Firmware/GD32F4xx_usb_library/host/core/Source/usbh_enum.c","projects/02-display-touch-bringup/course/Firmware/GD32F4xx_usb_library/host/core/Source/usbh_enum.c","273217f6826c6d57a1d210d2a58974ae97a27e15951b98be25bbccdea8133871","273217f6826c6d57a1d210d2a58974ae97a27e15951b98be25bbccdea8133871","YES"
"day03/Code.7z!01_GD32_ST7789_CST816T/Firmware/GD32F4xx_usb_library/host/core/Source/usbh_pipe.c","projects/02-display-touch-bringup/course/Firmware/GD32F4xx_usb_library/host/core/Source/usbh_pipe.c","e8a4253e2a4224333c4343ee0ffd5f280c9875ef57702f44c1973cbd42edd2e0","e8a4253e2a4224333c4343ee0ffd5f280c9875ef57702f44c1973cbd42edd2e0","YES"
"day03/Code.7z!01_GD32_ST7789_CST816T/Firmware/GD32F4xx_usb_library/host/core/Source/usbh_transc.c","projects/02-display-touch-bringup/course/Firmware/GD32F4xx_usb_library/host/core/Source/usbh_transc.c","cf1ae1fcf884275e82634538e997d8d24c31fbe959140909f5bb4e34bca0bbef","cf1ae1fcf884275e82634538e997d8d24c31fbe959140909f5bb4e34bca0bbef","YES"
"day03/Code.7z!01_GD32_ST7789_CST816T/Firmware/GD32F4xx_usb_library/ustd/class/cdc/usb_cdc.h","projects/02-display-touch-bringup/course/Firmware/GD32F4xx_usb_library/ustd/class/cdc/usb_cdc.h","fcd43c4f51573d30f01573e2d2856e0be969c8ffd02d415aadfb69a595decf4e","fcd43c4f51573d30f01573e2d2856e0be969c8ffd02d415aadfb69a595decf4e","YES"
"day03/Code.7z!01_GD32_ST7789_CST816T/Firmware/GD32F4xx_usb_library/ustd/class/hid/usb_hid.h","projects/02-display-touch-bringup/course/Firmware/GD32F4xx_usb_library/ustd/class/hid/usb_hid.h","f3c6a02d4fc46f9512465b6eb2951c8cddb956af73422aab9d2a1bafc69f2e7b","f3c6a02d4fc46f9512465b6eb2951c8cddb956af73422aab9d2a1bafc69f2e7b","YES"
"day03/Code.7z!01_GD32_ST7789_CST816T/Firmware/GD32F4xx_usb_library/ustd/class/msc/msc_bbb.h","projects/02-display-touch-bringup/course/Firmware/GD32F4xx_usb_library/ustd/class/msc/msc_bbb.h","b884b8f8f7cfaf22512ede7ae709b5f3591e126d2919aecf4e2b4d7efea1f5d6","b884b8f8f7cfaf22512ede7ae709b5f3591e126d2919aecf4e2b4d7efea1f5d6","YES"
"day03/Code.7z!01_GD32_ST7789_CST816T/Firmware/GD32F4xx_usb_library/ustd/class/msc/msc_scsi.h","projects/02-display-touch-bringup/course/Firmware/GD32F4xx_usb_library/ustd/class/msc/msc_scsi.h","8842cf305e996369687fa89568c9aee3d46f745e1aef6eb58b1a3f519f863631","8842cf305e996369687fa89568c9aee3d46f745e1aef6eb58b1a3f519f863631","YES"
"day03/Code.7z!01_GD32_ST7789_CST816T/Firmware/GD32F4xx_usb_library/ustd/class/msc/usb_msc.h","projects/02-display-touch-bringup/course/Firmware/GD32F4xx_usb_library/ustd/class/msc/usb_msc.h","e3c2a096085131687f121de426ef9154f23ccc26e877129243a648fb8c90b216","e3c2a096085131687f121de426ef9154f23ccc26e877129243a648fb8c90b216","YES"
"day03/Code.7z!01_GD32_ST7789_CST816T/Firmware/GD32F4xx_usb_library/ustd/common/usb_ch9_std.h","projects/02-display-touch-bringup/course/Firmware/GD32F4xx_usb_library/ustd/common/usb_ch9_std.h","b5249865f377709e456f76ca76ca5499ace39bad6a452832dbe535f1989c6d22","b5249865f377709e456f76ca76ca5499ace39bad6a452832dbe535f1989c6d22","YES"
"day03/Code.7z!01_GD32_ST7789_CST816T/Hardware/bsp_battery_leds.c","projects/02-display-touch-bringup/course/Hardware/bsp_battery_leds.c","3355ee67df90741c1311332c6cfb0053385a7ffd03c3de8ea06fcbd57563a61d","3355ee67df90741c1311332c6cfb0053385a7ffd03c3de8ea06fcbd57563a61d","YES"
"day03/Code.7z!01_GD32_ST7789_CST816T/Hardware/bsp_battery_leds.h","projects/02-display-touch-bringup/course/Hardware/bsp_battery_leds.h","f7585067c016c3b5077e05028c10af52a247a608de67c34047073418c430d4bf","f7585067c016c3b5077e05028c10af52a247a608de67c34047073418c430d4bf","YES"
"day03/Code.7z!01_GD32_ST7789_CST816T/Hardware/bsp_buzzer.c","projects/02-display-touch-bringup/course/Hardware/bsp_buzzer.c","2585fd1908edf73c203dbbcf159b75f73d605cdf35ee33bbeaa33dd42d6a341f","2585fd1908edf73c203dbbcf159b75f73d605cdf35ee33bbeaa33dd42d6a341f","YES"
"day03/Code.7z!01_GD32_ST7789_CST816T/Hardware/bsp_buzzer.h","projects/02-display-touch-bringup/course/Hardware/bsp_buzzer.h","6f5fdca736b26835cda0c10dd1f5a020894e48716151d63e5ab8b6911b9c8831","6f5fdca736b26835cda0c10dd1f5a020894e48716151d63e5ab8b6911b9c8831","YES"
"day03/Code.7z!01_GD32_ST7789_CST816T/Hardware/cst816/cst816t.c","projects/02-display-touch-bringup/course/Hardware/cst816/cst816t.c","6954ff2b7409962a5b52a40282ea0a577754c270b652f56fe6daeee52361969d","6954ff2b7409962a5b52a40282ea0a577754c270b652f56fe6daeee52361969d","YES"
"day03/Code.7z!01_GD32_ST7789_CST816T/Hardware/cst816/cst816t.h","projects/02-display-touch-bringup/course/Hardware/cst816/cst816t.h","d40248f312f85fce30d638e479f929effe156a8e5fce1ad1e43329c5934cfd81","d40248f312f85fce30d638e479f929effe156a8e5fce1ad1e43329c5934cfd81","YES"
"day03/Code.7z!01_GD32_ST7789_CST816T/Hardware/PCF8563.c","projects/02-display-touch-bringup/course/Hardware/PCF8563.c","175399ba450f8e636bb2fa95e138e6b9a3bddc84ff2f9d12cca17c0827488e9d","175399ba450f8e636bb2fa95e138e6b9a3bddc84ff2f9d12cca17c0827488e9d","YES"
"day03/Code.7z!01_GD32_ST7789_CST816T/Hardware/PCF8563.h","projects/02-display-touch-bringup/course/Hardware/PCF8563.h","18cedb9ffa72107f8618f14884e3466570cbf6e72b04ad720e18ab8da0583a3a","18cedb9ffa72107f8618f14884e3466570cbf6e72b04ad720e18ab8da0583a3a","YES"
"day03/Code.7z!01_GD32_ST7789_CST816T/Hardware/st7789/font.h","projects/02-display-touch-bringup/course/Hardware/st7789/font.h","272e36451f312b4a3584fd40bb375cfac28c69c8a5e906006e207c3e9ec90635","272e36451f312b4a3584fd40bb375cfac28c69c8a5e906006e207c3e9ec90635","YES"
"day03/Code.7z!01_GD32_ST7789_CST816T/Hardware/st7789/st7789.c","projects/02-display-touch-bringup/course/Hardware/st7789/st7789.c","9a346e55ad3f5b31f70971909ef22e50e10ebf96a0484a9e79361c9ed7fbc2a3","9a346e55ad3f5b31f70971909ef22e50e10ebf96a0484a9e79361c9ed7fbc2a3","YES"
"day03/Code.7z!01_GD32_ST7789_CST816T/Hardware/st7789/st7789.h","projects/02-display-touch-bringup/course/Hardware/st7789/st7789.h","54971038eedefee886e13de35534330005b1f43240568f62b63e64834bd24846","54971038eedefee886e13de35534330005b1f43240568f62b63e64834bd24846","YES"
"day03/Code.7z!01_GD32_ST7789_CST816T/Library/EXTI_config.h","projects/02-display-touch-bringup/course/Library/EXTI_config.h","0e1d8994d361a55d9837f7251d9fbe43d6c26f110b82382ff86941480f30a85b","0e1d8994d361a55d9837f7251d9fbe43d6c26f110b82382ff86941480f30a85b","YES"
"day03/Code.7z!01_GD32_ST7789_CST816T/Library/EXTI.c","projects/02-display-touch-bringup/course/Library/EXTI.c","f31ad6b5038d43f75066a667d0c1905ced684533c26c8dbd32d8bff6f822e28c","f31ad6b5038d43f75066a667d0c1905ced684533c26c8dbd32d8bff6f822e28c","YES"
"day03/Code.7z!01_GD32_ST7789_CST816T/Library/EXTI.h","projects/02-display-touch-bringup/course/Library/EXTI.h","836bc18a5497f7024b8a58223e66391071ebef1051bc8dddc9cf9a4537d430fb","836bc18a5497f7024b8a58223e66391071ebef1051bc8dddc9cf9a4537d430fb","YES"
"day03/Code.7z!01_GD32_ST7789_CST816T/Library/I2C/I2C_config.h","projects/02-display-touch-bringup/course/Library/I2C/I2C_config.h","c78e6ef8b19040f77c089e6c5da8a95e9ae1e5a890cecfd30731e8d831ef0fca","c78e6ef8b19040f77c089e6c5da8a95e9ae1e5a890cecfd30731e8d831ef0fca","YES"
"day03/Code.7z!01_GD32_ST7789_CST816T/Library/I2C/I2C.c","projects/02-display-touch-bringup/course/Library/I2C/I2C.c","e17605acea90ba6709874fba8efbacb31f105f013b10779679c71da5d3c988c2","e17605acea90ba6709874fba8efbacb31f105f013b10779679c71da5d3c988c2","YES"
"day03/Code.7z!01_GD32_ST7789_CST816T/Library/I2C/I2C.h","projects/02-display-touch-bringup/course/Library/I2C/I2C.h","b3c4ab98d7a9c01fe9fcefd7c8d7fdf3d97964b8efaa14cb057ebb2466ed5008","b3c4ab98d7a9c01fe9fcefd7c8d7fdf3d97964b8efaa14cb057ebb2466ed5008","YES"
"day03/Code.7z!01_GD32_ST7789_CST816T/Library/I2C/I2C0.c","projects/02-display-touch-bringup/course/Library/I2C/I2C0.c","09d1eb340eff2166230fc1727269ad8bdfdd9d69801ee72516fafd5a4ac09f4b","09d1eb340eff2166230fc1727269ad8bdfdd9d69801ee72516fafd5a4ac09f4b","YES"
"day03/Code.7z!01_GD32_ST7789_CST816T/Library/I2C/I2C0.h","projects/02-display-touch-bringup/course/Library/I2C/I2C0.h","5381921337295aaa5f855220ff496d62baca4002cd4bdc8a8cd389901b73b567","5381921337295aaa5f855220ff496d62baca4002cd4bdc8a8cd389901b73b567","YES"
"day03/Code.7z!01_GD32_ST7789_CST816T/Library/SPI/SPI_config.h","projects/02-display-touch-bringup/course/Library/SPI/SPI_config.h","6b4f4ed9a65f23ecc97f5b76e34de2340443cd32839f39c58dea84118106d8c4","6b4f4ed9a65f23ecc97f5b76e34de2340443cd32839f39c58dea84118106d8c4","YES"
"day03/Code.7z!01_GD32_ST7789_CST816T/Library/SPI/SPI.c","projects/02-display-touch-bringup/course/Library/SPI/SPI.c","d38d366d8c40053915116a8bc6fc4c4667341dfc87efdba5a68cc852a0d9b504","d38d366d8c40053915116a8bc6fc4c4667341dfc87efdba5a68cc852a0d9b504","YES"
"day03/Code.7z!01_GD32_ST7789_CST816T/Library/SPI/SPI.h","projects/02-display-touch-bringup/course/Library/SPI/SPI.h","228827808cd9e5fa9d40c5158c82258adb18cb347fbc9cc6ce45d4e7c15f5198","228827808cd9e5fa9d40c5158c82258adb18cb347fbc9cc6ce45d4e7c15f5198","YES"
"day03/Code.7z!01_GD32_ST7789_CST816T/Library/SPI/SPI0.c","projects/02-display-touch-bringup/course/Library/SPI/SPI0.c","6df75c41548208431df0eb0a3841c7c908ca0a62f863f941239d99af51c4d239","6df75c41548208431df0eb0a3841c7c908ca0a62f863f941239d99af51c4d239","YES"
"day03/Code.7z!01_GD32_ST7789_CST816T/Library/SPI/SPI0.h","projects/02-display-touch-bringup/course/Library/SPI/SPI0.h","bc197867ca0c0bde6eb8e4407284a351e46390734e0075e840a1d9fe7dabae87","bc197867ca0c0bde6eb8e4407284a351e46390734e0075e840a1d9fe7dabae87","YES"
"day03/Code.7z!01_GD32_ST7789_CST816T/Library/TIMER_config.h","projects/02-display-touch-bringup/course/Library/TIMER_config.h","907e398eb96f71f250c35485941092fbf17eeea77ddb75e2af25339e0bc0579f","907e398eb96f71f250c35485941092fbf17eeea77ddb75e2af25339e0bc0579f","YES"
"day03/Code.7z!01_GD32_ST7789_CST816T/Library/TIMER.c","projects/02-display-touch-bringup/course/Library/TIMER.c","1113fff1c24b1e7bf3bfe155e885b8d190e0a35aae83693b58cbab0d3520f773","1113fff1c24b1e7bf3bfe155e885b8d190e0a35aae83693b58cbab0d3520f773","YES"
"day03/Code.7z!01_GD32_ST7789_CST816T/Library/TIMER.h","projects/02-display-touch-bringup/course/Library/TIMER.h","4ec4787176e0debbd5715cb8cc2ab297c420796872b249145746250c2b582fba","4ec4787176e0debbd5715cb8cc2ab297c420796872b249145746250c2b582fba","YES"
"day03/Code.7z!01_GD32_ST7789_CST816T/Library/USART/USART_config.h","projects/02-display-touch-bringup/course/Library/USART/USART_config.h","a115c4ac9cd9a60d269f35793455ab9bb63ff3a375a860bb5c43a58f4c0c9f1f","a115c4ac9cd9a60d269f35793455ab9bb63ff3a375a860bb5c43a58f4c0c9f1f","YES"
"day03/Code.7z!01_GD32_ST7789_CST816T/Library/USART/USART.c","projects/02-display-touch-bringup/course/Library/USART/USART.c","2f9bb98e49eb21aa5a9813c1340e2ba5187ab29c7034d9d898827ca3a592a988","2f9bb98e49eb21aa5a9813c1340e2ba5187ab29c7034d9d898827ca3a592a988","YES"
"day03/Code.7z!01_GD32_ST7789_CST816T/Library/USART/USART.h","projects/02-display-touch-bringup/course/Library/USART/USART.h","c365a4143b5bca67299c41db548db6e4c7695d704b542c998e35f58bc9322d1a","c365a4143b5bca67299c41db548db6e4c7695d704b542c998e35f58bc9322d1a","YES"
"day03/Code.7z!01_GD32_ST7789_CST816T/Library/USART/USART0.c","projects/02-display-touch-bringup/course/Library/USART/USART0.c","d30ec7e30aea5afc0b64062eebea846c587f95f76bfed493475d370dc33b37ef","d30ec7e30aea5afc0b64062eebea846c587f95f76bfed493475d370dc33b37ef","YES"
"day03/Code.7z!01_GD32_ST7789_CST816T/Library/USART/USART0.h","projects/02-display-touch-bringup/course/Library/USART/USART0.h","58d96f267dbbc3582c0622526177c7d0eccef031019ef990796afccb44a908db","58d96f267dbbc3582c0622526177c7d0eccef031019ef990796afccb44a908db","YES"
"day03/Code.7z!01_GD32_ST7789_CST816T/Library/USART/USART1.c","projects/02-display-touch-bringup/course/Library/USART/USART1.c","9a6de68381da651969320719756e612b82da20c772aa3b7c9e6df4871247ee57","9a6de68381da651969320719756e612b82da20c772aa3b7c9e6df4871247ee57","YES"
"day03/Code.7z!01_GD32_ST7789_CST816T/Library/USART/USART1.h","projects/02-display-touch-bringup/course/Library/USART/USART1.h","613ec47204418fbbeb443a5c1567065bc07a487c386aec4f6756f84f46807866","613ec47204418fbbeb443a5c1567065bc07a487c386aec4f6756f84f46807866","YES"
"day03/Code.7z!01_GD32_ST7789_CST816T/Project/GD32F407.uvprojx","projects/02-display-touch-bringup/course/Project/GD32F407.uvprojx","7b799ffac88dce995581ba647e924b40432fb8d0139b55df59ba6d33207271ea","7b799ffac88dce995581ba647e924b40432fb8d0139b55df59ba6d33207271ea","YES"
"day03/Code.7z!01_GD32_ST7789_CST816T/User/gd32f4xx_it.c","projects/02-display-touch-bringup/course/User/gd32f4xx_it.c","5be8e65b392a41354e513056974d1869598af02739a7ce6419e611d6aa3979c6","5be8e65b392a41354e513056974d1869598af02739a7ce6419e611d6aa3979c6","YES"
"day03/Code.7z!01_GD32_ST7789_CST816T/User/gd32f4xx_it.h","projects/02-display-touch-bringup/course/User/gd32f4xx_it.h","b4995762ae5ceb7125cc9720cea7e2bad8640c23b87ed1856d9b8a380a5fc8c3","b4995762ae5ceb7125cc9720cea7e2bad8640c23b87ed1856d9b8a380a5fc8c3","YES"
"day03/Code.7z!01_GD32_ST7789_CST816T/User/gd32f4xx_libopt.h","projects/02-display-touch-bringup/course/User/gd32f4xx_libopt.h","702c6d85987bcdddd363a8412c5806255f6c746065da984eb21896c5ddd6bf09","702c6d85987bcdddd363a8412c5806255f6c746065da984eb21896c5ddd6bf09","YES"
"day03/Code.7z!01_GD32_ST7789_CST816T/User/main.c","projects/02-display-touch-bringup/course/User/main.c","1d5263277bac7b5241c76e86a489be6044bf80d1a4245148a2eb3f2467eca8d3","1d5263277bac7b5241c76e86a489be6044bf80d1a4245148a2eb3f2467eca8d3","YES"
"day03/Code.7z!01_GD32_ST7789_CST816T/User/main.h","projects/02-display-touch-bringup/course/User/main.h","724b8affcda9984a7b0f94ac7a7bb1005015ac3ca9e2cf59e5bff08b58ceafd1","724b8affcda9984a7b0f94ac7a7bb1005015ac3ca9e2cf59e5bff08b58ceafd1","YES"
"day03/Code.7z!01_GD32_ST7789_CST816T/User/readme.txt","projects/02-display-touch-bringup/course/User/readme.txt","a45bd1e14d470b46be2d57c9d35147e41204556cc4bb4e25ea3c7b6b424a0b7c","a45bd1e14d470b46be2d57c9d35147e41204556cc4bb4e25ea3c7b6b424a0b7c","YES"
"day03/Code.7z!01_GD32_ST7789_CST816T/User/systick.c","projects/02-display-touch-bringup/course/User/systick.c","bdcf5157ddd8870483ceb757646a3978ff836ac08737540d6f93a508127fdeeb","bdcf5157ddd8870483ceb757646a3978ff836ac08737540d6f93a508127fdeeb","YES"
"day03/Code.7z!01_GD32_ST7789_CST816T/User/systick.h","projects/02-display-touch-bringup/course/User/systick.h","8722c649ef06723501e93f5a071320e6a9e5dc57220b20f5b267a0096ea46e35","8722c649ef06723501e93f5a071320e6a9e5dc57220b20f5b267a0096ea46e35","YES"
"day03/Code.7z!02_GD32_LVGL_Template/Doc/readme.txt","projects/03-lvgl-porting/course/Doc/readme.txt","5fbf26fe49eae27b2dd2bc4d71da5ec67920b322712bfb7dd30adade1d637ac8","5fbf26fe49eae27b2dd2bc4d71da5ec67920b322712bfb7dd30adade1d637ac8","YES"
"day03/Code.7z!02_GD32_LVGL_Template/Firmware/CMSIS/core_cm4_simd.h","projects/03-lvgl-porting/course/Firmware/CMSIS/core_cm4_simd.h","0c2a0c2d66c7791b82ca19d10336c96518830ef359f6bfd9da7477bc2cbccbbb","0c2a0c2d66c7791b82ca19d10336c96518830ef359f6bfd9da7477bc2cbccbbb","YES"
"day03/Code.7z!02_GD32_LVGL_Template/Firmware/CMSIS/core_cm4.h","projects/03-lvgl-porting/course/Firmware/CMSIS/core_cm4.h","4756546e1449d17b1a7dee2f3307f2c92c9f1d669c3f5dfc3ee1dec8aee9a8f7","4756546e1449d17b1a7dee2f3307f2c92c9f1d669c3f5dfc3ee1dec8aee9a8f7","YES"
"day03/Code.7z!02_GD32_LVGL_Template/Firmware/CMSIS/core_cmFunc.h","projects/03-lvgl-porting/course/Firmware/CMSIS/core_cmFunc.h","5075ff67c8e264b83d9b391c07c6512e26abbc189e321de0d8b4375476980e5e","5075ff67c8e264b83d9b391c07c6512e26abbc189e321de0d8b4375476980e5e","YES"
"day03/Code.7z!02_GD32_LVGL_Template/Firmware/CMSIS/core_cmInstr.h","projects/03-lvgl-porting/course/Firmware/CMSIS/core_cmInstr.h","c35ddca16ca04646dc70acf2d592ad9eaeaaecd8125a32abb710069648266eb5","c35ddca16ca04646dc70acf2d592ad9eaeaaecd8125a32abb710069648266eb5","YES"
"day03/Code.7z!02_GD32_LVGL_Template/Firmware/CMSIS/GD/GD32F4xx/Include/gd32f4xx.h","projects/03-lvgl-porting/course/Firmware/CMSIS/GD/GD32F4xx/Include/gd32f4xx.h","96f1f6884c9885d32df760a385ca0b5e8e9b20c066f71b946771a00503623a62","96f1f6884c9885d32df760a385ca0b5e8e9b20c066f71b946771a00503623a62","YES"
"day03/Code.7z!02_GD32_LVGL_Template/Firmware/CMSIS/GD/GD32F4xx/Include/system_gd32f4xx.h","projects/03-lvgl-porting/course/Firmware/CMSIS/GD/GD32F4xx/Include/system_gd32f4xx.h","98ef2dd6dd7f6d2542c4d5ca83e9869be3630b43300cb9ab453703e4277913bd","98ef2dd6dd7f6d2542c4d5ca83e9869be3630b43300cb9ab453703e4277913bd","YES"
"day03/Code.7z!02_GD32_LVGL_Template/Firmware/CMSIS/GD/GD32F4xx/Source/ARM/startup_gd32f405_425.s","projects/03-lvgl-porting/course/Firmware/CMSIS/GD/GD32F4xx/Source/ARM/startup_gd32f405_425.s","aef6290f6950c0b7fb922fd12b91b3fc34ada707a6846aa5d7a1277fdd50fbd9","aef6290f6950c0b7fb922fd12b91b3fc34ada707a6846aa5d7a1277fdd50fbd9","YES"
"day03/Code.7z!02_GD32_LVGL_Template/Firmware/CMSIS/GD/GD32F4xx/Source/ARM/startup_gd32f407_427.s","projects/03-lvgl-porting/course/Firmware/CMSIS/GD/GD32F4xx/Source/ARM/startup_gd32f407_427.s","2b34030052fb7c8c45b1c037c1331ee6685bad85710623f75f394b119a2839ec","2b34030052fb7c8c45b1c037c1331ee6685bad85710623f75f394b119a2839ec","YES"
"day03/Code.7z!02_GD32_LVGL_Template/Firmware/CMSIS/GD/GD32F4xx/Source/ARM/startup_gd32f450_470.s","projects/03-lvgl-porting/course/Firmware/CMSIS/GD/GD32F4xx/Source/ARM/startup_gd32f450_470.s","a4e9852ba47aad025de9645d067fab33dda87b8e82dea6d77b3364f902345299","a4e9852ba47aad025de9645d067fab33dda87b8e82dea6d77b3364f902345299","YES"
"day03/Code.7z!02_GD32_LVGL_Template/Firmware/CMSIS/GD/GD32F4xx/Source/IAR/startup_gd32f405_425.s","projects/03-lvgl-porting/course/Firmware/CMSIS/GD/GD32F4xx/Source/IAR/startup_gd32f405_425.s","70e76c6ad0182a5682773261e308008bc1102c09839605a0e058851173026836","70e76c6ad0182a5682773261e308008bc1102c09839605a0e058851173026836","YES"
"day03/Code.7z!02_GD32_LVGL_Template/Firmware/CMSIS/GD/GD32F4xx/Source/IAR/startup_gd32f407_427.s","projects/03-lvgl-porting/course/Firmware/CMSIS/GD/GD32F4xx/Source/IAR/startup_gd32f407_427.s","550d6ca54de7f8fcb2791aaf9141666ba15978c55017fa6798bf0ca80a2864c6","550d6ca54de7f8fcb2791aaf9141666ba15978c55017fa6798bf0ca80a2864c6","YES"
"day03/Code.7z!02_GD32_LVGL_Template/Firmware/CMSIS/GD/GD32F4xx/Source/IAR/startup_gd32f450_470.s","projects/03-lvgl-porting/course/Firmware/CMSIS/GD/GD32F4xx/Source/IAR/startup_gd32f450_470.s","ee6654f1d551c6937d014fe943342b0395a32076e5ac8dd688c600eacb9bd343","ee6654f1d551c6937d014fe943342b0395a32076e5ac8dd688c600eacb9bd343","YES"
"day03/Code.7z!02_GD32_LVGL_Template/Firmware/CMSIS/GD/GD32F4xx/Source/system_gd32f4xx.c","projects/03-lvgl-porting/course/Firmware/CMSIS/GD/GD32F4xx/Source/system_gd32f4xx.c","8f66a123756716cf74297a7b54eec616f230cbbc37dfb60f21bf05d1bc070836","8f66a123756716cf74297a7b54eec616f230cbbc37dfb60f21bf05d1bc070836","YES"
"day03/Code.7z!02_GD32_LVGL_Template/Firmware/GD32F4xx_standard_peripheral/Include/gd32f4xx_adc.h","projects/03-lvgl-porting/course/Firmware/GD32F4xx_standard_peripheral/Include/gd32f4xx_adc.h","d6b41e007f1ee95e5fa1b495f94924f7e6166439fbf3e9234a26b5fa6c32f1de","d6b41e007f1ee95e5fa1b495f94924f7e6166439fbf3e9234a26b5fa6c32f1de","YES"
"day03/Code.7z!02_GD32_LVGL_Template/Firmware/GD32F4xx_standard_peripheral/Include/gd32f4xx_can.h","projects/03-lvgl-porting/course/Firmware/GD32F4xx_standard_peripheral/Include/gd32f4xx_can.h","62a96066d7b8a1cef45ab4092fce5058b962050eb1c9e4b3585f0e19b9f30578","62a96066d7b8a1cef45ab4092fce5058b962050eb1c9e4b3585f0e19b9f30578","YES"
"day03/Code.7z!02_GD32_LVGL_Template/Firmware/GD32F4xx_standard_peripheral/Include/gd32f4xx_crc.h","projects/03-lvgl-porting/course/Firmware/GD32F4xx_standard_peripheral/Include/gd32f4xx_crc.h","4870f145aeec968f3a7a0a5068105591e1adeb9a37a5e47fdcc9d27d7d3afbd6","4870f145aeec968f3a7a0a5068105591e1adeb9a37a5e47fdcc9d27d7d3afbd6","YES"
"day03/Code.7z!02_GD32_LVGL_Template/Firmware/GD32F4xx_standard_peripheral/Include/gd32f4xx_ctc.h","projects/03-lvgl-porting/course/Firmware/GD32F4xx_standard_peripheral/Include/gd32f4xx_ctc.h","900ab7d5f9c585834166a58966c8d523ff91d410066d00bbed3e6522c25782d7","900ab7d5f9c585834166a58966c8d523ff91d410066d00bbed3e6522c25782d7","YES"
"day03/Code.7z!02_GD32_LVGL_Template/Firmware/GD32F4xx_standard_peripheral/Include/gd32f4xx_dac.h","projects/03-lvgl-porting/course/Firmware/GD32F4xx_standard_peripheral/Include/gd32f4xx_dac.h","86057cc0c52a32f955a12f47aba1e4997ac2daba13b10a686d8777579f638afb","86057cc0c52a32f955a12f47aba1e4997ac2daba13b10a686d8777579f638afb","YES"
"day03/Code.7z!02_GD32_LVGL_Template/Firmware/GD32F4xx_standard_peripheral/Include/gd32f4xx_dbg.h","projects/03-lvgl-porting/course/Firmware/GD32F4xx_standard_peripheral/Include/gd32f4xx_dbg.h","21a089b5880f1d101116bd37eaac7a085a103901a40900e75941130d901b150e","21a089b5880f1d101116bd37eaac7a085a103901a40900e75941130d901b150e","YES"
"day03/Code.7z!02_GD32_LVGL_Template/Firmware/GD32F4xx_standard_peripheral/Include/gd32f4xx_dci.h","projects/03-lvgl-porting/course/Firmware/GD32F4xx_standard_peripheral/Include/gd32f4xx_dci.h","787f449f0b2eba5bbcc92b0d50899fa668cea6ed9ccab3960eba0b2253cc7748","787f449f0b2eba5bbcc92b0d50899fa668cea6ed9ccab3960eba0b2253cc7748","YES"
"day03/Code.7z!02_GD32_LVGL_Template/Firmware/GD32F4xx_standard_peripheral/Include/gd32f4xx_dma.h","projects/03-lvgl-porting/course/Firmware/GD32F4xx_standard_peripheral/Include/gd32f4xx_dma.h","f358957ebf98c4c449480a088e349cdac2716394c24fa4111de08b06fcdc5094","f358957ebf98c4c449480a088e349cdac2716394c24fa4111de08b06fcdc5094","YES"
"day03/Code.7z!02_GD32_LVGL_Template/Firmware/GD32F4xx_standard_peripheral/Include/gd32f4xx_enet.h","projects/03-lvgl-porting/course/Firmware/GD32F4xx_standard_peripheral/Include/gd32f4xx_enet.h","2bdbc2be9b0e3ba398deeab38021442a2cfeedff21fc353cf3b16c717a2cdf9b","2bdbc2be9b0e3ba398deeab38021442a2cfeedff21fc353cf3b16c717a2cdf9b","YES"
"day03/Code.7z!02_GD32_LVGL_Template/Firmware/GD32F4xx_standard_peripheral/Include/gd32f4xx_exmc.h","projects/03-lvgl-porting/course/Firmware/GD32F4xx_standard_peripheral/Include/gd32f4xx_exmc.h","68482b678dd868085a6be6317eec18873d43f895936e503487e843e561a0d55e","68482b678dd868085a6be6317eec18873d43f895936e503487e843e561a0d55e","YES"
"day03/Code.7z!02_GD32_LVGL_Template/Firmware/GD32F4xx_standard_peripheral/Include/gd32f4xx_exti.h","projects/03-lvgl-porting/course/Firmware/GD32F4xx_standard_peripheral/Include/gd32f4xx_exti.h","705948f029f63a5995d9849a60e417d6210ece34c8e942c76a2d4e7a2b927426","705948f029f63a5995d9849a60e417d6210ece34c8e942c76a2d4e7a2b927426","YES"
"day03/Code.7z!02_GD32_LVGL_Template/Firmware/GD32F4xx_standard_peripheral/Include/gd32f4xx_fmc.h","projects/03-lvgl-porting/course/Firmware/GD32F4xx_standard_peripheral/Include/gd32f4xx_fmc.h","5a5d9f0b1ce1e7486206130f80048f81a6d3e9e6337bf0a4c69d4a1d5edc9f7e","5a5d9f0b1ce1e7486206130f80048f81a6d3e9e6337bf0a4c69d4a1d5edc9f7e","YES"
"day03/Code.7z!02_GD32_LVGL_Template/Firmware/GD32F4xx_standard_peripheral/Include/gd32f4xx_fwdgt.h","projects/03-lvgl-porting/course/Firmware/GD32F4xx_standard_peripheral/Include/gd32f4xx_fwdgt.h","04cb4ee0d6526910cf9ca8befc437fc6df3fdfe09fb0bc418ab7ea5c19611a50","04cb4ee0d6526910cf9ca8befc437fc6df3fdfe09fb0bc418ab7ea5c19611a50","YES"
"day03/Code.7z!02_GD32_LVGL_Template/Firmware/GD32F4xx_standard_peripheral/Include/gd32f4xx_gpio.h","projects/03-lvgl-porting/course/Firmware/GD32F4xx_standard_peripheral/Include/gd32f4xx_gpio.h","a20501a28644bf45b8e3c4ab2a7237466805c1480b06e7d6c8585296d7f08787","a20501a28644bf45b8e3c4ab2a7237466805c1480b06e7d6c8585296d7f08787","YES"
"day03/Code.7z!02_GD32_LVGL_Template/Firmware/GD32F4xx_standard_peripheral/Include/gd32f4xx_i2c.h","projects/03-lvgl-porting/course/Firmware/GD32F4xx_standard_peripheral/Include/gd32f4xx_i2c.h","6cf4053e2452263cdfcb98da0832ce1f2f1b0380c1bea5d4284c1df0d5cbbb05","6cf4053e2452263cdfcb98da0832ce1f2f1b0380c1bea5d4284c1df0d5cbbb05","YES"
"day03/Code.7z!02_GD32_LVGL_Template/Firmware/GD32F4xx_standard_peripheral/Include/gd32f4xx_ipa.h","projects/03-lvgl-porting/course/Firmware/GD32F4xx_standard_peripheral/Include/gd32f4xx_ipa.h","1ad22068402e09bae4117e637ed972fcd7452751ccbe01c7829aea7df45ae8ae","1ad22068402e09bae4117e637ed972fcd7452751ccbe01c7829aea7df45ae8ae","YES"
"day03/Code.7z!02_GD32_LVGL_Template/Firmware/GD32F4xx_standard_peripheral/Include/gd32f4xx_iref.h","projects/03-lvgl-porting/course/Firmware/GD32F4xx_standard_peripheral/Include/gd32f4xx_iref.h","d9d1e67fd4473f44b2f7e22bb78c3dfa9b5109d083af1b0fdc63ec657b241c4a","d9d1e67fd4473f44b2f7e22bb78c3dfa9b5109d083af1b0fdc63ec657b241c4a","YES"
"day03/Code.7z!02_GD32_LVGL_Template/Firmware/GD32F4xx_standard_peripheral/Include/gd32f4xx_misc.h","projects/03-lvgl-porting/course/Firmware/GD32F4xx_standard_peripheral/Include/gd32f4xx_misc.h","0a918f830f0200c0e806dfb50594259783e69d8adbc27708705567f7193d35fb","0a918f830f0200c0e806dfb50594259783e69d8adbc27708705567f7193d35fb","YES"
"day03/Code.7z!02_GD32_LVGL_Template/Firmware/GD32F4xx_standard_peripheral/Include/gd32f4xx_pmu.h","projects/03-lvgl-porting/course/Firmware/GD32F4xx_standard_peripheral/Include/gd32f4xx_pmu.h","b9a72b6e42083efd170c0c5fbe579c5d6417f9bbf674db36041be96fcbd84636","b9a72b6e42083efd170c0c5fbe579c5d6417f9bbf674db36041be96fcbd84636","YES"
"day03/Code.7z!02_GD32_LVGL_Template/Firmware/GD32F4xx_standard_peripheral/Include/gd32f4xx_rcu.h","projects/03-lvgl-porting/course/Firmware/GD32F4xx_standard_peripheral/Include/gd32f4xx_rcu.h","ac2b2ae653edc89e674eda24e1cfe8b511b73984ae0cabed3df60ba61f8eef08","ac2b2ae653edc89e674eda24e1cfe8b511b73984ae0cabed3df60ba61f8eef08","YES"
"day03/Code.7z!02_GD32_LVGL_Template/Firmware/GD32F4xx_standard_peripheral/Include/gd32f4xx_rtc.h","projects/03-lvgl-porting/course/Firmware/GD32F4xx_standard_peripheral/Include/gd32f4xx_rtc.h","1798b1b495683096d4491cf0f854957d2ad60612f65a801ed0e7a4bee49fa549","1798b1b495683096d4491cf0f854957d2ad60612f65a801ed0e7a4bee49fa549","YES"
"day03/Code.7z!02_GD32_LVGL_Template/Firmware/GD32F4xx_standard_peripheral/Include/gd32f4xx_sdio.h","projects/03-lvgl-porting/course/Firmware/GD32F4xx_standard_peripheral/Include/gd32f4xx_sdio.h","8d6813efc565e3085611d767ea4e670e0c76a256c6f17fc93f313bcb11d0385a","8d6813efc565e3085611d767ea4e670e0c76a256c6f17fc93f313bcb11d0385a","YES"
"day03/Code.7z!02_GD32_LVGL_Template/Firmware/GD32F4xx_standard_peripheral/Include/gd32f4xx_spi.h","projects/03-lvgl-porting/course/Firmware/GD32F4xx_standard_peripheral/Include/gd32f4xx_spi.h","4c6360c8fe58d4a38e4870bcba17630857551d3ec7b4bd3ddeb5085c31240b1c","4c6360c8fe58d4a38e4870bcba17630857551d3ec7b4bd3ddeb5085c31240b1c","YES"
"day03/Code.7z!02_GD32_LVGL_Template/Firmware/GD32F4xx_standard_peripheral/Include/gd32f4xx_syscfg.h","projects/03-lvgl-porting/course/Firmware/GD32F4xx_standard_peripheral/Include/gd32f4xx_syscfg.h","5060fef0a07a3fc1396a31f09f95fe1d134f8a1fb1581e3dd98bb6078108c447","5060fef0a07a3fc1396a31f09f95fe1d134f8a1fb1581e3dd98bb6078108c447","YES"
"day03/Code.7z!02_GD32_LVGL_Template/Firmware/GD32F4xx_standard_peripheral/Include/gd32f4xx_timer.h","projects/03-lvgl-porting/course/Firmware/GD32F4xx_standard_peripheral/Include/gd32f4xx_timer.h","7a79f81f1d862a1b49f23bfe05b1ac751a71e761b6e63c2dffabe6c7bc69ac49","7a79f81f1d862a1b49f23bfe05b1ac751a71e761b6e63c2dffabe6c7bc69ac49","YES"
"day03/Code.7z!02_GD32_LVGL_Template/Firmware/GD32F4xx_standard_peripheral/Include/gd32f4xx_tli.h","projects/03-lvgl-porting/course/Firmware/GD32F4xx_standard_peripheral/Include/gd32f4xx_tli.h","1b94ea157ac8ce2fed962b0c4ff95b6702c6194300aa51b04c3aafe493768d2a","1b94ea157ac8ce2fed962b0c4ff95b6702c6194300aa51b04c3aafe493768d2a","YES"
"day03/Code.7z!02_GD32_LVGL_Template/Firmware/GD32F4xx_standard_peripheral/Include/gd32f4xx_trng.h","projects/03-lvgl-porting/course/Firmware/GD32F4xx_standard_peripheral/Include/gd32f4xx_trng.h","91e2bb5affefa65f90927fad795faa0f4204516284eca38e461506f0cd9ca924","91e2bb5affefa65f90927fad795faa0f4204516284eca38e461506f0cd9ca924","YES"
"day03/Code.7z!02_GD32_LVGL_Template/Firmware/GD32F4xx_standard_peripheral/Include/gd32f4xx_usart.h","projects/03-lvgl-porting/course/Firmware/GD32F4xx_standard_peripheral/Include/gd32f4xx_usart.h","6cf40e957a1216c99e3663d667de1944c42272897011834bf20adcd97e791074","6cf40e957a1216c99e3663d667de1944c42272897011834bf20adcd97e791074","YES"
"day03/Code.7z!02_GD32_LVGL_Template/Firmware/GD32F4xx_standard_peripheral/Include/gd32f4xx_wwdgt.h","projects/03-lvgl-porting/course/Firmware/GD32F4xx_standard_peripheral/Include/gd32f4xx_wwdgt.h","01eecfc98b4507aeb8f0afbe7d994ea0a617a79e5d4eb2d1d4a85979ba014efe","01eecfc98b4507aeb8f0afbe7d994ea0a617a79e5d4eb2d1d4a85979ba014efe","YES"
"day03/Code.7z!02_GD32_LVGL_Template/Firmware/GD32F4xx_standard_peripheral/Source/gd32f4xx_adc.c","projects/03-lvgl-porting/course/Firmware/GD32F4xx_standard_peripheral/Source/gd32f4xx_adc.c","8a5c91ec7a397b53efd086646674d273ece00f36c9610ab50715fe1521ba4112","8a5c91ec7a397b53efd086646674d273ece00f36c9610ab50715fe1521ba4112","YES"
"day03/Code.7z!02_GD32_LVGL_Template/Firmware/GD32F4xx_standard_peripheral/Source/gd32f4xx_can.c","projects/03-lvgl-porting/course/Firmware/GD32F4xx_standard_peripheral/Source/gd32f4xx_can.c","ce0e343b00856972eabaccc1f4d88c051796a8d1e30c4596312fc29a533db8ba","ce0e343b00856972eabaccc1f4d88c051796a8d1e30c4596312fc29a533db8ba","YES"
"day03/Code.7z!02_GD32_LVGL_Template/Firmware/GD32F4xx_standard_peripheral/Source/gd32f4xx_crc.c","projects/03-lvgl-porting/course/Firmware/GD32F4xx_standard_peripheral/Source/gd32f4xx_crc.c","c14034159e72e082aa70e2a8cba60ffcf950b63d75ae467706632f32ec00f315","c14034159e72e082aa70e2a8cba60ffcf950b63d75ae467706632f32ec00f315","YES"
"day03/Code.7z!02_GD32_LVGL_Template/Firmware/GD32F4xx_standard_peripheral/Source/gd32f4xx_ctc.c","projects/03-lvgl-porting/course/Firmware/GD32F4xx_standard_peripheral/Source/gd32f4xx_ctc.c","07f4a6385c6ffb2e18ecf95daae6a431fb91262fa988835a249a64f4002280a1","07f4a6385c6ffb2e18ecf95daae6a431fb91262fa988835a249a64f4002280a1","YES"
"day03/Code.7z!02_GD32_LVGL_Template/Firmware/GD32F4xx_standard_peripheral/Source/gd32f4xx_dac.c","projects/03-lvgl-porting/course/Firmware/GD32F4xx_standard_peripheral/Source/gd32f4xx_dac.c","ace5c99f1e2774d955ca4e4d5d6e81b2d831f718098487ea3e8c2c34c960e160","ace5c99f1e2774d955ca4e4d5d6e81b2d831f718098487ea3e8c2c34c960e160","YES"
"day03/Code.7z!02_GD32_LVGL_Template/Firmware/GD32F4xx_standard_peripheral/Source/gd32f4xx_dbg.c","projects/03-lvgl-porting/course/Firmware/GD32F4xx_standard_peripheral/Source/gd32f4xx_dbg.c","6eec659fd6b5c549226bae8e9c9c78785b064d557434189bb221287d550fe291","6eec659fd6b5c549226bae8e9c9c78785b064d557434189bb221287d550fe291","YES"
"day03/Code.7z!02_GD32_LVGL_Template/Firmware/GD32F4xx_standard_peripheral/Source/gd32f4xx_dci.c","projects/03-lvgl-porting/course/Firmware/GD32F4xx_standard_peripheral/Source/gd32f4xx_dci.c","b99613d9a21a02dd39117f30b9a488b859209ab3489dcfde7361d147cdf76516","b99613d9a21a02dd39117f30b9a488b859209ab3489dcfde7361d147cdf76516","YES"
"day03/Code.7z!02_GD32_LVGL_Template/Firmware/GD32F4xx_standard_peripheral/Source/gd32f4xx_dma.c","projects/03-lvgl-porting/course/Firmware/GD32F4xx_standard_peripheral/Source/gd32f4xx_dma.c","2d943a169ababcc22cbc6c41665f5ce375c30b63005954e1d34bb3218cb63faf","2d943a169ababcc22cbc6c41665f5ce375c30b63005954e1d34bb3218cb63faf","YES"
"day03/Code.7z!02_GD32_LVGL_Template/Firmware/GD32F4xx_standard_peripheral/Source/gd32f4xx_enet.c","projects/03-lvgl-porting/course/Firmware/GD32F4xx_standard_peripheral/Source/gd32f4xx_enet.c","3051e8737c463d23d07b9c9ad937bc7c488bb573738b2313982870daa670e87e","3051e8737c463d23d07b9c9ad937bc7c488bb573738b2313982870daa670e87e","YES"
"day03/Code.7z!02_GD32_LVGL_Template/Firmware/GD32F4xx_standard_peripheral/Source/gd32f4xx_exmc.c","projects/03-lvgl-porting/course/Firmware/GD32F4xx_standard_peripheral/Source/gd32f4xx_exmc.c","e4a79b377c89d9eb8bd5be101e273ad5efba0c2a24fb4621ab7bc124beeeaebf","e4a79b377c89d9eb8bd5be101e273ad5efba0c2a24fb4621ab7bc124beeeaebf","YES"
"day03/Code.7z!02_GD32_LVGL_Template/Firmware/GD32F4xx_standard_peripheral/Source/gd32f4xx_exti.c","projects/03-lvgl-porting/course/Firmware/GD32F4xx_standard_peripheral/Source/gd32f4xx_exti.c","fce4a7eca93486d71a9e5758642f2282ae7f8805dbb559312837a0b17577fe58","fce4a7eca93486d71a9e5758642f2282ae7f8805dbb559312837a0b17577fe58","YES"
"day03/Code.7z!02_GD32_LVGL_Template/Firmware/GD32F4xx_standard_peripheral/Source/gd32f4xx_fmc.c","projects/03-lvgl-porting/course/Firmware/GD32F4xx_standard_peripheral/Source/gd32f4xx_fmc.c","15408829d2405432fc8ed73d5d8c6bbb1e6c74540f1b817983babd62e22cab16","15408829d2405432fc8ed73d5d8c6bbb1e6c74540f1b817983babd62e22cab16","YES"
"day03/Code.7z!02_GD32_LVGL_Template/Firmware/GD32F4xx_standard_peripheral/Source/gd32f4xx_fwdgt.c","projects/03-lvgl-porting/course/Firmware/GD32F4xx_standard_peripheral/Source/gd32f4xx_fwdgt.c","05b67d15069ced6f0472e4115ecd16064402e0d6220561499000025a8cd189b7","05b67d15069ced6f0472e4115ecd16064402e0d6220561499000025a8cd189b7","YES"
"day03/Code.7z!02_GD32_LVGL_Template/Firmware/GD32F4xx_standard_peripheral/Source/gd32f4xx_gpio.c","projects/03-lvgl-porting/course/Firmware/GD32F4xx_standard_peripheral/Source/gd32f4xx_gpio.c","262befe864d5da3bada64d0b3dab29e5c2747e46b154ede8bcab0b788db614e0","262befe864d5da3bada64d0b3dab29e5c2747e46b154ede8bcab0b788db614e0","YES"
"day03/Code.7z!02_GD32_LVGL_Template/Firmware/GD32F4xx_standard_peripheral/Source/gd32f4xx_i2c.c","projects/03-lvgl-porting/course/Firmware/GD32F4xx_standard_peripheral/Source/gd32f4xx_i2c.c","8edfaf1a8f0bf2833923d0072fe1b9d0467382b3ec1d243e918d0de9711cccd2","8edfaf1a8f0bf2833923d0072fe1b9d0467382b3ec1d243e918d0de9711cccd2","YES"
"day03/Code.7z!02_GD32_LVGL_Template/Firmware/GD32F4xx_standard_peripheral/Source/gd32f4xx_ipa.c","projects/03-lvgl-porting/course/Firmware/GD32F4xx_standard_peripheral/Source/gd32f4xx_ipa.c","38a8350304763c1c83b4d2341f6782b090ca09abe541ac360089b5cb454bcf57","38a8350304763c1c83b4d2341f6782b090ca09abe541ac360089b5cb454bcf57","YES"
"day03/Code.7z!02_GD32_LVGL_Template/Firmware/GD32F4xx_standard_peripheral/Source/gd32f4xx_iref.c","projects/03-lvgl-porting/course/Firmware/GD32F4xx_standard_peripheral/Source/gd32f4xx_iref.c","24f2fcfcd20882fd3e65773a281a827bf5391a0a8054324eef7c98bb3f2b9b80","24f2fcfcd20882fd3e65773a281a827bf5391a0a8054324eef7c98bb3f2b9b80","YES"
"day03/Code.7z!02_GD32_LVGL_Template/Firmware/GD32F4xx_standard_peripheral/Source/gd32f4xx_misc.c","projects/03-lvgl-porting/course/Firmware/GD32F4xx_standard_peripheral/Source/gd32f4xx_misc.c","1cd262f295155428c25dedc69bfbab99f7a99de09e0b602eca1f2c6017cfe2da","1cd262f295155428c25dedc69bfbab99f7a99de09e0b602eca1f2c6017cfe2da","YES"
"day03/Code.7z!02_GD32_LVGL_Template/Firmware/GD32F4xx_standard_peripheral/Source/gd32f4xx_pmu.c","projects/03-lvgl-porting/course/Firmware/GD32F4xx_standard_peripheral/Source/gd32f4xx_pmu.c","dafa94838a55132e3313234c5ac2be6172116dc26574347363d554effb186d79","dafa94838a55132e3313234c5ac2be6172116dc26574347363d554effb186d79","YES"
"day03/Code.7z!02_GD32_LVGL_Template/Firmware/GD32F4xx_standard_peripheral/Source/gd32f4xx_rcu.c","projects/03-lvgl-porting/course/Firmware/GD32F4xx_standard_peripheral/Source/gd32f4xx_rcu.c","6c1030eb58ec7cb9c41e2a1ff31ddef87f70dd083222327978234004c4e95b98","6c1030eb58ec7cb9c41e2a1ff31ddef87f70dd083222327978234004c4e95b98","YES"
"day03/Code.7z!02_GD32_LVGL_Template/Firmware/GD32F4xx_standard_peripheral/Source/gd32f4xx_rtc.c","projects/03-lvgl-porting/course/Firmware/GD32F4xx_standard_peripheral/Source/gd32f4xx_rtc.c","eea5bcb92c88a7bab9f3740f8e9408236412a546b03a5467f21b0f94a01183e7","eea5bcb92c88a7bab9f3740f8e9408236412a546b03a5467f21b0f94a01183e7","YES"
"day03/Code.7z!02_GD32_LVGL_Template/Firmware/GD32F4xx_standard_peripheral/Source/gd32f4xx_sdio.c","projects/03-lvgl-porting/course/Firmware/GD32F4xx_standard_peripheral/Source/gd32f4xx_sdio.c","9d8f3e488c74c44a30c4d0bbb9cd8d86555d898ca9c36f259ce57609959b9854","9d8f3e488c74c44a30c4d0bbb9cd8d86555d898ca9c36f259ce57609959b9854","YES"
"day03/Code.7z!02_GD32_LVGL_Template/Firmware/GD32F4xx_standard_peripheral/Source/gd32f4xx_spi.c","projects/03-lvgl-porting/course/Firmware/GD32F4xx_standard_peripheral/Source/gd32f4xx_spi.c","ce06438e9ad5882a0fca88dfe658dd925ed3320ba574c2797e2f93acf6142459","ce06438e9ad5882a0fca88dfe658dd925ed3320ba574c2797e2f93acf6142459","YES"
"day03/Code.7z!02_GD32_LVGL_Template/Firmware/GD32F4xx_standard_peripheral/Source/gd32f4xx_syscfg.c","projects/03-lvgl-porting/course/Firmware/GD32F4xx_standard_peripheral/Source/gd32f4xx_syscfg.c","51a7a5e70f3064424cc6e2f6a06942b47adaac8c36a6612ee08b1643557b3ca3","51a7a5e70f3064424cc6e2f6a06942b47adaac8c36a6612ee08b1643557b3ca3","YES"
"day03/Code.7z!02_GD32_LVGL_Template/Firmware/GD32F4xx_standard_peripheral/Source/gd32f4xx_timer.c","projects/03-lvgl-porting/course/Firmware/GD32F4xx_standard_peripheral/Source/gd32f4xx_timer.c","3961465cf6ba39554e34c02183c50676a4ab9b3991a6aad32d271754b2506b14","3961465cf6ba39554e34c02183c50676a4ab9b3991a6aad32d271754b2506b14","YES"
"day03/Code.7z!02_GD32_LVGL_Template/Firmware/GD32F4xx_standard_peripheral/Source/gd32f4xx_tli.c","projects/03-lvgl-porting/course/Firmware/GD32F4xx_standard_peripheral/Source/gd32f4xx_tli.c","881a02e692afd4a0b6848a929b0b8c79148911ad7543cf611287c45e82372541","881a02e692afd4a0b6848a929b0b8c79148911ad7543cf611287c45e82372541","YES"
"day03/Code.7z!02_GD32_LVGL_Template/Firmware/GD32F4xx_standard_peripheral/Source/gd32f4xx_trng.c","projects/03-lvgl-porting/course/Firmware/GD32F4xx_standard_peripheral/Source/gd32f4xx_trng.c","ba9093d046a01c997aa54d2de9f663e8af32fb9e53c950cfc640f1033fcd6c53","ba9093d046a01c997aa54d2de9f663e8af32fb9e53c950cfc640f1033fcd6c53","YES"
"day03/Code.7z!02_GD32_LVGL_Template/Firmware/GD32F4xx_standard_peripheral/Source/gd32f4xx_usart.c","projects/03-lvgl-porting/course/Firmware/GD32F4xx_standard_peripheral/Source/gd32f4xx_usart.c","f67fa54d9c9537317be92d95fd880a394d9abe98df708e5aa821fbfa392ae9b0","f67fa54d9c9537317be92d95fd880a394d9abe98df708e5aa821fbfa392ae9b0","YES"
"day03/Code.7z!02_GD32_LVGL_Template/Firmware/GD32F4xx_standard_peripheral/Source/gd32f4xx_wwdgt.c","projects/03-lvgl-porting/course/Firmware/GD32F4xx_standard_peripheral/Source/gd32f4xx_wwdgt.c","0ed39de6f0101e10ddcb476e6ef21c44d2282d4f689d0d0d70f9e04940e6f0fe","0ed39de6f0101e10ddcb476e6ef21c44d2282d4f689d0d0d70f9e04940e6f0fe","YES"
"day03/Code.7z!02_GD32_LVGL_Template/Firmware/GD32F4xx_usb_library/device/class/audio/Include/audio_core.h","projects/03-lvgl-porting/course/Firmware/GD32F4xx_usb_library/device/class/audio/Include/audio_core.h","d4550583ad93fb3eed7d288fb84ca5e1b57269e088fb073e541a666b636fec00","d4550583ad93fb3eed7d288fb84ca5e1b57269e088fb073e541a666b636fec00","YES"
"day03/Code.7z!02_GD32_LVGL_Template/Firmware/GD32F4xx_usb_library/device/class/audio/Include/audio_out_itf.h","projects/03-lvgl-porting/course/Firmware/GD32F4xx_usb_library/device/class/audio/Include/audio_out_itf.h","77fb54dea6431af26c1de2b1ccfb8186fac92519d817556fe6b31fde7947310b","77fb54dea6431af26c1de2b1ccfb8186fac92519d817556fe6b31fde7947310b","YES"
"day03/Code.7z!02_GD32_LVGL_Template/Firmware/GD32F4xx_usb_library/device/class/audio/Source/audio_core.c","projects/03-lvgl-porting/course/Firmware/GD32F4xx_usb_library/device/class/audio/Source/audio_core.c","e134abab42ada7e2d9c6bad56032f4358fbd37b82e3861496bfe8dc7b4263d32","e134abab42ada7e2d9c6bad56032f4358fbd37b82e3861496bfe8dc7b4263d32","YES"
"day03/Code.7z!02_GD32_LVGL_Template/Firmware/GD32F4xx_usb_library/device/class/audio/Source/audio_out_itf.c","projects/03-lvgl-porting/course/Firmware/GD32F4xx_usb_library/device/class/audio/Source/audio_out_itf.c","33f0490e4b3ce2315d51257bb877a233ba7293bf83f1272113382989476b887b","33f0490e4b3ce2315d51257bb877a233ba7293bf83f1272113382989476b887b","YES"
"day03/Code.7z!02_GD32_LVGL_Template/Firmware/GD32F4xx_usb_library/device/class/cdc/Include/cdc_acm_core.h","projects/03-lvgl-porting/course/Firmware/GD32F4xx_usb_library/device/class/cdc/Include/cdc_acm_core.h","58a53b46a222a4ca1b4f35901a48555a22ff6c8ef95dcb23e651a64512a0b8ec","58a53b46a222a4ca1b4f35901a48555a22ff6c8ef95dcb23e651a64512a0b8ec","YES"
"day03/Code.7z!02_GD32_LVGL_Template/Firmware/GD32F4xx_usb_library/device/class/cdc/Source/cdc_acm_core.c","projects/03-lvgl-porting/course/Firmware/GD32F4xx_usb_library/device/class/cdc/Source/cdc_acm_core.c","92f6d272cb501a2e0e8020a5c7c3fdbf3f6267044a5f00c248a53bdc23867e71","92f6d272cb501a2e0e8020a5c7c3fdbf3f6267044a5f00c248a53bdc23867e71","YES"
"day03/Code.7z!02_GD32_LVGL_Template/Firmware/GD32F4xx_usb_library/device/class/dfu/Include/dfu_core.h","projects/03-lvgl-porting/course/Firmware/GD32F4xx_usb_library/device/class/dfu/Include/dfu_core.h","b074e46c11dfc3d6f057e7c91263a7894a8598f5ad27062a8f0c737739f0ac4b","b074e46c11dfc3d6f057e7c91263a7894a8598f5ad27062a8f0c737739f0ac4b","YES"
"day03/Code.7z!02_GD32_LVGL_Template/Firmware/GD32F4xx_usb_library/device/class/dfu/Include/dfu_mem.h","projects/03-lvgl-porting/course/Firmware/GD32F4xx_usb_library/device/class/dfu/Include/dfu_mem.h","ee0fa900e1595041db2524e57a7684a911afec27bd737544cb8acc1a419b54f3","ee0fa900e1595041db2524e57a7684a911afec27bd737544cb8acc1a419b54f3","YES"
"day03/Code.7z!02_GD32_LVGL_Template/Firmware/GD32F4xx_usb_library/device/class/dfu/Source/dfu_core.c","projects/03-lvgl-porting/course/Firmware/GD32F4xx_usb_library/device/class/dfu/Source/dfu_core.c","ee0b61f48e523f816e1977ab5667701d4a30c9d7994809daec56a6c22b6b23f2","ee0b61f48e523f816e1977ab5667701d4a30c9d7994809daec56a6c22b6b23f2","YES"
"day03/Code.7z!02_GD32_LVGL_Template/Firmware/GD32F4xx_usb_library/device/class/dfu/Source/dfu_mem.c","projects/03-lvgl-porting/course/Firmware/GD32F4xx_usb_library/device/class/dfu/Source/dfu_mem.c","1740852fd0411642aad47bf10951d51de5338ca02239c634c4a28211cc0b6bd5","1740852fd0411642aad47bf10951d51de5338ca02239c634c4a28211cc0b6bd5","YES"
"day03/Code.7z!02_GD32_LVGL_Template/Firmware/GD32F4xx_usb_library/device/class/hid/Include/custom_hid_core.h","projects/03-lvgl-porting/course/Firmware/GD32F4xx_usb_library/device/class/hid/Include/custom_hid_core.h","3d8630539b539b75241b088ba5cb2bd6a6377ebe6a0c026e14e4d9f618149f3c","3d8630539b539b75241b088ba5cb2bd6a6377ebe6a0c026e14e4d9f618149f3c","YES"
"day03/Code.7z!02_GD32_LVGL_Template/Firmware/GD32F4xx_usb_library/device/class/hid/Include/standard_hid_core.h","projects/03-lvgl-porting/course/Firmware/GD32F4xx_usb_library/device/class/hid/Include/standard_hid_core.h","b43958e8ef0bb4e5939d1b1279f2b4d25791abd357c51504fb08c6bf5cde5a55","b43958e8ef0bb4e5939d1b1279f2b4d25791abd357c51504fb08c6bf5cde5a55","YES"
"day03/Code.7z!02_GD32_LVGL_Template/Firmware/GD32F4xx_usb_library/device/class/hid/Source/custom_hid_core.c","projects/03-lvgl-porting/course/Firmware/GD32F4xx_usb_library/device/class/hid/Source/custom_hid_core.c","e31d924422097b600884693e2cfb38c20e4215861dfc8bbdff3058c9a9133668","e31d924422097b600884693e2cfb38c20e4215861dfc8bbdff3058c9a9133668","YES"
"day03/Code.7z!02_GD32_LVGL_Template/Firmware/GD32F4xx_usb_library/device/class/hid/Source/standard_hid_core.c","projects/03-lvgl-porting/course/Firmware/GD32F4xx_usb_library/device/class/hid/Source/standard_hid_core.c","976542c7fc8c038846c71e4c5e6755b3c9364c8c09425f671fa694f1f14889a1","976542c7fc8c038846c71e4c5e6755b3c9364c8c09425f671fa694f1f14889a1","YES"
"day03/Code.7z!02_GD32_LVGL_Template/Firmware/GD32F4xx_usb_library/device/class/iap/Include/usb_iap_core.h","projects/03-lvgl-porting/course/Firmware/GD32F4xx_usb_library/device/class/iap/Include/usb_iap_core.h","0c5491567e7452be4cdc0099bc8f6e5b6aca7b9c273fdb95647264938337c163","0c5491567e7452be4cdc0099bc8f6e5b6aca7b9c273fdb95647264938337c163","YES"
"day03/Code.7z!02_GD32_LVGL_Template/Firmware/GD32F4xx_usb_library/device/class/iap/Source/usb_iap_core.c","projects/03-lvgl-porting/course/Firmware/GD32F4xx_usb_library/device/class/iap/Source/usb_iap_core.c","b48d8edb4882f57e2ee0b7cd17d94a4ea574bbfdb3ef72f35355fb7b8cbf374d","b48d8edb4882f57e2ee0b7cd17d94a4ea574bbfdb3ef72f35355fb7b8cbf374d","YES"
"day03/Code.7z!02_GD32_LVGL_Template/Firmware/GD32F4xx_usb_library/device/class/msc/Include/usbd_msc_bbb.h","projects/03-lvgl-porting/course/Firmware/GD32F4xx_usb_library/device/class/msc/Include/usbd_msc_bbb.h","fce4e4a9e17e3c7ad6ef23bf6284354b3c1e0bc79e2e3d8c51c00c7cba88598f","fce4e4a9e17e3c7ad6ef23bf6284354b3c1e0bc79e2e3d8c51c00c7cba88598f","YES"
"day03/Code.7z!02_GD32_LVGL_Template/Firmware/GD32F4xx_usb_library/device/class/msc/Include/usbd_msc_core.h","projects/03-lvgl-porting/course/Firmware/GD32F4xx_usb_library/device/class/msc/Include/usbd_msc_core.h","1b56e50c7f78bd46cc86e131565da5a3ca050901171a99d33526283996d0062c","1b56e50c7f78bd46cc86e131565da5a3ca050901171a99d33526283996d0062c","YES"
"day03/Code.7z!02_GD32_LVGL_Template/Firmware/GD32F4xx_usb_library/device/class/msc/Include/usbd_msc_mem.h","projects/03-lvgl-porting/course/Firmware/GD32F4xx_usb_library/device/class/msc/Include/usbd_msc_mem.h","4219910f0d5565cbf2cb7de2191fffad41f01f9903ec160827c6f441fc9fe241","4219910f0d5565cbf2cb7de2191fffad41f01f9903ec160827c6f441fc9fe241","YES"
"day03/Code.7z!02_GD32_LVGL_Template/Firmware/GD32F4xx_usb_library/device/class/msc/Include/usbd_msc_scsi.h","projects/03-lvgl-porting/course/Firmware/GD32F4xx_usb_library/device/class/msc/Include/usbd_msc_scsi.h","8a843a759a5d1013db6524b1547453013da00c202f03a7011b604c8e79f96a2d","8a843a759a5d1013db6524b1547453013da00c202f03a7011b604c8e79f96a2d","YES"
"day03/Code.7z!02_GD32_LVGL_Template/Firmware/GD32F4xx_usb_library/device/class/msc/Source/usbd_msc_bbb.c","projects/03-lvgl-porting/course/Firmware/GD32F4xx_usb_library/device/class/msc/Source/usbd_msc_bbb.c","d613ecddab72a03de672e4669f2549f5ce93259c09819fcbd78db49dbbefa4a5","d613ecddab72a03de672e4669f2549f5ce93259c09819fcbd78db49dbbefa4a5","YES"
"day03/Code.7z!02_GD32_LVGL_Template/Firmware/GD32F4xx_usb_library/device/class/msc/Source/usbd_msc_core.c","projects/03-lvgl-porting/course/Firmware/GD32F4xx_usb_library/device/class/msc/Source/usbd_msc_core.c","5c5983c2884b08aa4a480b29929e20a502741c56cefd717e48a6fe5c807bbb5c","5c5983c2884b08aa4a480b29929e20a502741c56cefd717e48a6fe5c807bbb5c","YES"
"day03/Code.7z!02_GD32_LVGL_Template/Firmware/GD32F4xx_usb_library/device/class/msc/Source/usbd_msc_scsi.c","projects/03-lvgl-porting/course/Firmware/GD32F4xx_usb_library/device/class/msc/Source/usbd_msc_scsi.c","062e1df310c0feed9372585e09d4a317f65b8e0e03bd70c14aa7418a99c5effd","062e1df310c0feed9372585e09d4a317f65b8e0e03bd70c14aa7418a99c5effd","YES"
"day03/Code.7z!02_GD32_LVGL_Template/Firmware/GD32F4xx_usb_library/device/class/printer/Include/printer_core.h","projects/03-lvgl-porting/course/Firmware/GD32F4xx_usb_library/device/class/printer/Include/printer_core.h","4231dae7349cc3643150ec1e90a5cefb4adf23adc0314e82ef001bdfcd7d7e8c","4231dae7349cc3643150ec1e90a5cefb4adf23adc0314e82ef001bdfcd7d7e8c","YES"
"day03/Code.7z!02_GD32_LVGL_Template/Firmware/GD32F4xx_usb_library/device/class/printer/Source/printer_core.c","projects/03-lvgl-porting/course/Firmware/GD32F4xx_usb_library/device/class/printer/Source/printer_core.c","93eb77ff7a45da1424244e1ffa25755a259e43b815d00b14c319bec17a079831","93eb77ff7a45da1424244e1ffa25755a259e43b815d00b14c319bec17a079831","YES"
"day03/Code.7z!02_GD32_LVGL_Template/Firmware/GD32F4xx_usb_library/device/core/Include/usbd_core.h","projects/03-lvgl-porting/course/Firmware/GD32F4xx_usb_library/device/core/Include/usbd_core.h","a205d78d7c4299519538d5057744916bcb5459ec963bfbd6aa42101197b15041","a205d78d7c4299519538d5057744916bcb5459ec963bfbd6aa42101197b15041","YES"
"day03/Code.7z!02_GD32_LVGL_Template/Firmware/GD32F4xx_usb_library/device/core/Include/usbd_enum.h","projects/03-lvgl-porting/course/Firmware/GD32F4xx_usb_library/device/core/Include/usbd_enum.h","9de97ed85ba71120379bf876faf752fa7900784d1614c18d1e9ecea6c7e2c897","9de97ed85ba71120379bf876faf752fa7900784d1614c18d1e9ecea6c7e2c897","YES"
"day03/Code.7z!02_GD32_LVGL_Template/Firmware/GD32F4xx_usb_library/device/core/Include/usbd_transc.h","projects/03-lvgl-porting/course/Firmware/GD32F4xx_usb_library/device/core/Include/usbd_transc.h","7598a18b6aa5696b7d15c3f8da6f0f04c37bca44d48c86fd5a7bd92850a17681","7598a18b6aa5696b7d15c3f8da6f0f04c37bca44d48c86fd5a7bd92850a17681","YES"
"day03/Code.7z!02_GD32_LVGL_Template/Firmware/GD32F4xx_usb_library/device/core/Source/usbd_core.c","projects/03-lvgl-porting/course/Firmware/GD32F4xx_usb_library/device/core/Source/usbd_core.c","74a04240e3912ef2d959396250678ff65e41a6d65e4c92cddb7babebc646a12f","74a04240e3912ef2d959396250678ff65e41a6d65e4c92cddb7babebc646a12f","YES"
"day03/Code.7z!02_GD32_LVGL_Template/Firmware/GD32F4xx_usb_library/device/core/Source/usbd_enum.c","projects/03-lvgl-porting/course/Firmware/GD32F4xx_usb_library/device/core/Source/usbd_enum.c","07c9d4af518d9659d3696a574638d2238413c849345915f347b1ce91c02a81ee","07c9d4af518d9659d3696a574638d2238413c849345915f347b1ce91c02a81ee","YES"
"day03/Code.7z!02_GD32_LVGL_Template/Firmware/GD32F4xx_usb_library/device/core/Source/usbd_transc.c","projects/03-lvgl-porting/course/Firmware/GD32F4xx_usb_library/device/core/Source/usbd_transc.c","ce5e569f4cbb0918250c03000276fd987e116e69f489eec7b049b790a5a87f37","ce5e569f4cbb0918250c03000276fd987e116e69f489eec7b049b790a5a87f37","YES"
"day03/Code.7z!02_GD32_LVGL_Template/Firmware/GD32F4xx_usb_library/driver/Include/drv_usb_core.h","projects/03-lvgl-porting/course/Firmware/GD32F4xx_usb_library/driver/Include/drv_usb_core.h","d7957d291f199b35772ce89782b17558bcc73b935f66f80c5b7fbe16ddba5875","d7957d291f199b35772ce89782b17558bcc73b935f66f80c5b7fbe16ddba5875","YES"
"day03/Code.7z!02_GD32_LVGL_Template/Firmware/GD32F4xx_usb_library/driver/Include/drv_usb_dev.h","projects/03-lvgl-porting/course/Firmware/GD32F4xx_usb_library/driver/Include/drv_usb_dev.h","caf5d56ebafdba9fc9f167418a1616e4291b112edbf47a8654bd9a98f8c17b9a","caf5d56ebafdba9fc9f167418a1616e4291b112edbf47a8654bd9a98f8c17b9a","YES"
"day03/Code.7z!02_GD32_LVGL_Template/Firmware/GD32F4xx_usb_library/driver/Include/drv_usb_host.h","projects/03-lvgl-porting/course/Firmware/GD32F4xx_usb_library/driver/Include/drv_usb_host.h","fb4056a260f60fda977ab1139ebfcf00e53b5c3e697fdda573b902a413bfff14","fb4056a260f60fda977ab1139ebfcf00e53b5c3e697fdda573b902a413bfff14","YES"
"day03/Code.7z!02_GD32_LVGL_Template/Firmware/GD32F4xx_usb_library/driver/Include/drv_usb_hw.h","projects/03-lvgl-porting/course/Firmware/GD32F4xx_usb_library/driver/Include/drv_usb_hw.h","81dbb2d76cd496106998eaa694da78184988c9618e06cfe573e5d6b5fa1c1f20","81dbb2d76cd496106998eaa694da78184988c9618e06cfe573e5d6b5fa1c1f20","YES"
"day03/Code.7z!02_GD32_LVGL_Template/Firmware/GD32F4xx_usb_library/driver/Include/drv_usb_regs.h","projects/03-lvgl-porting/course/Firmware/GD32F4xx_usb_library/driver/Include/drv_usb_regs.h","048a97f0ff66f557ee6a5e829f8aa0336d69e13e63151cf4d64092d0ff9606ba","048a97f0ff66f557ee6a5e829f8aa0336d69e13e63151cf4d64092d0ff9606ba","YES"
"day03/Code.7z!02_GD32_LVGL_Template/Firmware/GD32F4xx_usb_library/driver/Include/drv_usbd_int.h","projects/03-lvgl-porting/course/Firmware/GD32F4xx_usb_library/driver/Include/drv_usbd_int.h","3b71749a04450bbec4838039bc3c6482ee1d7ecb509b97da5151f362f918a8f4","3b71749a04450bbec4838039bc3c6482ee1d7ecb509b97da5151f362f918a8f4","YES"
"day03/Code.7z!02_GD32_LVGL_Template/Firmware/GD32F4xx_usb_library/driver/Include/drv_usbh_int.h","projects/03-lvgl-porting/course/Firmware/GD32F4xx_usb_library/driver/Include/drv_usbh_int.h","5268ee8f0accee9c9e848ae421f3f1b83b8efa72b8854f08a5756c16c3873997","5268ee8f0accee9c9e848ae421f3f1b83b8efa72b8854f08a5756c16c3873997","YES"
"day03/Code.7z!02_GD32_LVGL_Template/Firmware/GD32F4xx_usb_library/driver/Source/drv_usb_core.c","projects/03-lvgl-porting/course/Firmware/GD32F4xx_usb_library/driver/Source/drv_usb_core.c","b90492a8404bcbdcbba9d31d38ad75d2d85b6014ccacf6eea77b23f69cf5f623","b90492a8404bcbdcbba9d31d38ad75d2d85b6014ccacf6eea77b23f69cf5f623","YES"
"day03/Code.7z!02_GD32_LVGL_Template/Firmware/GD32F4xx_usb_library/driver/Source/drv_usb_dev.c","projects/03-lvgl-porting/course/Firmware/GD32F4xx_usb_library/driver/Source/drv_usb_dev.c","93ca6cd491c5e0fea197d5ac7f10ba23e6973543da7aeed38bfc1ae3a0dc474b","93ca6cd491c5e0fea197d5ac7f10ba23e6973543da7aeed38bfc1ae3a0dc474b","YES"
"day03/Code.7z!02_GD32_LVGL_Template/Firmware/GD32F4xx_usb_library/driver/Source/drv_usb_host.c","projects/03-lvgl-porting/course/Firmware/GD32F4xx_usb_library/driver/Source/drv_usb_host.c","d9f6de1a16c13351c6947a1d8c735a2fa2ef6495159ef75e8c84a903003853ea","d9f6de1a16c13351c6947a1d8c735a2fa2ef6495159ef75e8c84a903003853ea","YES"
"day03/Code.7z!02_GD32_LVGL_Template/Firmware/GD32F4xx_usb_library/driver/Source/drv_usbd_int.c","projects/03-lvgl-porting/course/Firmware/GD32F4xx_usb_library/driver/Source/drv_usbd_int.c","6d629c1b2ee8a05bd9c1b8e20f2664410afc9608e9489ccac5be881d10d0a715","6d629c1b2ee8a05bd9c1b8e20f2664410afc9608e9489ccac5be881d10d0a715","YES"
"day03/Code.7z!02_GD32_LVGL_Template/Firmware/GD32F4xx_usb_library/driver/Source/drv_usbh_int.c","projects/03-lvgl-porting/course/Firmware/GD32F4xx_usb_library/driver/Source/drv_usbh_int.c","4d390034615df35fb792026bd76844c922f387580e291039f1bc5f6b6c982486","4d390034615df35fb792026bd76844c922f387580e291039f1bc5f6b6c982486","YES"
"day03/Code.7z!02_GD32_LVGL_Template/Firmware/GD32F4xx_usb_library/host/class/hid/Include/usbh_hid_core.h","projects/03-lvgl-porting/course/Firmware/GD32F4xx_usb_library/host/class/hid/Include/usbh_hid_core.h","0dec84719141c68389ec4f957111fb6dc21a5be55159a808a9d4d20759e447aa","0dec84719141c68389ec4f957111fb6dc21a5be55159a808a9d4d20759e447aa","YES"
"day03/Code.7z!02_GD32_LVGL_Template/Firmware/GD32F4xx_usb_library/host/class/hid/Include/usbh_standard_hid.h","projects/03-lvgl-porting/course/Firmware/GD32F4xx_usb_library/host/class/hid/Include/usbh_standard_hid.h","9dff3d162d5690f986145fc6a50e8be49ee6ea57b0df5de92708173ece1231a8","9dff3d162d5690f986145fc6a50e8be49ee6ea57b0df5de92708173ece1231a8","YES"
"day03/Code.7z!02_GD32_LVGL_Template/Firmware/GD32F4xx_usb_library/host/class/hid/Source/usbh_hid_core.c","projects/03-lvgl-porting/course/Firmware/GD32F4xx_usb_library/host/class/hid/Source/usbh_hid_core.c","2cdafdf63ebb98a454a09acc070b9c2e925c7eec29af318f1a8ce5f913c5d200","2cdafdf63ebb98a454a09acc070b9c2e925c7eec29af318f1a8ce5f913c5d200","YES"
"day03/Code.7z!02_GD32_LVGL_Template/Firmware/GD32F4xx_usb_library/host/class/hid/Source/usbh_standard_hid.c","projects/03-lvgl-porting/course/Firmware/GD32F4xx_usb_library/host/class/hid/Source/usbh_standard_hid.c","324f535d3213364159ef30d0ab69cb69472d94ee6a25f07d1c624d1b4bb315c3","324f535d3213364159ef30d0ab69cb69472d94ee6a25f07d1c624d1b4bb315c3","YES"
"day03/Code.7z!02_GD32_LVGL_Template/Firmware/GD32F4xx_usb_library/host/class/msc/Include/usbh_msc_bbb.h","projects/03-lvgl-porting/course/Firmware/GD32F4xx_usb_library/host/class/msc/Include/usbh_msc_bbb.h","fe164e019db850549fa0edb8a4b2f0c38ff1c7540a834b935c91268d0e275ff8","fe164e019db850549fa0edb8a4b2f0c38ff1c7540a834b935c91268d0e275ff8","YES"
"day03/Code.7z!02_GD32_LVGL_Template/Firmware/GD32F4xx_usb_library/host/class/msc/Include/usbh_msc_core.h","projects/03-lvgl-porting/course/Firmware/GD32F4xx_usb_library/host/class/msc/Include/usbh_msc_core.h","34b4b4aed85f332b815096ee4c39fba67c77fef1f9eb79fc470603568cbe2dc9","34b4b4aed85f332b815096ee4c39fba67c77fef1f9eb79fc470603568cbe2dc9","YES"
"day03/Code.7z!02_GD32_LVGL_Template/Firmware/GD32F4xx_usb_library/host/class/msc/Include/usbh_msc_scsi.h","projects/03-lvgl-porting/course/Firmware/GD32F4xx_usb_library/host/class/msc/Include/usbh_msc_scsi.h","e6e8ca26d9a2abffe14a21af356cb07c4058d9052dfd22b46205ec11884a867a","e6e8ca26d9a2abffe14a21af356cb07c4058d9052dfd22b46205ec11884a867a","YES"
"day03/Code.7z!02_GD32_LVGL_Template/Firmware/GD32F4xx_usb_library/host/class/msc/Source/usbh_msc_bbb.c","projects/03-lvgl-porting/course/Firmware/GD32F4xx_usb_library/host/class/msc/Source/usbh_msc_bbb.c","2a82ad623d78ccc1802d851ab7fb124d6abb5dbea980aa8c6517e26ff906e049","2a82ad623d78ccc1802d851ab7fb124d6abb5dbea980aa8c6517e26ff906e049","YES"
"day03/Code.7z!02_GD32_LVGL_Template/Firmware/GD32F4xx_usb_library/host/class/msc/Source/usbh_msc_core.c","projects/03-lvgl-porting/course/Firmware/GD32F4xx_usb_library/host/class/msc/Source/usbh_msc_core.c","5df338c15161e6c7a6424179245e0e373973b22e81dea91111ad5613ae0c8690","5df338c15161e6c7a6424179245e0e373973b22e81dea91111ad5613ae0c8690","YES"
"day03/Code.7z!02_GD32_LVGL_Template/Firmware/GD32F4xx_usb_library/host/class/msc/Source/usbh_msc_fatfs.c","projects/03-lvgl-porting/course/Firmware/GD32F4xx_usb_library/host/class/msc/Source/usbh_msc_fatfs.c","8fd0c5b44f9ac0e35427803f9761e40a5297caa2acc078cb9fde3c25ba4036b1","8fd0c5b44f9ac0e35427803f9761e40a5297caa2acc078cb9fde3c25ba4036b1","YES"
"day03/Code.7z!02_GD32_LVGL_Template/Firmware/GD32F4xx_usb_library/host/class/msc/Source/usbh_msc_scsi.c","projects/03-lvgl-porting/course/Firmware/GD32F4xx_usb_library/host/class/msc/Source/usbh_msc_scsi.c","45e6ad746800250c90834ac684d207da486f3f0fda8503284def2c537f952a85","45e6ad746800250c90834ac684d207da486f3f0fda8503284def2c537f952a85","YES"
"day03/Code.7z!02_GD32_LVGL_Template/Firmware/GD32F4xx_usb_library/host/core/Include/usbh_core.h","projects/03-lvgl-porting/course/Firmware/GD32F4xx_usb_library/host/core/Include/usbh_core.h","8919b0da3bc89862ac89da53bd34cc4f8af2f7ecebf23493d3bc0980570ec67d","8919b0da3bc89862ac89da53bd34cc4f8af2f7ecebf23493d3bc0980570ec67d","YES"
"day03/Code.7z!02_GD32_LVGL_Template/Firmware/GD32F4xx_usb_library/host/core/Include/usbh_enum.h","projects/03-lvgl-porting/course/Firmware/GD32F4xx_usb_library/host/core/Include/usbh_enum.h","a08d6a471be77a6bfdf916e166e4a95b49358f209e0708080e4a441d7d454897","a08d6a471be77a6bfdf916e166e4a95b49358f209e0708080e4a441d7d454897","YES"
"day03/Code.7z!02_GD32_LVGL_Template/Firmware/GD32F4xx_usb_library/host/core/Include/usbh_pipe.h","projects/03-lvgl-porting/course/Firmware/GD32F4xx_usb_library/host/core/Include/usbh_pipe.h","d1aa31749db419f147e34bf1608f3c79d8846fc9067b138ce90dcc6d68a724b2","d1aa31749db419f147e34bf1608f3c79d8846fc9067b138ce90dcc6d68a724b2","YES"
"day03/Code.7z!02_GD32_LVGL_Template/Firmware/GD32F4xx_usb_library/host/core/Include/usbh_transc.h","projects/03-lvgl-porting/course/Firmware/GD32F4xx_usb_library/host/core/Include/usbh_transc.h","b0a9300c836592e16782062a0d898645adc64efd21ad96f46b8ef6ebd876499c","b0a9300c836592e16782062a0d898645adc64efd21ad96f46b8ef6ebd876499c","YES"
"day03/Code.7z!02_GD32_LVGL_Template/Firmware/GD32F4xx_usb_library/host/core/Source/usbh_core.c","projects/03-lvgl-porting/course/Firmware/GD32F4xx_usb_library/host/core/Source/usbh_core.c","2e61c1493a0f04d944a9b1e01924a57908552c5c5920f357df984f098988df08","2e61c1493a0f04d944a9b1e01924a57908552c5c5920f357df984f098988df08","YES"
"day03/Code.7z!02_GD32_LVGL_Template/Firmware/GD32F4xx_usb_library/host/core/Source/usbh_enum.c","projects/03-lvgl-porting/course/Firmware/GD32F4xx_usb_library/host/core/Source/usbh_enum.c","273217f6826c6d57a1d210d2a58974ae97a27e15951b98be25bbccdea8133871","273217f6826c6d57a1d210d2a58974ae97a27e15951b98be25bbccdea8133871","YES"
"day03/Code.7z!02_GD32_LVGL_Template/Firmware/GD32F4xx_usb_library/host/core/Source/usbh_pipe.c","projects/03-lvgl-porting/course/Firmware/GD32F4xx_usb_library/host/core/Source/usbh_pipe.c","e8a4253e2a4224333c4343ee0ffd5f280c9875ef57702f44c1973cbd42edd2e0","e8a4253e2a4224333c4343ee0ffd5f280c9875ef57702f44c1973cbd42edd2e0","YES"
"day03/Code.7z!02_GD32_LVGL_Template/Firmware/GD32F4xx_usb_library/host/core/Source/usbh_transc.c","projects/03-lvgl-porting/course/Firmware/GD32F4xx_usb_library/host/core/Source/usbh_transc.c","cf1ae1fcf884275e82634538e997d8d24c31fbe959140909f5bb4e34bca0bbef","cf1ae1fcf884275e82634538e997d8d24c31fbe959140909f5bb4e34bca0bbef","YES"
"day03/Code.7z!02_GD32_LVGL_Template/Firmware/GD32F4xx_usb_library/ustd/class/cdc/usb_cdc.h","projects/03-lvgl-porting/course/Firmware/GD32F4xx_usb_library/ustd/class/cdc/usb_cdc.h","fcd43c4f51573d30f01573e2d2856e0be969c8ffd02d415aadfb69a595decf4e","fcd43c4f51573d30f01573e2d2856e0be969c8ffd02d415aadfb69a595decf4e","YES"
"day03/Code.7z!02_GD32_LVGL_Template/Firmware/GD32F4xx_usb_library/ustd/class/hid/usb_hid.h","projects/03-lvgl-porting/course/Firmware/GD32F4xx_usb_library/ustd/class/hid/usb_hid.h","f3c6a02d4fc46f9512465b6eb2951c8cddb956af73422aab9d2a1bafc69f2e7b","f3c6a02d4fc46f9512465b6eb2951c8cddb956af73422aab9d2a1bafc69f2e7b","YES"
"day03/Code.7z!02_GD32_LVGL_Template/Firmware/GD32F4xx_usb_library/ustd/class/msc/msc_bbb.h","projects/03-lvgl-porting/course/Firmware/GD32F4xx_usb_library/ustd/class/msc/msc_bbb.h","b884b8f8f7cfaf22512ede7ae709b5f3591e126d2919aecf4e2b4d7efea1f5d6","b884b8f8f7cfaf22512ede7ae709b5f3591e126d2919aecf4e2b4d7efea1f5d6","YES"
"day03/Code.7z!02_GD32_LVGL_Template/Firmware/GD32F4xx_usb_library/ustd/class/msc/msc_scsi.h","projects/03-lvgl-porting/course/Firmware/GD32F4xx_usb_library/ustd/class/msc/msc_scsi.h","8842cf305e996369687fa89568c9aee3d46f745e1aef6eb58b1a3f519f863631","8842cf305e996369687fa89568c9aee3d46f745e1aef6eb58b1a3f519f863631","YES"
"day03/Code.7z!02_GD32_LVGL_Template/Firmware/GD32F4xx_usb_library/ustd/class/msc/usb_msc.h","projects/03-lvgl-porting/course/Firmware/GD32F4xx_usb_library/ustd/class/msc/usb_msc.h","e3c2a096085131687f121de426ef9154f23ccc26e877129243a648fb8c90b216","e3c2a096085131687f121de426ef9154f23ccc26e877129243a648fb8c90b216","YES"
"day03/Code.7z!02_GD32_LVGL_Template/Firmware/GD32F4xx_usb_library/ustd/common/usb_ch9_std.h","projects/03-lvgl-porting/course/Firmware/GD32F4xx_usb_library/ustd/common/usb_ch9_std.h","b5249865f377709e456f76ca76ca5499ace39bad6a452832dbe535f1989c6d22","b5249865f377709e456f76ca76ca5499ace39bad6a452832dbe535f1989c6d22","YES"
"day03/Code.7z!02_GD32_LVGL_Template/Hardware/bsp_basic_timer.c","projects/03-lvgl-porting/course/Hardware/bsp_basic_timer.c","c54e454cb6b452607ca1ce29dbd2a3f75059f5d16202027e947ddc15716fd292","c54e454cb6b452607ca1ce29dbd2a3f75059f5d16202027e947ddc15716fd292","YES"
"day03/Code.7z!02_GD32_LVGL_Template/Hardware/bsp_basic_timer.h","projects/03-lvgl-porting/course/Hardware/bsp_basic_timer.h","268a1f1c3a7c2d45c5f08cc380dc4c8c20f9f8686d0ec956781491fa050809a6","268a1f1c3a7c2d45c5f08cc380dc4c8c20f9f8686d0ec956781491fa050809a6","YES"
"day03/Code.7z!02_GD32_LVGL_Template/Hardware/bsp_battery_leds.c","projects/03-lvgl-porting/course/Hardware/bsp_battery_leds.c","3355ee67df90741c1311332c6cfb0053385a7ffd03c3de8ea06fcbd57563a61d","3355ee67df90741c1311332c6cfb0053385a7ffd03c3de8ea06fcbd57563a61d","YES"
"day03/Code.7z!02_GD32_LVGL_Template/Hardware/bsp_battery_leds.h","projects/03-lvgl-porting/course/Hardware/bsp_battery_leds.h","f7585067c016c3b5077e05028c10af52a247a608de67c34047073418c430d4bf","f7585067c016c3b5077e05028c10af52a247a608de67c34047073418c430d4bf","YES"
"day03/Code.7z!02_GD32_LVGL_Template/Hardware/bsp_buzzer.c","projects/03-lvgl-porting/course/Hardware/bsp_buzzer.c","2585fd1908edf73c203dbbcf159b75f73d605cdf35ee33bbeaa33dd42d6a341f","2585fd1908edf73c203dbbcf159b75f73d605cdf35ee33bbeaa33dd42d6a341f","YES"
"day03/Code.7z!02_GD32_LVGL_Template/Hardware/bsp_buzzer.h","projects/03-lvgl-porting/course/Hardware/bsp_buzzer.h","6f5fdca736b26835cda0c10dd1f5a020894e48716151d63e5ab8b6911b9c8831","6f5fdca736b26835cda0c10dd1f5a020894e48716151d63e5ab8b6911b9c8831","YES"
"day03/Code.7z!02_GD32_LVGL_Template/Hardware/cst816/cst816t.c","projects/03-lvgl-porting/course/Hardware/cst816/cst816t.c","6954ff2b7409962a5b52a40282ea0a577754c270b652f56fe6daeee52361969d","6954ff2b7409962a5b52a40282ea0a577754c270b652f56fe6daeee52361969d","YES"
"day03/Code.7z!02_GD32_LVGL_Template/Hardware/cst816/cst816t.h","projects/03-lvgl-porting/course/Hardware/cst816/cst816t.h","d40248f312f85fce30d638e479f929effe156a8e5fce1ad1e43329c5934cfd81","d40248f312f85fce30d638e479f929effe156a8e5fce1ad1e43329c5934cfd81","YES"
"day03/Code.7z!02_GD32_LVGL_Template/Hardware/PCF8563.c","projects/03-lvgl-porting/course/Hardware/PCF8563.c","175399ba450f8e636bb2fa95e138e6b9a3bddc84ff2f9d12cca17c0827488e9d","175399ba450f8e636bb2fa95e138e6b9a3bddc84ff2f9d12cca17c0827488e9d","YES"
"day03/Code.7z!02_GD32_LVGL_Template/Hardware/PCF8563.h","projects/03-lvgl-porting/course/Hardware/PCF8563.h","18cedb9ffa72107f8618f14884e3466570cbf6e72b04ad720e18ab8da0583a3a","18cedb9ffa72107f8618f14884e3466570cbf6e72b04ad720e18ab8da0583a3a","YES"
"day03/Code.7z!02_GD32_LVGL_Template/Hardware/st7789/font.h","projects/03-lvgl-porting/course/Hardware/st7789/font.h","272e36451f312b4a3584fd40bb375cfac28c69c8a5e906006e207c3e9ec90635","272e36451f312b4a3584fd40bb375cfac28c69c8a5e906006e207c3e9ec90635","YES"
"day03/Code.7z!02_GD32_LVGL_Template/Hardware/st7789/st7789.c","projects/03-lvgl-porting/course/Hardware/st7789/st7789.c","9a346e55ad3f5b31f70971909ef22e50e10ebf96a0484a9e79361c9ed7fbc2a3","9a346e55ad3f5b31f70971909ef22e50e10ebf96a0484a9e79361c9ed7fbc2a3","YES"
"day03/Code.7z!02_GD32_LVGL_Template/Hardware/st7789/st7789.h","projects/03-lvgl-porting/course/Hardware/st7789/st7789.h","54971038eedefee886e13de35534330005b1f43240568f62b63e64834bd24846","54971038eedefee886e13de35534330005b1f43240568f62b63e64834bd24846","YES"
"day03/Code.7z!02_GD32_LVGL_Template/Library/EXTI_config.h","projects/03-lvgl-porting/course/Library/EXTI_config.h","0e1d8994d361a55d9837f7251d9fbe43d6c26f110b82382ff86941480f30a85b","0e1d8994d361a55d9837f7251d9fbe43d6c26f110b82382ff86941480f30a85b","YES"
"day03/Code.7z!02_GD32_LVGL_Template/Library/EXTI.c","projects/03-lvgl-porting/course/Library/EXTI.c","f31ad6b5038d43f75066a667d0c1905ced684533c26c8dbd32d8bff6f822e28c","f31ad6b5038d43f75066a667d0c1905ced684533c26c8dbd32d8bff6f822e28c","YES"
"day03/Code.7z!02_GD32_LVGL_Template/Library/EXTI.h","projects/03-lvgl-porting/course/Library/EXTI.h","836bc18a5497f7024b8a58223e66391071ebef1051bc8dddc9cf9a4537d430fb","836bc18a5497f7024b8a58223e66391071ebef1051bc8dddc9cf9a4537d430fb","YES"
"day03/Code.7z!02_GD32_LVGL_Template/Library/I2C/I2C_config.h","projects/03-lvgl-porting/course/Library/I2C/I2C_config.h","3a54861342078ab1e0109eca5f3107803bcf9e0cccec32aa64f355dd1a5a5759","3a54861342078ab1e0109eca5f3107803bcf9e0cccec32aa64f355dd1a5a5759","YES"
"day03/Code.7z!02_GD32_LVGL_Template/Library/I2C/I2C.c","projects/03-lvgl-porting/course/Library/I2C/I2C.c","e17605acea90ba6709874fba8efbacb31f105f013b10779679c71da5d3c988c2","e17605acea90ba6709874fba8efbacb31f105f013b10779679c71da5d3c988c2","YES"
"day03/Code.7z!02_GD32_LVGL_Template/Library/I2C/I2C.h","projects/03-lvgl-porting/course/Library/I2C/I2C.h","b3c4ab98d7a9c01fe9fcefd7c8d7fdf3d97964b8efaa14cb057ebb2466ed5008","b3c4ab98d7a9c01fe9fcefd7c8d7fdf3d97964b8efaa14cb057ebb2466ed5008","YES"
"day03/Code.7z!02_GD32_LVGL_Template/Library/I2C/I2C0.c","projects/03-lvgl-porting/course/Library/I2C/I2C0.c","09d1eb340eff2166230fc1727269ad8bdfdd9d69801ee72516fafd5a4ac09f4b","09d1eb340eff2166230fc1727269ad8bdfdd9d69801ee72516fafd5a4ac09f4b","YES"
"day03/Code.7z!02_GD32_LVGL_Template/Library/I2C/I2C0.h","projects/03-lvgl-porting/course/Library/I2C/I2C0.h","5381921337295aaa5f855220ff496d62baca4002cd4bdc8a8cd389901b73b567","5381921337295aaa5f855220ff496d62baca4002cd4bdc8a8cd389901b73b567","YES"
"day03/Code.7z!02_GD32_LVGL_Template/Library/SPI/SPI_config.h","projects/03-lvgl-porting/course/Library/SPI/SPI_config.h","6b4f4ed9a65f23ecc97f5b76e34de2340443cd32839f39c58dea84118106d8c4","6b4f4ed9a65f23ecc97f5b76e34de2340443cd32839f39c58dea84118106d8c4","YES"
"day03/Code.7z!02_GD32_LVGL_Template/Library/SPI/SPI.c","projects/03-lvgl-porting/course/Library/SPI/SPI.c","d38d366d8c40053915116a8bc6fc4c4667341dfc87efdba5a68cc852a0d9b504","d38d366d8c40053915116a8bc6fc4c4667341dfc87efdba5a68cc852a0d9b504","YES"
"day03/Code.7z!02_GD32_LVGL_Template/Library/SPI/SPI.h","projects/03-lvgl-porting/course/Library/SPI/SPI.h","228827808cd9e5fa9d40c5158c82258adb18cb347fbc9cc6ce45d4e7c15f5198","228827808cd9e5fa9d40c5158c82258adb18cb347fbc9cc6ce45d4e7c15f5198","YES"
"day03/Code.7z!02_GD32_LVGL_Template/Library/SPI/SPI0.c","projects/03-lvgl-porting/course/Library/SPI/SPI0.c","6df75c41548208431df0eb0a3841c7c908ca0a62f863f941239d99af51c4d239","6df75c41548208431df0eb0a3841c7c908ca0a62f863f941239d99af51c4d239","YES"
"day03/Code.7z!02_GD32_LVGL_Template/Library/SPI/SPI0.h","projects/03-lvgl-porting/course/Library/SPI/SPI0.h","bc197867ca0c0bde6eb8e4407284a351e46390734e0075e840a1d9fe7dabae87","bc197867ca0c0bde6eb8e4407284a351e46390734e0075e840a1d9fe7dabae87","YES"
"day03/Code.7z!02_GD32_LVGL_Template/Library/TIMER_config.h","projects/03-lvgl-porting/course/Library/TIMER_config.h","a32cd36a93fc741846a1ea52bcdc87b360069adb2d4a74e340edbfba1aabf99a","a32cd36a93fc741846a1ea52bcdc87b360069adb2d4a74e340edbfba1aabf99a","YES"
"day03/Code.7z!02_GD32_LVGL_Template/Library/TIMER.c","projects/03-lvgl-porting/course/Library/TIMER.c","1113fff1c24b1e7bf3bfe155e885b8d190e0a35aae83693b58cbab0d3520f773","1113fff1c24b1e7bf3bfe155e885b8d190e0a35aae83693b58cbab0d3520f773","YES"
"day03/Code.7z!02_GD32_LVGL_Template/Library/TIMER.h","projects/03-lvgl-porting/course/Library/TIMER.h","4ec4787176e0debbd5715cb8cc2ab297c420796872b249145746250c2b582fba","4ec4787176e0debbd5715cb8cc2ab297c420796872b249145746250c2b582fba","YES"
"day03/Code.7z!02_GD32_LVGL_Template/Library/USART/USART_config.h","projects/03-lvgl-porting/course/Library/USART/USART_config.h","a115c4ac9cd9a60d269f35793455ab9bb63ff3a375a860bb5c43a58f4c0c9f1f","a115c4ac9cd9a60d269f35793455ab9bb63ff3a375a860bb5c43a58f4c0c9f1f","YES"
"day03/Code.7z!02_GD32_LVGL_Template/Library/USART/USART.c","projects/03-lvgl-porting/course/Library/USART/USART.c","2f9bb98e49eb21aa5a9813c1340e2ba5187ab29c7034d9d898827ca3a592a988","2f9bb98e49eb21aa5a9813c1340e2ba5187ab29c7034d9d898827ca3a592a988","YES"
"day03/Code.7z!02_GD32_LVGL_Template/Library/USART/USART.h","projects/03-lvgl-porting/course/Library/USART/USART.h","c365a4143b5bca67299c41db548db6e4c7695d704b542c998e35f58bc9322d1a","c365a4143b5bca67299c41db548db6e4c7695d704b542c998e35f58bc9322d1a","YES"
"day03/Code.7z!02_GD32_LVGL_Template/Library/USART/USART0.c","projects/03-lvgl-porting/course/Library/USART/USART0.c","d30ec7e30aea5afc0b64062eebea846c587f95f76bfed493475d370dc33b37ef","d30ec7e30aea5afc0b64062eebea846c587f95f76bfed493475d370dc33b37ef","YES"
"day03/Code.7z!02_GD32_LVGL_Template/Library/USART/USART0.h","projects/03-lvgl-porting/course/Library/USART/USART0.h","58d96f267dbbc3582c0622526177c7d0eccef031019ef990796afccb44a908db","58d96f267dbbc3582c0622526177c7d0eccef031019ef990796afccb44a908db","YES"
"day03/Code.7z!02_GD32_LVGL_Template/Library/USART/USART1.c","projects/03-lvgl-porting/course/Library/USART/USART1.c","9a6de68381da651969320719756e612b82da20c772aa3b7c9e6df4871247ee57","9a6de68381da651969320719756e612b82da20c772aa3b7c9e6df4871247ee57","YES"
"day03/Code.7z!02_GD32_LVGL_Template/Library/USART/USART1.h","projects/03-lvgl-porting/course/Library/USART/USART1.h","613ec47204418fbbeb443a5c1567065bc07a487c386aec4f6756f84f46807866","613ec47204418fbbeb443a5c1567065bc07a487c386aec4f6756f84f46807866","YES"
"day03/Code.7z!02_GD32_LVGL_Template/Project/GD32F407.uvprojx","projects/03-lvgl-porting/course/Project/GD32F407.uvprojx","551fff39e82d93a2cc40cb46fd39b84ac18ab64d87681bee42b68b259af2c121","551fff39e82d93a2cc40cb46fd39b84ac18ab64d87681bee42b68b259af2c121","YES"
"day03/Code.7z!02_GD32_LVGL_Template/Third_Party/lv_conf.h","projects/03-lvgl-porting/course/Third_Party/lv_conf.h","b9b8f8a06487a53100f4ece8125f11e6994cef5939da9ad77cbd58c5afdfac15","b9b8f8a06487a53100f4ece8125f11e6994cef5939da9ad77cbd58c5afdfac15","YES"
"day03/Code.7z!02_GD32_LVGL_Template/Third_Party/lv_drivers/lv_port_disp.c","projects/03-lvgl-porting/course/Third_Party/lv_drivers/lv_port_disp.c","f7c93c807ff5c7d35ecea494281a3121b814e7876fc9747319d0d91f17b0daf6","f7c93c807ff5c7d35ecea494281a3121b814e7876fc9747319d0d91f17b0daf6","YES"
"day03/Code.7z!02_GD32_LVGL_Template/Third_Party/lv_drivers/lv_port_disp.h","projects/03-lvgl-porting/course/Third_Party/lv_drivers/lv_port_disp.h","ed7a3f692cb512e58a3a4ab77e3811e8b27f05ecf74f24831efb84c959de9c2b","ed7a3f692cb512e58a3a4ab77e3811e8b27f05ecf74f24831efb84c959de9c2b","YES"
"day03/Code.7z!02_GD32_LVGL_Template/Third_Party/lv_drivers/lv_port_fs.c","projects/03-lvgl-porting/course/Third_Party/lv_drivers/lv_port_fs.c","0f594d44dc7e9b1d566815261453a9c0965d8514bd9848a62b5abe262ce423f3","0f594d44dc7e9b1d566815261453a9c0965d8514bd9848a62b5abe262ce423f3","YES"
"day03/Code.7z!02_GD32_LVGL_Template/Third_Party/lv_drivers/lv_port_fs.h","projects/03-lvgl-porting/course/Third_Party/lv_drivers/lv_port_fs.h","e0f77547b44f0d53d8db9ba8dd420088dd81bbc4e7e71f0064166664c5fda1a3","e0f77547b44f0d53d8db9ba8dd420088dd81bbc4e7e71f0064166664c5fda1a3","YES"
"day03/Code.7z!02_GD32_LVGL_Template/Third_Party/lv_drivers/lv_port_indev.c","projects/03-lvgl-porting/course/Third_Party/lv_drivers/lv_port_indev.c","3628d1a032d5884dc3ec22c7b1348467ddbdb94f329cfe142ea6b1ced6c5500e","3628d1a032d5884dc3ec22c7b1348467ddbdb94f329cfe142ea6b1ced6c5500e","YES"
"day03/Code.7z!02_GD32_LVGL_Template/Third_Party/lv_drivers/lv_port_indev.h","projects/03-lvgl-porting/course/Third_Party/lv_drivers/lv_port_indev.h","c1f228cb6ebd3268a015b26c0ac657db9b6bdf615c7efc78407101a1c2f6a901","c1f228cb6ebd3268a015b26c0ac657db9b6bdf615c7efc78407101a1c2f6a901","YES"
"day03/Code.7z!02_GD32_LVGL_Template/Third_Party/lvgl/.gitignore","projects/03-lvgl-porting/course/Third_Party/lvgl/.gitignore","32afc50da88a143bf06a953f43c62482cf805ced61057fda71f05f135b5bf383","32afc50da88a143bf06a953f43c62482cf805ced61057fda71f05f135b5bf383","YES"
"day03/Code.7z!02_GD32_LVGL_Template/Third_Party/lvgl/lv_conf_template.h","projects/03-lvgl-porting/course/Third_Party/lvgl/lv_conf_template.h","fce1a88a9346c8a024651ae4c7c37deb2bcbfd402f46baccc94894e768dbd2b4","fce1a88a9346c8a024651ae4c7c37deb2bcbfd402f46baccc94894e768dbd2b4","YES"
"day03/Code.7z!02_GD32_LVGL_Template/Third_Party/lvgl/lvgl.h","projects/03-lvgl-porting/course/Third_Party/lvgl/lvgl.h","98c536dba790e1a30424fc95163147bf7005c5ffd0f637906c339890893872a3","98c536dba790e1a30424fc95163147bf7005c5ffd0f637906c339890893872a3","YES"
"day03/Code.7z!02_GD32_LVGL_Template/Third_Party/lvgl/src/core/lv_core.mk","projects/03-lvgl-porting/course/Third_Party/lvgl/src/core/lv_core.mk","4e484856a86a70f8cf62c61e5c2b94cf97f5a1296e23466b5fa227a495270674","4e484856a86a70f8cf62c61e5c2b94cf97f5a1296e23466b5fa227a495270674","YES"
"day03/Code.7z!02_GD32_LVGL_Template/Third_Party/lvgl/src/core/lv_disp.c","projects/03-lvgl-porting/course/Third_Party/lvgl/src/core/lv_disp.c","d5c483fc8f2aa9d6c24605536b3b47e28e7a46fb5fb62acb7ee34086043c37a9","d5c483fc8f2aa9d6c24605536b3b47e28e7a46fb5fb62acb7ee34086043c37a9","YES"
"day03/Code.7z!02_GD32_LVGL_Template/Third_Party/lvgl/src/core/lv_disp.h","projects/03-lvgl-porting/course/Third_Party/lvgl/src/core/lv_disp.h","4cdf3acd468375d0f1f918b2a3d50cb820265655ed7ef67ffa066c3dfd778e31","4cdf3acd468375d0f1f918b2a3d50cb820265655ed7ef67ffa066c3dfd778e31","YES"
"day03/Code.7z!02_GD32_LVGL_Template/Third_Party/lvgl/src/core/lv_event.c","projects/03-lvgl-porting/course/Third_Party/lvgl/src/core/lv_event.c","01fec7fc6bd01506876f59b42c4544c1985310a226cb27dbc7408d2212aac6ba","01fec7fc6bd01506876f59b42c4544c1985310a226cb27dbc7408d2212aac6ba","YES"
"day03/Code.7z!02_GD32_LVGL_Template/Third_Party/lvgl/src/core/lv_event.h","projects/03-lvgl-porting/course/Third_Party/lvgl/src/core/lv_event.h","4b6fa24501c88775d87b0059388d5a7079b8c688ea5c060e6227d856557cb35e","4b6fa24501c88775d87b0059388d5a7079b8c688ea5c060e6227d856557cb35e","YES"
"day03/Code.7z!02_GD32_LVGL_Template/Third_Party/lvgl/src/core/lv_group.c","projects/03-lvgl-porting/course/Third_Party/lvgl/src/core/lv_group.c","1430050436845151ba74461a31d558552d9faf89489d8aec6c203d2b53d66d98","1430050436845151ba74461a31d558552d9faf89489d8aec6c203d2b53d66d98","YES"
"day03/Code.7z!02_GD32_LVGL_Template/Third_Party/lvgl/src/core/lv_group.h","projects/03-lvgl-porting/course/Third_Party/lvgl/src/core/lv_group.h","67e462c4b4a34d18c3c6d131cabea492b5f5e0951f0d0dcb0008fbf5d9209e3d","67e462c4b4a34d18c3c6d131cabea492b5f5e0951f0d0dcb0008fbf5d9209e3d","YES"
"day03/Code.7z!02_GD32_LVGL_Template/Third_Party/lvgl/src/core/lv_indev_scroll.c","projects/03-lvgl-porting/course/Third_Party/lvgl/src/core/lv_indev_scroll.c","9049e1052033bdd7af7060abab88ff571ed258af2d0b6a0378babca8d251a564","9049e1052033bdd7af7060abab88ff571ed258af2d0b6a0378babca8d251a564","YES"
"day03/Code.7z!02_GD32_LVGL_Template/Third_Party/lvgl/src/core/lv_indev_scroll.h","projects/03-lvgl-porting/course/Third_Party/lvgl/src/core/lv_indev_scroll.h","3b552db89aeeed85dd2cbdaafcc66f040459063465f07dad745f9fb89aba861f","3b552db89aeeed85dd2cbdaafcc66f040459063465f07dad745f9fb89aba861f","YES"
"day03/Code.7z!02_GD32_LVGL_Template/Third_Party/lvgl/src/core/lv_indev.c","projects/03-lvgl-porting/course/Third_Party/lvgl/src/core/lv_indev.c","ce2d4915b4e478c02a6f86474e4a241056128f674c60edfd1d40ad5e7fd1b599","ce2d4915b4e478c02a6f86474e4a241056128f674c60edfd1d40ad5e7fd1b599","YES"
"day03/Code.7z!02_GD32_LVGL_Template/Third_Party/lvgl/src/core/lv_indev.h","projects/03-lvgl-porting/course/Third_Party/lvgl/src/core/lv_indev.h","10aac9ffdf5105b8e699f2e6e4edc604fd176409a52a499377adc85e5e6f3382","10aac9ffdf5105b8e699f2e6e4edc604fd176409a52a499377adc85e5e6f3382","YES"
"day03/Code.7z!02_GD32_LVGL_Template/Third_Party/lvgl/src/core/lv_obj_class.c","projects/03-lvgl-porting/course/Third_Party/lvgl/src/core/lv_obj_class.c","f56368d1f291d78871eee167f1ee1900ab2882693de09ee3f50caafaeedf1f77","f56368d1f291d78871eee167f1ee1900ab2882693de09ee3f50caafaeedf1f77","YES"
"day03/Code.7z!02_GD32_LVGL_Template/Third_Party/lvgl/src/core/lv_obj_class.h","projects/03-lvgl-porting/course/Third_Party/lvgl/src/core/lv_obj_class.h","d14c97e15012cc6207c66129691694d1a4d7b340d9c3a0995067f25da20c499d","d14c97e15012cc6207c66129691694d1a4d7b340d9c3a0995067f25da20c499d","YES"
"day03/Code.7z!02_GD32_LVGL_Template/Third_Party/lvgl/src/core/lv_obj_draw.c","projects/03-lvgl-porting/course/Third_Party/lvgl/src/core/lv_obj_draw.c","025c755e75cbf3b4968b9b4687d96cdf9d99de0336883dbf20f238ad144524cf","025c755e75cbf3b4968b9b4687d96cdf9d99de0336883dbf20f238ad144524cf","YES"
"day03/Code.7z!02_GD32_LVGL_Template/Third_Party/lvgl/src/core/lv_obj_draw.h","projects/03-lvgl-porting/course/Third_Party/lvgl/src/core/lv_obj_draw.h","fd1d2b69c6b2f1f5dbd4c9f0eda32ff4f49dfb484051ba3607b8f5aee6212ea0","fd1d2b69c6b2f1f5dbd4c9f0eda32ff4f49dfb484051ba3607b8f5aee6212ea0","YES"
"day03/Code.7z!02_GD32_LVGL_Template/Third_Party/lvgl/src/core/lv_obj_pos.c","projects/03-lvgl-porting/course/Third_Party/lvgl/src/core/lv_obj_pos.c","b2bf1a8eecf90a699b6acc05a8e7c1a7ffa94a81c67f5867a3b62df9d662a82c","b2bf1a8eecf90a699b6acc05a8e7c1a7ffa94a81c67f5867a3b62df9d662a82c","YES"
"day03/Code.7z!02_GD32_LVGL_Template/Third_Party/lvgl/src/core/lv_obj_pos.h","projects/03-lvgl-porting/course/Third_Party/lvgl/src/core/lv_obj_pos.h","36ffacbe4964e64653949b0c784c19d408cbb46274bb4859472a688b80a8375e","36ffacbe4964e64653949b0c784c19d408cbb46274bb4859472a688b80a8375e","YES"
"day03/Code.7z!02_GD32_LVGL_Template/Third_Party/lvgl/src/core/lv_obj_scroll.c","projects/03-lvgl-porting/course/Third_Party/lvgl/src/core/lv_obj_scroll.c","cc8df0c68da3f19774bcb6e9e180c0dc1261062d7b04b37c43950d4c7914b341","cc8df0c68da3f19774bcb6e9e180c0dc1261062d7b04b37c43950d4c7914b341","YES"
"day03/Code.7z!02_GD32_LVGL_Template/Third_Party/lvgl/src/core/lv_obj_scroll.h","projects/03-lvgl-porting/course/Third_Party/lvgl/src/core/lv_obj_scroll.h","bd04014c236f1495d59a73cb6855bd5a8ea0ec5b2a883f32e3191fb70938af74","bd04014c236f1495d59a73cb6855bd5a8ea0ec5b2a883f32e3191fb70938af74","YES"
"day03/Code.7z!02_GD32_LVGL_Template/Third_Party/lvgl/src/core/lv_obj_style_gen.c","projects/03-lvgl-porting/course/Third_Party/lvgl/src/core/lv_obj_style_gen.c","8ddda9268506e10d2b2436cb53b66455ee54132679f063511f056a3993dccc49","8ddda9268506e10d2b2436cb53b66455ee54132679f063511f056a3993dccc49","YES"
"day03/Code.7z!02_GD32_LVGL_Template/Third_Party/lvgl/src/core/lv_obj_style_gen.h","projects/03-lvgl-porting/course/Third_Party/lvgl/src/core/lv_obj_style_gen.h","9317c91f8072eef12b10c2383148ca108667d83a4ee6f98d37dedc8216e9dc64","9317c91f8072eef12b10c2383148ca108667d83a4ee6f98d37dedc8216e9dc64","YES"
"day03/Code.7z!02_GD32_LVGL_Template/Third_Party/lvgl/src/core/lv_obj_style.c","projects/03-lvgl-porting/course/Third_Party/lvgl/src/core/lv_obj_style.c","2ad29ac7530ebda0d5802c89cbafd3ea08ab68788badf197c92e615c8197caf7","2ad29ac7530ebda0d5802c89cbafd3ea08ab68788badf197c92e615c8197caf7","YES"
"day03/Code.7z!02_GD32_LVGL_Template/Third_Party/lvgl/src/core/lv_obj_style.h","projects/03-lvgl-porting/course/Third_Party/lvgl/src/core/lv_obj_style.h","18cdac04310609259d84b9e6b5fef78872897f0bfa323c7ac0fa25733ed5dddc","18cdac04310609259d84b9e6b5fef78872897f0bfa323c7ac0fa25733ed5dddc","YES"
"day03/Code.7z!02_GD32_LVGL_Template/Third_Party/lvgl/src/core/lv_obj_tree.c","projects/03-lvgl-porting/course/Third_Party/lvgl/src/core/lv_obj_tree.c","eaac6b4fccc9c477d237b18d8b01103e69371ffdefab9d2685de539418a75d6e","eaac6b4fccc9c477d237b18d8b01103e69371ffdefab9d2685de539418a75d6e","YES"
"day03/Code.7z!02_GD32_LVGL_Template/Third_Party/lvgl/src/core/lv_obj_tree.h","projects/03-lvgl-porting/course/Third_Party/lvgl/src/core/lv_obj_tree.h","d841965e5093493189895dfc0f0682f0d2d6e40905a7204c9bb9dc14b7177501","d841965e5093493189895dfc0f0682f0d2d6e40905a7204c9bb9dc14b7177501","YES"
"day03/Code.7z!02_GD32_LVGL_Template/Third_Party/lvgl/src/core/lv_obj.c","projects/03-lvgl-porting/course/Third_Party/lvgl/src/core/lv_obj.c","66982a18428ccb7c28d523d144f128d289935e748e6f27a1d1f26df1928c93a6","66982a18428ccb7c28d523d144f128d289935e748e6f27a1d1f26df1928c93a6","YES"
"day03/Code.7z!02_GD32_LVGL_Template/Third_Party/lvgl/src/core/lv_obj.h","projects/03-lvgl-porting/course/Third_Party/lvgl/src/core/lv_obj.h","f12f8d145954cea44cdf9290537c9b0231cbecce56c28f93902000f535d293d3","f12f8d145954cea44cdf9290537c9b0231cbecce56c28f93902000f535d293d3","YES"
"day03/Code.7z!02_GD32_LVGL_Template/Third_Party/lvgl/src/core/lv_refr.c","projects/03-lvgl-porting/course/Third_Party/lvgl/src/core/lv_refr.c","6aca7ff57a634d5a220465feccee749dd22890c3f2d9748b6f690c4b6105eb70","6aca7ff57a634d5a220465feccee749dd22890c3f2d9748b6f690c4b6105eb70","YES"
"day03/Code.7z!02_GD32_LVGL_Template/Third_Party/lvgl/src/core/lv_refr.h","projects/03-lvgl-porting/course/Third_Party/lvgl/src/core/lv_refr.h","e5bce21ae5175f5c2ed622039aac59a594531878b28be17381f55d535079eebd","e5bce21ae5175f5c2ed622039aac59a594531878b28be17381f55d535079eebd","YES"
"day03/Code.7z!02_GD32_LVGL_Template/Third_Party/lvgl/src/core/lv_theme.c","projects/03-lvgl-porting/course/Third_Party/lvgl/src/core/lv_theme.c","90877775a9f5f6d3eaf65fba6b75e0c18628e952dfc00c3e79ebaf6526ce4983","90877775a9f5f6d3eaf65fba6b75e0c18628e952dfc00c3e79ebaf6526ce4983","YES"
"day03/Code.7z!02_GD32_LVGL_Template/Third_Party/lvgl/src/core/lv_theme.h","projects/03-lvgl-porting/course/Third_Party/lvgl/src/core/lv_theme.h","951f83d283f01c6f4c2bf1cf6f2aa30f16c068d63dcf5aee5b6c93cb5903764a","951f83d283f01c6f4c2bf1cf6f2aa30f16c068d63dcf5aee5b6c93cb5903764a","YES"
"day03/Code.7z!02_GD32_LVGL_Template/Third_Party/lvgl/src/draw/arm2d/lv_draw_arm2d.mk","projects/03-lvgl-porting/course/Third_Party/lvgl/src/draw/arm2d/lv_draw_arm2d.mk","7c5ab95a37ecfbaca3587ea7b3d85bb52656889350eabc9fc689de5c868f08f2","7c5ab95a37ecfbaca3587ea7b3d85bb52656889350eabc9fc689de5c868f08f2","YES"
"day03/Code.7z!02_GD32_LVGL_Template/Third_Party/lvgl/src/draw/arm2d/lv_gpu_arm2d.c","projects/03-lvgl-porting/course/Third_Party/lvgl/src/draw/arm2d/lv_gpu_arm2d.c","00aa99f0ac8c72b3a2e870c0d43d546ef65038c6e6bcd07c1475250ef3321cd8","00aa99f0ac8c72b3a2e870c0d43d546ef65038c6e6bcd07c1475250ef3321cd8","YES"
"day03/Code.7z!02_GD32_LVGL_Template/Third_Party/lvgl/src/draw/arm2d/lv_gpu_arm2d.h","projects/03-lvgl-porting/course/Third_Party/lvgl/src/draw/arm2d/lv_gpu_arm2d.h","1917c286c862969f7d7f9e0542e2374b6584997d419af37e6ce15b90b0a12b00","1917c286c862969f7d7f9e0542e2374b6584997d419af37e6ce15b90b0a12b00","YES"
"day03/Code.7z!02_GD32_LVGL_Template/Third_Party/lvgl/src/draw/lv_draw_arc.c","projects/03-lvgl-porting/course/Third_Party/lvgl/src/draw/lv_draw_arc.c","112e6f8081cb993fc1dfa505de08b00e802f12e0c3bdd04ac382af14ffbf31ce","112e6f8081cb993fc1dfa505de08b00e802f12e0c3bdd04ac382af14ffbf31ce","YES"
"day03/Code.7z!02_GD32_LVGL_Template/Third_Party/lvgl/src/draw/lv_draw_arc.h","projects/03-lvgl-porting/course/Third_Party/lvgl/src/draw/lv_draw_arc.h","95fd2ed8a5c143e5691de5ad92928ea3fce6ee229fcdd298b140bbddcd7c9c7d","95fd2ed8a5c143e5691de5ad92928ea3fce6ee229fcdd298b140bbddcd7c9c7d","YES"
"day03/Code.7z!02_GD32_LVGL_Template/Third_Party/lvgl/src/draw/lv_draw_img.c","projects/03-lvgl-porting/course/Third_Party/lvgl/src/draw/lv_draw_img.c","dd7bd04aa2dd18ec6db7da2785d59acba0a0e3839b4ab0c23150321b21db95d1","dd7bd04aa2dd18ec6db7da2785d59acba0a0e3839b4ab0c23150321b21db95d1","YES"
"day03/Code.7z!02_GD32_LVGL_Template/Third_Party/lvgl/src/draw/lv_draw_img.h","projects/03-lvgl-porting/course/Third_Party/lvgl/src/draw/lv_draw_img.h","cbd715a3b5ed97963800348db214e0797035e1ca3616d0bbd679eef2ce49ef25","cbd715a3b5ed97963800348db214e0797035e1ca3616d0bbd679eef2ce49ef25","YES"
"day03/Code.7z!02_GD32_LVGL_Template/Third_Party/lvgl/src/draw/lv_draw_label.c","projects/03-lvgl-porting/course/Third_Party/lvgl/src/draw/lv_draw_label.c","94a36626981552d2984603c56efb35711e8115700a77abadd3debd32c3da1c29","94a36626981552d2984603c56efb35711e8115700a77abadd3debd32c3da1c29","YES"
"day03/Code.7z!02_GD32_LVGL_Template/Third_Party/lvgl/src/draw/lv_draw_label.h","projects/03-lvgl-porting/course/Third_Party/lvgl/src/draw/lv_draw_label.h","0349692fc5035bda6ec893e8820b6c2792a0cf34d05dc61ff361f1c1de7c3c9a","0349692fc5035bda6ec893e8820b6c2792a0cf34d05dc61ff361f1c1de7c3c9a","YES"
"day03/Code.7z!02_GD32_LVGL_Template/Third_Party/lvgl/src/draw/lv_draw_layer.c","projects/03-lvgl-porting/course/Third_Party/lvgl/src/draw/lv_draw_layer.c","3cc437da7f49dd716f3ca6ef8d2d9e692bd470a41b0679a1cd6f75af42e0adbf","3cc437da7f49dd716f3ca6ef8d2d9e692bd470a41b0679a1cd6f75af42e0adbf","YES"
"day03/Code.7z!02_GD32_LVGL_Template/Third_Party/lvgl/src/draw/lv_draw_layer.h","projects/03-lvgl-porting/course/Third_Party/lvgl/src/draw/lv_draw_layer.h","bbc802d79ff87752b7548b05b82b8c4b77ad1797459baac4c965731bb0881b8c","bbc802d79ff87752b7548b05b82b8c4b77ad1797459baac4c965731bb0881b8c","YES"
"day03/Code.7z!02_GD32_LVGL_Template/Third_Party/lvgl/src/draw/lv_draw_line.c","projects/03-lvgl-porting/course/Third_Party/lvgl/src/draw/lv_draw_line.c","0555f0036c21e63a2c1d30d680292d0b4cfe3a560c8d2dc71185ee33cf60addf","0555f0036c21e63a2c1d30d680292d0b4cfe3a560c8d2dc71185ee33cf60addf","YES"
"day03/Code.7z!02_GD32_LVGL_Template/Third_Party/lvgl/src/draw/lv_draw_line.h","projects/03-lvgl-porting/course/Third_Party/lvgl/src/draw/lv_draw_line.h","1186475d9f56f9b1bb85e07d0721c5687381ca421c4535074926bf2f26527f0c","1186475d9f56f9b1bb85e07d0721c5687381ca421c4535074926bf2f26527f0c","YES"
"day03/Code.7z!02_GD32_LVGL_Template/Third_Party/lvgl/src/draw/lv_draw_mask.c","projects/03-lvgl-porting/course/Third_Party/lvgl/src/draw/lv_draw_mask.c","2a7d6bd1d9031d9f376d892dcfce8ec07cfbcb1c88b85d4d4347ec7f1ffc2763","2a7d6bd1d9031d9f376d892dcfce8ec07cfbcb1c88b85d4d4347ec7f1ffc2763","YES"
"day03/Code.7z!02_GD32_LVGL_Template/Third_Party/lvgl/src/draw/lv_draw_mask.h","projects/03-lvgl-porting/course/Third_Party/lvgl/src/draw/lv_draw_mask.h","fd13b3294d6a4acb418d890457c3748cd3acc9a753368cf9508087e89a7236ec","fd13b3294d6a4acb418d890457c3748cd3acc9a753368cf9508087e89a7236ec","YES"
"day03/Code.7z!02_GD32_LVGL_Template/Third_Party/lvgl/src/draw/lv_draw_rect.c","projects/03-lvgl-porting/course/Third_Party/lvgl/src/draw/lv_draw_rect.c","6bcb01c108b62424ad50fbcb8d8630050f03941b76a5f0b75b2e72d8d7181c66","6bcb01c108b62424ad50fbcb8d8630050f03941b76a5f0b75b2e72d8d7181c66","YES"
"day03/Code.7z!02_GD32_LVGL_Template/Third_Party/lvgl/src/draw/lv_draw_rect.h","projects/03-lvgl-porting/course/Third_Party/lvgl/src/draw/lv_draw_rect.h","64fa7b1166bd152afb2c98e379296960fbda5f07e234c35f49dcfedb4cc2fb10","64fa7b1166bd152afb2c98e379296960fbda5f07e234c35f49dcfedb4cc2fb10","YES"
"day03/Code.7z!02_GD32_LVGL_Template/Third_Party/lvgl/src/draw/lv_draw_transform.c","projects/03-lvgl-porting/course/Third_Party/lvgl/src/draw/lv_draw_transform.c","99d3e56030bdb0cad705b9ce8e2f668ab2b5d0346e5e69056796794e099eb9ea","99d3e56030bdb0cad705b9ce8e2f668ab2b5d0346e5e69056796794e099eb9ea","YES"
"day03/Code.7z!02_GD32_LVGL_Template/Third_Party/lvgl/src/draw/lv_draw_transform.h","projects/03-lvgl-porting/course/Third_Party/lvgl/src/draw/lv_draw_transform.h","a2b61654d8f6ce4916317cd11689fdfcb726d632625eca4d87de008f9a8ebf07","a2b61654d8f6ce4916317cd11689fdfcb726d632625eca4d87de008f9a8ebf07","YES"
"day03/Code.7z!02_GD32_LVGL_Template/Third_Party/lvgl/src/draw/lv_draw_triangle.c","projects/03-lvgl-porting/course/Third_Party/lvgl/src/draw/lv_draw_triangle.c","526b6c8a3ed0f16aa6169fbc8e34697e1f7670b553dfa4cdf89eaff6321991b8","526b6c8a3ed0f16aa6169fbc8e34697e1f7670b553dfa4cdf89eaff6321991b8","YES"
"day03/Code.7z!02_GD32_LVGL_Template/Third_Party/lvgl/src/draw/lv_draw_triangle.h","projects/03-lvgl-porting/course/Third_Party/lvgl/src/draw/lv_draw_triangle.h","8b15091f30b4ea62220dd08a60487a1ce688cd58573a51d07a353192f75cbe7c","8b15091f30b4ea62220dd08a60487a1ce688cd58573a51d07a353192f75cbe7c","YES"
"day03/Code.7z!02_GD32_LVGL_Template/Third_Party/lvgl/src/draw/lv_draw.c","projects/03-lvgl-porting/course/Third_Party/lvgl/src/draw/lv_draw.c","b61110a739d1cb98aaa78cb414cece155880c22c79f95ae8810d10420ffeb7f0","b61110a739d1cb98aaa78cb414cece155880c22c79f95ae8810d10420ffeb7f0","YES"
"day03/Code.7z!02_GD32_LVGL_Template/Third_Party/lvgl/src/draw/lv_draw.h","projects/03-lvgl-porting/course/Third_Party/lvgl/src/draw/lv_draw.h","cffe5d995da15c5c781c2d50ababaf1e5bad7f2d86fe76755eab4838ee0212bd","cffe5d995da15c5c781c2d50ababaf1e5bad7f2d86fe76755eab4838ee0212bd","YES"
"day03/Code.7z!02_GD32_LVGL_Template/Third_Party/lvgl/src/draw/lv_draw.mk","projects/03-lvgl-porting/course/Third_Party/lvgl/src/draw/lv_draw.mk","97094df8a8d22a6bab92827269eb5fb149be99b9fb9d9d919961e2102729f78c","97094df8a8d22a6bab92827269eb5fb149be99b9fb9d9d919961e2102729f78c","YES"
"day03/Code.7z!02_GD32_LVGL_Template/Third_Party/lvgl/src/draw/lv_img_buf.c","projects/03-lvgl-porting/course/Third_Party/lvgl/src/draw/lv_img_buf.c","bc4cab4c289d97bf578ac7aaf7ecb0a84d08bcdcf80a8a1327b5a0ef1e287c78","bc4cab4c289d97bf578ac7aaf7ecb0a84d08bcdcf80a8a1327b5a0ef1e287c78","YES"
"day03/Code.7z!02_GD32_LVGL_Template/Third_Party/lvgl/src/draw/lv_img_buf.h","projects/03-lvgl-porting/course/Third_Party/lvgl/src/draw/lv_img_buf.h","70118b2b271e42c28aa1892fc3dcafb08ab7644b2440f44f56ba24aede0cd696","70118b2b271e42c28aa1892fc3dcafb08ab7644b2440f44f56ba24aede0cd696","YES"
"day03/Code.7z!02_GD32_LVGL_Template/Third_Party/lvgl/src/draw/lv_img_cache.c","projects/03-lvgl-porting/course/Third_Party/lvgl/src/draw/lv_img_cache.c","da4c953ba6433401ba12f4518cb91cdac27ab8e76df03595f0a2d7a0a116f5e6","da4c953ba6433401ba12f4518cb91cdac27ab8e76df03595f0a2d7a0a116f5e6","YES"
"day03/Code.7z!02_GD32_LVGL_Template/Third_Party/lvgl/src/draw/lv_img_cache.h","projects/03-lvgl-porting/course/Third_Party/lvgl/src/draw/lv_img_cache.h","62a6f7c9ca83e9150b9395f6e2a8462ba1fd82f4918f7b1eafe4e0f09bc28601","62a6f7c9ca83e9150b9395f6e2a8462ba1fd82f4918f7b1eafe4e0f09bc28601","YES"
"day03/Code.7z!02_GD32_LVGL_Template/Third_Party/lvgl/src/draw/lv_img_decoder.c","projects/03-lvgl-porting/course/Third_Party/lvgl/src/draw/lv_img_decoder.c","087629fcae9af0daf03047f409898758fae38042f2f0334843339fd9056443ff","087629fcae9af0daf03047f409898758fae38042f2f0334843339fd9056443ff","YES"
"day03/Code.7z!02_GD32_LVGL_Template/Third_Party/lvgl/src/draw/lv_img_decoder.h","projects/03-lvgl-porting/course/Third_Party/lvgl/src/draw/lv_img_decoder.h","5cb254981e3ca3d2fa124fd36a7d08d7381bb492b3b8e0be9d9455e2f2b68ee5","5cb254981e3ca3d2fa124fd36a7d08d7381bb492b3b8e0be9d9455e2f2b68ee5","YES"
"day03/Code.7z!02_GD32_LVGL_Template/Third_Party/lvgl/src/draw/nxp/lv_draw_nxp.mk","projects/03-lvgl-porting/course/Third_Party/lvgl/src/draw/nxp/lv_draw_nxp.mk","824549fdabaad7c63dcceb97d10d4e3b8e19dc657d5cf64810e34f0bec93c9bf","824549fdabaad7c63dcceb97d10d4e3b8e19dc657d5cf64810e34f0bec93c9bf","YES"
"day03/Code.7z!02_GD32_LVGL_Template/Third_Party/lvgl/src/draw/nxp/pxp/lv_draw_nxp_pxp.mk","projects/03-lvgl-porting/course/Third_Party/lvgl/src/draw/nxp/pxp/lv_draw_nxp_pxp.mk","e06b6830dec86dfec06f99fd2bceb5cfbb82fb489d34e89b0a047d02b9a0d3d0","e06b6830dec86dfec06f99fd2bceb5cfbb82fb489d34e89b0a047d02b9a0d3d0","YES"
"day03/Code.7z!02_GD32_LVGL_Template/Third_Party/lvgl/src/draw/nxp/pxp/lv_draw_pxp_blend.c","projects/03-lvgl-porting/course/Third_Party/lvgl/src/draw/nxp/pxp/lv_draw_pxp_blend.c","bbafb88bfbf4730cb35fd833a8598b8fd8db03efe2621ce199fda9ac7d8df87d","bbafb88bfbf4730cb35fd833a8598b8fd8db03efe2621ce199fda9ac7d8df87d","YES"
"day03/Code.7z!02_GD32_LVGL_Template/Third_Party/lvgl/src/draw/nxp/pxp/lv_draw_pxp_blend.h","projects/03-lvgl-porting/course/Third_Party/lvgl/src/draw/nxp/pxp/lv_draw_pxp_blend.h","bde413bd13f5ffb9e3ff226e1b87f1e574b252bab9056dab215b599c2706b87c","bde413bd13f5ffb9e3ff226e1b87f1e574b252bab9056dab215b599c2706b87c","YES"
"day03/Code.7z!02_GD32_LVGL_Template/Third_Party/lvgl/src/draw/nxp/pxp/lv_draw_pxp.c","projects/03-lvgl-porting/course/Third_Party/lvgl/src/draw/nxp/pxp/lv_draw_pxp.c","eb418004e1247b21b29e535897ccf70eb027fb5d001d40b3a7931c626a8c5538","eb418004e1247b21b29e535897ccf70eb027fb5d001d40b3a7931c626a8c5538","YES"
"day03/Code.7z!02_GD32_LVGL_Template/Third_Party/lvgl/src/draw/nxp/pxp/lv_draw_pxp.h","projects/03-lvgl-porting/course/Third_Party/lvgl/src/draw/nxp/pxp/lv_draw_pxp.h","caef182d78db2f3219197d386c33e9ce410ce0bf4a2c8f9d2447f178c76520c0","caef182d78db2f3219197d386c33e9ce410ce0bf4a2c8f9d2447f178c76520c0","YES"
"day03/Code.7z!02_GD32_LVGL_Template/Third_Party/lvgl/src/draw/nxp/pxp/lv_gpu_nxp_pxp_osa.c","projects/03-lvgl-porting/course/Third_Party/lvgl/src/draw/nxp/pxp/lv_gpu_nxp_pxp_osa.c","d953b008bd2bc9d3088e15a8c6c72ade7a7d2e5beeb3f67161c3db4556dafdce","d953b008bd2bc9d3088e15a8c6c72ade7a7d2e5beeb3f67161c3db4556dafdce","YES"
"day03/Code.7z!02_GD32_LVGL_Template/Third_Party/lvgl/src/draw/nxp/pxp/lv_gpu_nxp_pxp_osa.h","projects/03-lvgl-porting/course/Third_Party/lvgl/src/draw/nxp/pxp/lv_gpu_nxp_pxp_osa.h","d493a8215852cc899ca7fbf26d0e4fc1384fa35d2eff9ac85713677d2c7bafe9","d493a8215852cc899ca7fbf26d0e4fc1384fa35d2eff9ac85713677d2c7bafe9","YES"
"day03/Code.7z!02_GD32_LVGL_Template/Third_Party/lvgl/src/draw/nxp/pxp/lv_gpu_nxp_pxp.c","projects/03-lvgl-porting/course/Third_Party/lvgl/src/draw/nxp/pxp/lv_gpu_nxp_pxp.c","157ed890201853ddbde8d611280293ed5d5f2b16010e8f728349e4750eb706cd","157ed890201853ddbde8d611280293ed5d5f2b16010e8f728349e4750eb706cd","YES"
"day03/Code.7z!02_GD32_LVGL_Template/Third_Party/lvgl/src/draw/nxp/pxp/lv_gpu_nxp_pxp.h","projects/03-lvgl-porting/course/Third_Party/lvgl/src/draw/nxp/pxp/lv_gpu_nxp_pxp.h","1d638aa07ab4dca33a8bfd0bdf7fbbd843174944a5349389a9b91d9a7a93c04c","1d638aa07ab4dca33a8bfd0bdf7fbbd843174944a5349389a9b91d9a7a93c04c","YES"
"day03/Code.7z!02_GD32_LVGL_Template/Third_Party/lvgl/src/draw/nxp/vglite/lv_draw_nxp_vglite.mk","projects/03-lvgl-porting/course/Third_Party/lvgl/src/draw/nxp/vglite/lv_draw_nxp_vglite.mk","589f252d5dd2b8e97b10195270ebe81da7d3b039b5bde660207ef6bceb29bc5f","589f252d5dd2b8e97b10195270ebe81da7d3b039b5bde660207ef6bceb29bc5f","YES"
"day03/Code.7z!02_GD32_LVGL_Template/Third_Party/lvgl/src/draw/nxp/vglite/lv_draw_vglite_arc.c","projects/03-lvgl-porting/course/Third_Party/lvgl/src/draw/nxp/vglite/lv_draw_vglite_arc.c","5c14bc721d48a5675548d7981064015a27ac0e641c1d0cdbd2a303b567bb9cb9","5c14bc721d48a5675548d7981064015a27ac0e641c1d0cdbd2a303b567bb9cb9","YES"
"day03/Code.7z!02_GD32_LVGL_Template/Third_Party/lvgl/src/draw/nxp/vglite/lv_draw_vglite_arc.h","projects/03-lvgl-porting/course/Third_Party/lvgl/src/draw/nxp/vglite/lv_draw_vglite_arc.h","6ffea805e831e8b31dcca753b88f95849ac2e18c9e0079144e34cfc9de45bd4e","6ffea805e831e8b31dcca753b88f95849ac2e18c9e0079144e34cfc9de45bd4e","YES"
"day03/Code.7z!02_GD32_LVGL_Template/Third_Party/lvgl/src/draw/nxp/vglite/lv_draw_vglite_blend.c","projects/03-lvgl-porting/course/Third_Party/lvgl/src/draw/nxp/vglite/lv_draw_vglite_blend.c","9a21a3ddf42a58798b606983ca4382b5cd864b22be19193134ca109738556781","9a21a3ddf42a58798b606983ca4382b5cd864b22be19193134ca109738556781","YES"
"day03/Code.7z!02_GD32_LVGL_Template/Third_Party/lvgl/src/draw/nxp/vglite/lv_draw_vglite_blend.h","projects/03-lvgl-porting/course/Third_Party/lvgl/src/draw/nxp/vglite/lv_draw_vglite_blend.h","8757114959fef3c6c47962d889ba69659c51f2ea7ca509109ba0e2fb1d73bd72","8757114959fef3c6c47962d889ba69659c51f2ea7ca509109ba0e2fb1d73bd72","YES"
"day03/Code.7z!02_GD32_LVGL_Template/Third_Party/lvgl/src/draw/nxp/vglite/lv_draw_vglite_line.c","projects/03-lvgl-porting/course/Third_Party/lvgl/src/draw/nxp/vglite/lv_draw_vglite_line.c","9c82647d4ee5557bcb45dac96ea3e193dfdde28700dfe222a47566869f171f62","9c82647d4ee5557bcb45dac96ea3e193dfdde28700dfe222a47566869f171f62","YES"
"day03/Code.7z!02_GD32_LVGL_Template/Third_Party/lvgl/src/draw/nxp/vglite/lv_draw_vglite_line.h","projects/03-lvgl-porting/course/Third_Party/lvgl/src/draw/nxp/vglite/lv_draw_vglite_line.h","c6c3f43efd17f8c00d9350af0eb78eaba16a5034b8b9e9ea3d2691c370616393","c6c3f43efd17f8c00d9350af0eb78eaba16a5034b8b9e9ea3d2691c370616393","YES"
"day03/Code.7z!02_GD32_LVGL_Template/Third_Party/lvgl/src/draw/nxp/vglite/lv_draw_vglite_rect.c","projects/03-lvgl-porting/course/Third_Party/lvgl/src/draw/nxp/vglite/lv_draw_vglite_rect.c","2084afc5008e8821dcd8b328716b4975525e0fb5d88256cbb6258f6398f74723","2084afc5008e8821dcd8b328716b4975525e0fb5d88256cbb6258f6398f74723","YES"
"day03/Code.7z!02_GD32_LVGL_Template/Third_Party/lvgl/src/draw/nxp/vglite/lv_draw_vglite_rect.h","projects/03-lvgl-porting/course/Third_Party/lvgl/src/draw/nxp/vglite/lv_draw_vglite_rect.h","70ec9222e213e6c3303d8a456d59f52bac127f961edf671a4f673616ab188c98","70ec9222e213e6c3303d8a456d59f52bac127f961edf671a4f673616ab188c98","YES"
"day03/Code.7z!02_GD32_LVGL_Template/Third_Party/lvgl/src/draw/nxp/vglite/lv_draw_vglite.c","projects/03-lvgl-porting/course/Third_Party/lvgl/src/draw/nxp/vglite/lv_draw_vglite.c","c26ecfef1105ccf03eb9f69557455468377389ada90359bdc90836170bbddec5","c26ecfef1105ccf03eb9f69557455468377389ada90359bdc90836170bbddec5","YES"
"day03/Code.7z!02_GD32_LVGL_Template/Third_Party/lvgl/src/draw/nxp/vglite/lv_draw_vglite.h","projects/03-lvgl-porting/course/Third_Party/lvgl/src/draw/nxp/vglite/lv_draw_vglite.h","fde2d0e0f7e83018cbe07e61a348864a32a65bd23d701740ef641a40b841168e","fde2d0e0f7e83018cbe07e61a348864a32a65bd23d701740ef641a40b841168e","YES"
"day03/Code.7z!02_GD32_LVGL_Template/Third_Party/lvgl/src/draw/nxp/vglite/lv_vglite_buf.c","projects/03-lvgl-porting/course/Third_Party/lvgl/src/draw/nxp/vglite/lv_vglite_buf.c","a172ea6652490c7d4cd8500c8f224b0e09dbc0ee8594d9cd4ad25dbd584f179b","a172ea6652490c7d4cd8500c8f224b0e09dbc0ee8594d9cd4ad25dbd584f179b","YES"
"day03/Code.7z!02_GD32_LVGL_Template/Third_Party/lvgl/src/draw/nxp/vglite/lv_vglite_buf.h","projects/03-lvgl-porting/course/Third_Party/lvgl/src/draw/nxp/vglite/lv_vglite_buf.h","fc86e0009a477ba7af173c2ee5655bc2214930beb6adc35b29db392b1fd12281","fc86e0009a477ba7af173c2ee5655bc2214930beb6adc35b29db392b1fd12281","YES"
"day03/Code.7z!02_GD32_LVGL_Template/Third_Party/lvgl/src/draw/nxp/vglite/lv_vglite_utils.c","projects/03-lvgl-porting/course/Third_Party/lvgl/src/draw/nxp/vglite/lv_vglite_utils.c","0415846f33045d96bb1bb7346a9ac3c35370642483eaf1d98c32651a94a254d2","0415846f33045d96bb1bb7346a9ac3c35370642483eaf1d98c32651a94a254d2","YES"
"day03/Code.7z!02_GD32_LVGL_Template/Third_Party/lvgl/src/draw/nxp/vglite/lv_vglite_utils.h","projects/03-lvgl-porting/course/Third_Party/lvgl/src/draw/nxp/vglite/lv_vglite_utils.h","3292494ace7eed0078453d1784aa4db32eedc59bc4c85007695b0e35bf97cb4e","3292494ace7eed0078453d1784aa4db32eedc59bc4c85007695b0e35bf97cb4e","YES"
"day03/Code.7z!02_GD32_LVGL_Template/Third_Party/lvgl/src/draw/renesas/lv_draw_renesas.mk","projects/03-lvgl-porting/course/Third_Party/lvgl/src/draw/renesas/lv_draw_renesas.mk","988d3dcc8b0391514bf4c60d3bd6d3e46df0b00d86c6ab330463e83c523bdfbd","988d3dcc8b0391514bf4c60d3bd6d3e46df0b00d86c6ab330463e83c523bdfbd","YES"
"day03/Code.7z!02_GD32_LVGL_Template/Third_Party/lvgl/src/draw/renesas/lv_gpu_d2_draw_label.c","projects/03-lvgl-porting/course/Third_Party/lvgl/src/draw/renesas/lv_gpu_d2_draw_label.c","e478b9326ce307778215d4846135e2a1201249da1e1d5a9ed3ff537c6ef46073","e478b9326ce307778215d4846135e2a1201249da1e1d5a9ed3ff537c6ef46073","YES"
"day03/Code.7z!02_GD32_LVGL_Template/Third_Party/lvgl/src/draw/renesas/lv_gpu_d2_ra6m3.c","projects/03-lvgl-porting/course/Third_Party/lvgl/src/draw/renesas/lv_gpu_d2_ra6m3.c","33c4a74e2698cfd1fc82e2517320a989d997645a2f03090fa4ef451cd8d28d66","33c4a74e2698cfd1fc82e2517320a989d997645a2f03090fa4ef451cd8d28d66","YES"
"day03/Code.7z!02_GD32_LVGL_Template/Third_Party/lvgl/src/draw/renesas/lv_gpu_d2_ra6m3.h","projects/03-lvgl-porting/course/Third_Party/lvgl/src/draw/renesas/lv_gpu_d2_ra6m3.h","ccde417f7ec80b19029b4e86708fda5a1f6ebd4c68a86bfb175f8fe52e88a963","ccde417f7ec80b19029b4e86708fda5a1f6ebd4c68a86bfb175f8fe52e88a963","YES"
"day03/Code.7z!02_GD32_LVGL_Template/Third_Party/lvgl/src/draw/sdl/lv_draw_sdl_arc.c","projects/03-lvgl-porting/course/Third_Party/lvgl/src/draw/sdl/lv_draw_sdl_arc.c","1b533f86776315e3ae814051d60ada4b11f6a625a04a9bf9efe2b6e588bedc9c","1b533f86776315e3ae814051d60ada4b11f6a625a04a9bf9efe2b6e588bedc9c","YES"
"day03/Code.7z!02_GD32_LVGL_Template/Third_Party/lvgl/src/draw/sdl/lv_draw_sdl_bg.c","projects/03-lvgl-porting/course/Third_Party/lvgl/src/draw/sdl/lv_draw_sdl_bg.c","7c209e0e25ee7b9dc9c9b4b15dc7c9ffc6e1b5140b07dd6791c48fc654d65233","7c209e0e25ee7b9dc9c9b4b15dc7c9ffc6e1b5140b07dd6791c48fc654d65233","YES"
"day03/Code.7z!02_GD32_LVGL_Template/Third_Party/lvgl/src/draw/sdl/lv_draw_sdl_composite.c","projects/03-lvgl-porting/course/Third_Party/lvgl/src/draw/sdl/lv_draw_sdl_composite.c","4b33ec3af09371d7283f226fbce6bd4b3f94b77822f867d73256ba1d93731b0a","4b33ec3af09371d7283f226fbce6bd4b3f94b77822f867d73256ba1d93731b0a","YES"
"day03/Code.7z!02_GD32_LVGL_Template/Third_Party/lvgl/src/draw/sdl/lv_draw_sdl_composite.h","projects/03-lvgl-porting/course/Third_Party/lvgl/src/draw/sdl/lv_draw_sdl_composite.h","e9d1b425008fddadbcf22bf2def52be1a1a87eaae4ce4651ed88ea3d831997e3","e9d1b425008fddadbcf22bf2def52be1a1a87eaae4ce4651ed88ea3d831997e3","YES"
"day03/Code.7z!02_GD32_LVGL_Template/Third_Party/lvgl/src/draw/sdl/lv_draw_sdl_img.c","projects/03-lvgl-porting/course/Third_Party/lvgl/src/draw/sdl/lv_draw_sdl_img.c","136c67d5164418f7270730497922177961306d741e2bed94b6da315f959a9f12","136c67d5164418f7270730497922177961306d741e2bed94b6da315f959a9f12","YES"
"day03/Code.7z!02_GD32_LVGL_Template/Third_Party/lvgl/src/draw/sdl/lv_draw_sdl_img.h","projects/03-lvgl-porting/course/Third_Party/lvgl/src/draw/sdl/lv_draw_sdl_img.h","a13e28b8151ae2d0db109cd2f963d8ae9aa6b5dd6c88ea4ff91bc398115b55b1","a13e28b8151ae2d0db109cd2f963d8ae9aa6b5dd6c88ea4ff91bc398115b55b1","YES"
"day03/Code.7z!02_GD32_LVGL_Template/Third_Party/lvgl/src/draw/sdl/lv_draw_sdl_label.c","projects/03-lvgl-porting/course/Third_Party/lvgl/src/draw/sdl/lv_draw_sdl_label.c","611258da6bc7cc02fc54ce104bb30e6b7a92fd847b6d191d547f84d72e503537","611258da6bc7cc02fc54ce104bb30e6b7a92fd847b6d191d547f84d72e503537","YES"
"day03/Code.7z!02_GD32_LVGL_Template/Third_Party/lvgl/src/draw/sdl/lv_draw_sdl_layer.c","projects/03-lvgl-porting/course/Third_Party/lvgl/src/draw/sdl/lv_draw_sdl_layer.c","2500563005524688a233a017ab6ddb33f564dcd5e24ea0d226fb6170afd3907d","2500563005524688a233a017ab6ddb33f564dcd5e24ea0d226fb6170afd3907d","YES"
"day03/Code.7z!02_GD32_LVGL_Template/Third_Party/lvgl/src/draw/sdl/lv_draw_sdl_layer.h","projects/03-lvgl-porting/course/Third_Party/lvgl/src/draw/sdl/lv_draw_sdl_layer.h","7f3bd4fe6ed337bbec597d771579d792bd1740d14b28cdd2a5067825e3ae2a6c","7f3bd4fe6ed337bbec597d771579d792bd1740d14b28cdd2a5067825e3ae2a6c","YES"
"day03/Code.7z!02_GD32_LVGL_Template/Third_Party/lvgl/src/draw/sdl/lv_draw_sdl_line.c","projects/03-lvgl-porting/course/Third_Party/lvgl/src/draw/sdl/lv_draw_sdl_line.c","3a3855045b758b717cfaf6578a26dc365ab45edfafd87a2c7da95109f23144bd","3a3855045b758b717cfaf6578a26dc365ab45edfafd87a2c7da95109f23144bd","YES"
"day03/Code.7z!02_GD32_LVGL_Template/Third_Party/lvgl/src/draw/sdl/lv_draw_sdl_mask.c","projects/03-lvgl-porting/course/Third_Party/lvgl/src/draw/sdl/lv_draw_sdl_mask.c","506d2c0eaf5dd3ff2405bf9bcf3f4388f71b47d66f1441395040ec33aa6330f1","506d2c0eaf5dd3ff2405bf9bcf3f4388f71b47d66f1441395040ec33aa6330f1","YES"
"day03/Code.7z!02_GD32_LVGL_Template/Third_Party/lvgl/src/draw/sdl/lv_draw_sdl_mask.h","projects/03-lvgl-porting/course/Third_Party/lvgl/src/draw/sdl/lv_draw_sdl_mask.h","9db73ad1f1f6373515b52756ddcf653461796169c612d02c219f06b9c5906235","9db73ad1f1f6373515b52756ddcf653461796169c612d02c219f06b9c5906235","YES"
"day03/Code.7z!02_GD32_LVGL_Template/Third_Party/lvgl/src/draw/sdl/lv_draw_sdl_polygon.c","projects/03-lvgl-porting/course/Third_Party/lvgl/src/draw/sdl/lv_draw_sdl_polygon.c","96e743fb63c24664245e076abf04be8c3cc7e7b91f066f6df73ec7ce28caf318","96e743fb63c24664245e076abf04be8c3cc7e7b91f066f6df73ec7ce28caf318","YES"
"day03/Code.7z!02_GD32_LVGL_Template/Third_Party/lvgl/src/draw/sdl/lv_draw_sdl_priv.h","projects/03-lvgl-porting/course/Third_Party/lvgl/src/draw/sdl/lv_draw_sdl_priv.h","54dc0d336c528d9ada5a85fa6d44e73f3cf4dcf276ef1cff84399e574c36380f","54dc0d336c528d9ada5a85fa6d44e73f3cf4dcf276ef1cff84399e574c36380f","YES"
"day03/Code.7z!02_GD32_LVGL_Template/Third_Party/lvgl/src/draw/sdl/lv_draw_sdl_rect.c","projects/03-lvgl-porting/course/Third_Party/lvgl/src/draw/sdl/lv_draw_sdl_rect.c","48192be13ba2de50ee348f62229200474a831d7ce44955d57f9a0a60d956eb75","48192be13ba2de50ee348f62229200474a831d7ce44955d57f9a0a60d956eb75","YES"
"day03/Code.7z!02_GD32_LVGL_Template/Third_Party/lvgl/src/draw/sdl/lv_draw_sdl_rect.h","projects/03-lvgl-porting/course/Third_Party/lvgl/src/draw/sdl/lv_draw_sdl_rect.h","fec882d465446b7eb9c8bb1e87a9bff044f0f9096c95147a675fcfd226139c4c","fec882d465446b7eb9c8bb1e87a9bff044f0f9096c95147a675fcfd226139c4c","YES"
"day03/Code.7z!02_GD32_LVGL_Template/Third_Party/lvgl/src/draw/sdl/lv_draw_sdl_stack_blur.c","projects/03-lvgl-porting/course/Third_Party/lvgl/src/draw/sdl/lv_draw_sdl_stack_blur.c","2183096746351122efba4a1098fef12cdc996c7cd3e69519de3964708a42de53","2183096746351122efba4a1098fef12cdc996c7cd3e69519de3964708a42de53","YES"
"day03/Code.7z!02_GD32_LVGL_Template/Third_Party/lvgl/src/draw/sdl/lv_draw_sdl_stack_blur.h","projects/03-lvgl-porting/course/Third_Party/lvgl/src/draw/sdl/lv_draw_sdl_stack_blur.h","75cf293a98eb520407a6d99286a54c2e6e7511dba4666a92705f9d4a3f4874e9","75cf293a98eb520407a6d99286a54c2e6e7511dba4666a92705f9d4a3f4874e9","YES"
"day03/Code.7z!02_GD32_LVGL_Template/Third_Party/lvgl/src/draw/sdl/lv_draw_sdl_texture_cache.c","projects/03-lvgl-porting/course/Third_Party/lvgl/src/draw/sdl/lv_draw_sdl_texture_cache.c","49dd3a2de85ca3fb03a8d497cb6b2c4d87518bf8d1036c548c2c1811db12b30f","49dd3a2de85ca3fb03a8d497cb6b2c4d87518bf8d1036c548c2c1811db12b30f","YES"
"day03/Code.7z!02_GD32_LVGL_Template/Third_Party/lvgl/src/draw/sdl/lv_draw_sdl_texture_cache.h","projects/03-lvgl-porting/course/Third_Party/lvgl/src/draw/sdl/lv_draw_sdl_texture_cache.h","97c0d1837dd645aee9b923dcd1809574720221230afe7a41547d462469e33bf6","97c0d1837dd645aee9b923dcd1809574720221230afe7a41547d462469e33bf6","YES"
"day03/Code.7z!02_GD32_LVGL_Template/Third_Party/lvgl/src/draw/sdl/lv_draw_sdl_utils.c","projects/03-lvgl-porting/course/Third_Party/lvgl/src/draw/sdl/lv_draw_sdl_utils.c","346a34d5ab88d28e0c01635e727f317d0640307cb090f2b3c472e2e1c45c6190","346a34d5ab88d28e0c01635e727f317d0640307cb090f2b3c472e2e1c45c6190","YES"
"day03/Code.7z!02_GD32_LVGL_Template/Third_Party/lvgl/src/draw/sdl/lv_draw_sdl_utils.h","projects/03-lvgl-porting/course/Third_Party/lvgl/src/draw/sdl/lv_draw_sdl_utils.h","d6db836508504bec734855ec540ff40d4f7f0e8b20accc3ddfba76b3b3fd3512","d6db836508504bec734855ec540ff40d4f7f0e8b20accc3ddfba76b3b3fd3512","YES"
"day03/Code.7z!02_GD32_LVGL_Template/Third_Party/lvgl/src/draw/sdl/lv_draw_sdl.c","projects/03-lvgl-porting/course/Third_Party/lvgl/src/draw/sdl/lv_draw_sdl.c","868dca86beedeb61fe25f21b4dac90eab2feac5be54e9b5285c9ef502672e137","868dca86beedeb61fe25f21b4dac90eab2feac5be54e9b5285c9ef502672e137","YES"
"day03/Code.7z!02_GD32_LVGL_Template/Third_Party/lvgl/src/draw/sdl/lv_draw_sdl.h","projects/03-lvgl-porting/course/Third_Party/lvgl/src/draw/sdl/lv_draw_sdl.h","7a372da1a04629aeb9ff1a2c58a828c20929ba50290820d9568c7c4264ee12d3","7a372da1a04629aeb9ff1a2c58a828c20929ba50290820d9568c7c4264ee12d3","YES"
"day03/Code.7z!02_GD32_LVGL_Template/Third_Party/lvgl/src/draw/sdl/lv_draw_sdl.mk","projects/03-lvgl-porting/course/Third_Party/lvgl/src/draw/sdl/lv_draw_sdl.mk","f67fdd79df2e2af986b0fcfb207b56bd4f0028c7fc9a6d2063cd2559548ab764","f67fdd79df2e2af986b0fcfb207b56bd4f0028c7fc9a6d2063cd2559548ab764","YES"
"day03/Code.7z!02_GD32_LVGL_Template/Third_Party/lvgl/src/draw/stm32_dma2d/lv_draw_stm32_dma2d.mk","projects/03-lvgl-porting/course/Third_Party/lvgl/src/draw/stm32_dma2d/lv_draw_stm32_dma2d.mk","71fd7b90bd1aaa27e3fe709f8c279e5a0011f94a0d9ebd70a8b472c9734aed05","71fd7b90bd1aaa27e3fe709f8c279e5a0011f94a0d9ebd70a8b472c9734aed05","YES"
"day03/Code.7z!02_GD32_LVGL_Template/Third_Party/lvgl/src/draw/stm32_dma2d/lv_gpu_stm32_dma2d.c","projects/03-lvgl-porting/course/Third_Party/lvgl/src/draw/stm32_dma2d/lv_gpu_stm32_dma2d.c","fa48f196b6f2740964caa56772fa1bf1743036d4c3ad047736ac9cb8e1eb2737","fa48f196b6f2740964caa56772fa1bf1743036d4c3ad047736ac9cb8e1eb2737","YES"
"day03/Code.7z!02_GD32_LVGL_Template/Third_Party/lvgl/src/draw/stm32_dma2d/lv_gpu_stm32_dma2d.h","projects/03-lvgl-porting/course/Third_Party/lvgl/src/draw/stm32_dma2d/lv_gpu_stm32_dma2d.h","5e98c56de1b27bf005b82234f379ad9a3c05fc5e275237c9c777ec11a5734a63","5e98c56de1b27bf005b82234f379ad9a3c05fc5e275237c9c777ec11a5734a63","YES"
"day03/Code.7z!02_GD32_LVGL_Template/Third_Party/lvgl/src/draw/sw/lv_draw_sw_arc.c","projects/03-lvgl-porting/course/Third_Party/lvgl/src/draw/sw/lv_draw_sw_arc.c","a7c089db1ba7be5a79953cfb9b4ef7964ef8e4165ca378a77d547d0da247bc74","a7c089db1ba7be5a79953cfb9b4ef7964ef8e4165ca378a77d547d0da247bc74","YES"
"day03/Code.7z!02_GD32_LVGL_Template/Third_Party/lvgl/src/draw/sw/lv_draw_sw_blend.c","projects/03-lvgl-porting/course/Third_Party/lvgl/src/draw/sw/lv_draw_sw_blend.c","fca53b473937735d0d1af866eb149b105c6f241d67e3f06c3f1fcfdf1352ca7d","fca53b473937735d0d1af866eb149b105c6f241d67e3f06c3f1fcfdf1352ca7d","YES"
"day03/Code.7z!02_GD32_LVGL_Template/Third_Party/lvgl/src/draw/sw/lv_draw_sw_blend.h","projects/03-lvgl-porting/course/Third_Party/lvgl/src/draw/sw/lv_draw_sw_blend.h","e6a2b8d2d4d34f71f0f20490169b17bb10c70769ac2e503402b2dcf29b1c037c","e6a2b8d2d4d34f71f0f20490169b17bb10c70769ac2e503402b2dcf29b1c037c","YES"
"day03/Code.7z!02_GD32_LVGL_Template/Third_Party/lvgl/src/draw/sw/lv_draw_sw_dither.c","projects/03-lvgl-porting/course/Third_Party/lvgl/src/draw/sw/lv_draw_sw_dither.c","ea74f50e6abaf5ac84865cb8c4d7df668cb5f2193b4f1599b771d995adfc69e2","ea74f50e6abaf5ac84865cb8c4d7df668cb5f2193b4f1599b771d995adfc69e2","YES"
"day03/Code.7z!02_GD32_LVGL_Template/Third_Party/lvgl/src/draw/sw/lv_draw_sw_dither.h","projects/03-lvgl-porting/course/Third_Party/lvgl/src/draw/sw/lv_draw_sw_dither.h","20f6da665f516bf472dcea0dd936c78be24b88d319ebd1d2e95276d2070e8a09","20f6da665f516bf472dcea0dd936c78be24b88d319ebd1d2e95276d2070e8a09","YES"
"day03/Code.7z!02_GD32_LVGL_Template/Third_Party/lvgl/src/draw/sw/lv_draw_sw_gradient.c","projects/03-lvgl-porting/course/Third_Party/lvgl/src/draw/sw/lv_draw_sw_gradient.c","56bd287607c126d34171797ab5d8a4ad61b177440fa89ab2f5075caa45e830fe","56bd287607c126d34171797ab5d8a4ad61b177440fa89ab2f5075caa45e830fe","YES"
"day03/Code.7z!02_GD32_LVGL_Template/Third_Party/lvgl/src/draw/sw/lv_draw_sw_gradient.h","projects/03-lvgl-porting/course/Third_Party/lvgl/src/draw/sw/lv_draw_sw_gradient.h","825530bc0aac04d898a2e7190c6d8bcbca8eb1751497aa2626eb9ff9f5b8845f","825530bc0aac04d898a2e7190c6d8bcbca8eb1751497aa2626eb9ff9f5b8845f","YES"
"day03/Code.7z!02_GD32_LVGL_Template/Third_Party/lvgl/src/draw/sw/lv_draw_sw_img.c","projects/03-lvgl-porting/course/Third_Party/lvgl/src/draw/sw/lv_draw_sw_img.c","4bd9e431a8fe2ad6c1e74957d4b360ba9c11e5539e7145478f495d1353169ed9","4bd9e431a8fe2ad6c1e74957d4b360ba9c11e5539e7145478f495d1353169ed9","YES"
"day03/Code.7z!02_GD32_LVGL_Template/Third_Party/lvgl/src/draw/sw/lv_draw_sw_layer.c","projects/03-lvgl-porting/course/Third_Party/lvgl/src/draw/sw/lv_draw_sw_layer.c","058a15d49e325572083e554c50661a48d1999b67d48e97cdfc24fb860f58964f","058a15d49e325572083e554c50661a48d1999b67d48e97cdfc24fb860f58964f","YES"
"day03/Code.7z!02_GD32_LVGL_Template/Third_Party/lvgl/src/draw/sw/lv_draw_sw_letter.c","projects/03-lvgl-porting/course/Third_Party/lvgl/src/draw/sw/lv_draw_sw_letter.c","fb8053d795a0cec55466c40c4ee494a062ab32429cbe7c89f840e90ac8c5f565","fb8053d795a0cec55466c40c4ee494a062ab32429cbe7c89f840e90ac8c5f565","YES"
"day03/Code.7z!02_GD32_LVGL_Template/Third_Party/lvgl/src/draw/sw/lv_draw_sw_line.c","projects/03-lvgl-porting/course/Third_Party/lvgl/src/draw/sw/lv_draw_sw_line.c","b4a45bb599a372785108c70f2b6b88116b039835eefd898b5b9623efc1de53d0","b4a45bb599a372785108c70f2b6b88116b039835eefd898b5b9623efc1de53d0","YES"
"day03/Code.7z!02_GD32_LVGL_Template/Third_Party/lvgl/src/draw/sw/lv_draw_sw_polygon.c","projects/03-lvgl-porting/course/Third_Party/lvgl/src/draw/sw/lv_draw_sw_polygon.c","d5f82e860983c33fd1fa85f8fc5748f3dd860170cee105a57e1e28360e84600f","d5f82e860983c33fd1fa85f8fc5748f3dd860170cee105a57e1e28360e84600f","YES"
"day03/Code.7z!02_GD32_LVGL_Template/Third_Party/lvgl/src/draw/sw/lv_draw_sw_rect.c","projects/03-lvgl-porting/course/Third_Party/lvgl/src/draw/sw/lv_draw_sw_rect.c","190e68e2c170539a3ba16e26a1f0e8100710c2b3ed4e4a761de234ffbe103db1","190e68e2c170539a3ba16e26a1f0e8100710c2b3ed4e4a761de234ffbe103db1","YES"
"day03/Code.7z!02_GD32_LVGL_Template/Third_Party/lvgl/src/draw/sw/lv_draw_sw_transform.c","projects/03-lvgl-porting/course/Third_Party/lvgl/src/draw/sw/lv_draw_sw_transform.c","0605033c485159a7fba28f8abc629481cacc7f526c008c8ce4aa08686c49e312","0605033c485159a7fba28f8abc629481cacc7f526c008c8ce4aa08686c49e312","YES"
"day03/Code.7z!02_GD32_LVGL_Template/Third_Party/lvgl/src/draw/sw/lv_draw_sw.c","projects/03-lvgl-porting/course/Third_Party/lvgl/src/draw/sw/lv_draw_sw.c","0b01c44ecde76b2666c58031ebe7608c52deb8ee479e908fd601491d086227e5","0b01c44ecde76b2666c58031ebe7608c52deb8ee479e908fd601491d086227e5","YES"
"day03/Code.7z!02_GD32_LVGL_Template/Third_Party/lvgl/src/draw/sw/lv_draw_sw.h","projects/03-lvgl-porting/course/Third_Party/lvgl/src/draw/sw/lv_draw_sw.h","901dc548560ba4b9cc1863af72047f60589f1b49db28401e13e5fc637c049b93","901dc548560ba4b9cc1863af72047f60589f1b49db28401e13e5fc637c049b93","YES"
"day03/Code.7z!02_GD32_LVGL_Template/Third_Party/lvgl/src/draw/sw/lv_draw_sw.mk","projects/03-lvgl-porting/course/Third_Party/lvgl/src/draw/sw/lv_draw_sw.mk","e48edb802420ea352ded29e9aaaaa2fa5d8d4e02c5bacd024902551b711e2708","e48edb802420ea352ded29e9aaaaa2fa5d8d4e02c5bacd024902551b711e2708","YES"
"day03/Code.7z!02_GD32_LVGL_Template/Third_Party/lvgl/src/draw/swm341_dma2d/lv_draw_swm341_dma2d.mk","projects/03-lvgl-porting/course/Third_Party/lvgl/src/draw/swm341_dma2d/lv_draw_swm341_dma2d.mk","331ff1ff6500ed0f9c0df14a6574504d7585146327a601269a65e4f28e0ce832","331ff1ff6500ed0f9c0df14a6574504d7585146327a601269a65e4f28e0ce832","YES"
"day03/Code.7z!02_GD32_LVGL_Template/Third_Party/lvgl/src/draw/swm341_dma2d/lv_gpu_swm341_dma2d.c","projects/03-lvgl-porting/course/Third_Party/lvgl/src/draw/swm341_dma2d/lv_gpu_swm341_dma2d.c","cfe9306e76e11bd74edf189c9422c5bf71c5ff90d8216acff669070d11ceb00d","cfe9306e76e11bd74edf189c9422c5bf71c5ff90d8216acff669070d11ceb00d","YES"
"day03/Code.7z!02_GD32_LVGL_Template/Third_Party/lvgl/src/draw/swm341_dma2d/lv_gpu_swm341_dma2d.h","projects/03-lvgl-porting/course/Third_Party/lvgl/src/draw/swm341_dma2d/lv_gpu_swm341_dma2d.h","19c718c6c3fc9efa2d445976a76dbecffd8867fbe126298c7d3f150c5d098177","19c718c6c3fc9efa2d445976a76dbecffd8867fbe126298c7d3f150c5d098177","YES"
"day03/Code.7z!02_GD32_LVGL_Template/Third_Party/lvgl/src/extra/layouts/flex/lv_flex.c","projects/03-lvgl-porting/course/Third_Party/lvgl/src/extra/layouts/flex/lv_flex.c","1d503dab4b64a36a463c97b4789178f47ac0047a0c2b9b6e85e2a7e796200e19","1d503dab4b64a36a463c97b4789178f47ac0047a0c2b9b6e85e2a7e796200e19","YES"
"day03/Code.7z!02_GD32_LVGL_Template/Third_Party/lvgl/src/extra/layouts/flex/lv_flex.h","projects/03-lvgl-porting/course/Third_Party/lvgl/src/extra/layouts/flex/lv_flex.h","defd8f8803a7817942ad59b83dca2371d659316e275cf0b6c5fc31df6ae72db6","defd8f8803a7817942ad59b83dca2371d659316e275cf0b6c5fc31df6ae72db6","YES"
"day03/Code.7z!02_GD32_LVGL_Template/Third_Party/lvgl/src/extra/layouts/grid/lv_grid.c","projects/03-lvgl-porting/course/Third_Party/lvgl/src/extra/layouts/grid/lv_grid.c","840a6d783464fd776e249a33834b0055803510fc80cd5b3e8f820c846ad75255","840a6d783464fd776e249a33834b0055803510fc80cd5b3e8f820c846ad75255","YES"
"day03/Code.7z!02_GD32_LVGL_Template/Third_Party/lvgl/src/extra/layouts/grid/lv_grid.h","projects/03-lvgl-porting/course/Third_Party/lvgl/src/extra/layouts/grid/lv_grid.h","1ed694b99f753795e9a590b6446440ececbc7b04a69f9513b8eedccbd1ad8428","1ed694b99f753795e9a590b6446440ececbc7b04a69f9513b8eedccbd1ad8428","YES"
"day03/Code.7z!02_GD32_LVGL_Template/Third_Party/lvgl/src/extra/layouts/lv_layouts.h","projects/03-lvgl-porting/course/Third_Party/lvgl/src/extra/layouts/lv_layouts.h","40ddc25a10a4bed4109f56135b56b68feccc177a78342bf7f8fee0aaa5b3c804","40ddc25a10a4bed4109f56135b56b68feccc177a78342bf7f8fee0aaa5b3c804","YES"
"day03/Code.7z!02_GD32_LVGL_Template/Third_Party/lvgl/src/extra/libs/bmp/lv_bmp.c","projects/03-lvgl-porting/course/Third_Party/lvgl/src/extra/libs/bmp/lv_bmp.c","c96ef68b4ef27eda9b3fa0560b273fa97a532bb100b6f5f312dc5fb68e4a50ee","c96ef68b4ef27eda9b3fa0560b273fa97a532bb100b6f5f312dc5fb68e4a50ee","YES"
"day03/Code.7z!02_GD32_LVGL_Template/Third_Party/lvgl/src/extra/libs/bmp/lv_bmp.h","projects/03-lvgl-porting/course/Third_Party/lvgl/src/extra/libs/bmp/lv_bmp.h","8356654bae055bea9ab4b8ef0408aa93bcae4423fc585029dd2ff50a887e2154","8356654bae055bea9ab4b8ef0408aa93bcae4423fc585029dd2ff50a887e2154","YES"
"day03/Code.7z!02_GD32_LVGL_Template/Third_Party/lvgl/src/extra/libs/ffmpeg/lv_ffmpeg.c","projects/03-lvgl-porting/course/Third_Party/lvgl/src/extra/libs/ffmpeg/lv_ffmpeg.c","41be65484d85f87053c0c31e51082973e99e51dc39b210637547b66377a05d26","41be65484d85f87053c0c31e51082973e99e51dc39b210637547b66377a05d26","YES"
"day03/Code.7z!02_GD32_LVGL_Template/Third_Party/lvgl/src/extra/libs/ffmpeg/lv_ffmpeg.h","projects/03-lvgl-porting/course/Third_Party/lvgl/src/extra/libs/ffmpeg/lv_ffmpeg.h","a0e6972d63deefb35ff309dbfebc27a6a12c3329c19c9f5f9f4968f78bf7d149","a0e6972d63deefb35ff309dbfebc27a6a12c3329c19c9f5f9f4968f78bf7d149","YES"
"day03/Code.7z!02_GD32_LVGL_Template/Third_Party/lvgl/src/extra/libs/freetype/lv_freetype.c","projects/03-lvgl-porting/course/Third_Party/lvgl/src/extra/libs/freetype/lv_freetype.c","d6787432256d425bd2d2db12ab64b364deaa37d965bb89026435ecb07abea971","d6787432256d425bd2d2db12ab64b364deaa37d965bb89026435ecb07abea971","YES"
"day03/Code.7z!02_GD32_LVGL_Template/Third_Party/lvgl/src/extra/libs/freetype/lv_freetype.h","projects/03-lvgl-porting/course/Third_Party/lvgl/src/extra/libs/freetype/lv_freetype.h","b3426c118996f1567abc652c1f2ce4d9ac225415c6dbc2eab0115afd8a6386e8","b3426c118996f1567abc652c1f2ce4d9ac225415c6dbc2eab0115afd8a6386e8","YES"
"day03/Code.7z!02_GD32_LVGL_Template/Third_Party/lvgl/src/extra/libs/fsdrv/lv_fs_fatfs.c","projects/03-lvgl-porting/course/Third_Party/lvgl/src/extra/libs/fsdrv/lv_fs_fatfs.c","b9ce0ee2c0ff22c8dec159c805d44a44929b42ab251eba30ad429719780134bf","b9ce0ee2c0ff22c8dec159c805d44a44929b42ab251eba30ad429719780134bf","YES"
"day03/Code.7z!02_GD32_LVGL_Template/Third_Party/lvgl/src/extra/libs/fsdrv/lv_fs_littlefs.c","projects/03-lvgl-porting/course/Third_Party/lvgl/src/extra/libs/fsdrv/lv_fs_littlefs.c","e414048fd02add6714a5f7872de3d2c0c94db2bb5a9f152960c558fbc2546a18","e414048fd02add6714a5f7872de3d2c0c94db2bb5a9f152960c558fbc2546a18","YES"
"day03/Code.7z!02_GD32_LVGL_Template/Third_Party/lvgl/src/extra/libs/fsdrv/lv_fs_posix.c","projects/03-lvgl-porting/course/Third_Party/lvgl/src/extra/libs/fsdrv/lv_fs_posix.c","3e3b1d652f3c9f567ecaf2914ac4f141804b55f2bae3276ae7895d278b5f88d3","3e3b1d652f3c9f567ecaf2914ac4f141804b55f2bae3276ae7895d278b5f88d3","YES"
"day03/Code.7z!02_GD32_LVGL_Template/Third_Party/lvgl/src/extra/libs/fsdrv/lv_fs_stdio.c","projects/03-lvgl-porting/course/Third_Party/lvgl/src/extra/libs/fsdrv/lv_fs_stdio.c","04fe71576bb90b52f5c1d41bd3b526682e2baa9d0fdb1f1971d13f939ef704ca","04fe71576bb90b52f5c1d41bd3b526682e2baa9d0fdb1f1971d13f939ef704ca","YES"
"day03/Code.7z!02_GD32_LVGL_Template/Third_Party/lvgl/src/extra/libs/fsdrv/lv_fs_win32.c","projects/03-lvgl-porting/course/Third_Party/lvgl/src/extra/libs/fsdrv/lv_fs_win32.c","0fbd352154d630fd89dbda267928316e6076b7d849fd2517fc78250348d9be7e","0fbd352154d630fd89dbda267928316e6076b7d849fd2517fc78250348d9be7e","YES"
"day03/Code.7z!02_GD32_LVGL_Template/Third_Party/lvgl/src/extra/libs/fsdrv/lv_fsdrv.h","projects/03-lvgl-porting/course/Third_Party/lvgl/src/extra/libs/fsdrv/lv_fsdrv.h","7cb90afe7cfceb610c6579faffa3f49ab7353b8975e5a181af894deb50fd879f","7cb90afe7cfceb610c6579faffa3f49ab7353b8975e5a181af894deb50fd879f","YES"
"day03/Code.7z!02_GD32_LVGL_Template/Third_Party/lvgl/src/extra/libs/gif/gifdec.c","projects/03-lvgl-porting/course/Third_Party/lvgl/src/extra/libs/gif/gifdec.c","79a6e6db19855b86394b5d44a98208f834aa8713b0ea7f3a1cc89c88936a54e6","79a6e6db19855b86394b5d44a98208f834aa8713b0ea7f3a1cc89c88936a54e6","YES"
"day03/Code.7z!02_GD32_LVGL_Template/Third_Party/lvgl/src/extra/libs/gif/gifdec.h","projects/03-lvgl-porting/course/Third_Party/lvgl/src/extra/libs/gif/gifdec.h","3cea320ff7ef0a2d3f4c380e2bf3d2457b27aac00d6f28b7446ba5e42da26311","3cea320ff7ef0a2d3f4c380e2bf3d2457b27aac00d6f28b7446ba5e42da26311","YES"
"day03/Code.7z!02_GD32_LVGL_Template/Third_Party/lvgl/src/extra/libs/gif/lv_gif.c","projects/03-lvgl-porting/course/Third_Party/lvgl/src/extra/libs/gif/lv_gif.c","ab8e302ea0390f4615a8b18857d8dcf47f1c7673cbe5eff1f3146de417a37456","ab8e302ea0390f4615a8b18857d8dcf47f1c7673cbe5eff1f3146de417a37456","YES"
"day03/Code.7z!02_GD32_LVGL_Template/Third_Party/lvgl/src/extra/libs/gif/lv_gif.h","projects/03-lvgl-porting/course/Third_Party/lvgl/src/extra/libs/gif/lv_gif.h","3a03cc3b17e8874b7cc76054e8bc7d6d7f6ac89df02ee85db800cd6dc9463a91","3a03cc3b17e8874b7cc76054e8bc7d6d7f6ac89df02ee85db800cd6dc9463a91","YES"
"day03/Code.7z!02_GD32_LVGL_Template/Third_Party/lvgl/src/extra/libs/lv_libs.h","projects/03-lvgl-porting/course/Third_Party/lvgl/src/extra/libs/lv_libs.h","4659754ae011ea460e2198fc3a5d1245a082e12450da170916a466953d240c8e","4659754ae011ea460e2198fc3a5d1245a082e12450da170916a466953d240c8e","YES"
"day03/Code.7z!02_GD32_LVGL_Template/Third_Party/lvgl/src/extra/libs/png/lodepng.c","projects/03-lvgl-porting/course/Third_Party/lvgl/src/extra/libs/png/lodepng.c","30e81965693f904bf02ffc8a4f000632d8d59bffec0c88e52090ad85534daf2f","30e81965693f904bf02ffc8a4f000632d8d59bffec0c88e52090ad85534daf2f","YES"
"day03/Code.7z!02_GD32_LVGL_Template/Third_Party/lvgl/src/extra/libs/png/lodepng.h","projects/03-lvgl-porting/course/Third_Party/lvgl/src/extra/libs/png/lodepng.h","35d980fde4725566bda493e9e358588b96e27ad17b768b2b4f8c3345c0e2dd24","35d980fde4725566bda493e9e358588b96e27ad17b768b2b4f8c3345c0e2dd24","YES"
"day03/Code.7z!02_GD32_LVGL_Template/Third_Party/lvgl/src/extra/libs/png/lv_png.c","projects/03-lvgl-porting/course/Third_Party/lvgl/src/extra/libs/png/lv_png.c","7bf3bcd34dcf1ca3fb8ab03331151b2b14ebc7765ce1c6bb7f5d2fd80f751552","7bf3bcd34dcf1ca3fb8ab03331151b2b14ebc7765ce1c6bb7f5d2fd80f751552","YES"
"day03/Code.7z!02_GD32_LVGL_Template/Third_Party/lvgl/src/extra/libs/png/lv_png.h","projects/03-lvgl-porting/course/Third_Party/lvgl/src/extra/libs/png/lv_png.h","b1462d8d3733e56f6a5563fbad4bec3eeedd2fec8c8307361cb1b79a32d1245e","b1462d8d3733e56f6a5563fbad4bec3eeedd2fec8c8307361cb1b79a32d1245e","YES"
"day03/Code.7z!02_GD32_LVGL_Template/Third_Party/lvgl/src/extra/libs/qrcode/lv_qrcode.c","projects/03-lvgl-porting/course/Third_Party/lvgl/src/extra/libs/qrcode/lv_qrcode.c","22a167653fd70357a790eeeb2adb8cf9d4e260aa0d6bc7587087a6644274c267","22a167653fd70357a790eeeb2adb8cf9d4e260aa0d6bc7587087a6644274c267","YES"
"day03/Code.7z!02_GD32_LVGL_Template/Third_Party/lvgl/src/extra/libs/qrcode/lv_qrcode.h","projects/03-lvgl-porting/course/Third_Party/lvgl/src/extra/libs/qrcode/lv_qrcode.h","0691418fc476fd815dac61f2194d6a9cce9db95b6fa0d57828e4319884d263a5","0691418fc476fd815dac61f2194d6a9cce9db95b6fa0d57828e4319884d263a5","YES"
"day03/Code.7z!02_GD32_LVGL_Template/Third_Party/lvgl/src/extra/libs/qrcode/qrcodegen.c","projects/03-lvgl-porting/course/Third_Party/lvgl/src/extra/libs/qrcode/qrcodegen.c","9f1f23b8f800784740da16b9fff08ad0b75072dedb00caed2ae0d4475419cd34","9f1f23b8f800784740da16b9fff08ad0b75072dedb00caed2ae0d4475419cd34","YES"
"day03/Code.7z!02_GD32_LVGL_Template/Third_Party/lvgl/src/extra/libs/qrcode/qrcodegen.h","projects/03-lvgl-porting/course/Third_Party/lvgl/src/extra/libs/qrcode/qrcodegen.h","aae0f724eda6c4dec74804b66f35d03d256f25e19cdb1411db94398754dd466c","aae0f724eda6c4dec74804b66f35d03d256f25e19cdb1411db94398754dd466c","YES"
"day03/Code.7z!02_GD32_LVGL_Template/Third_Party/lvgl/src/extra/libs/rlottie/lv_rlottie.c","projects/03-lvgl-porting/course/Third_Party/lvgl/src/extra/libs/rlottie/lv_rlottie.c","88ae411ba9e8f356c39e9c279d13eba1fb32fd956a78503845251908fe5bc07c","88ae411ba9e8f356c39e9c279d13eba1fb32fd956a78503845251908fe5bc07c","YES"
"day03/Code.7z!02_GD32_LVGL_Template/Third_Party/lvgl/src/extra/libs/rlottie/lv_rlottie.h","projects/03-lvgl-porting/course/Third_Party/lvgl/src/extra/libs/rlottie/lv_rlottie.h","97411dd1108d2cd293d024338497ea8fb48841131ddcfb56ec16d424831ecfe6","97411dd1108d2cd293d024338497ea8fb48841131ddcfb56ec16d424831ecfe6","YES"
"day03/Code.7z!02_GD32_LVGL_Template/Third_Party/lvgl/src/extra/libs/sjpg/lv_sjpg.c","projects/03-lvgl-porting/course/Third_Party/lvgl/src/extra/libs/sjpg/lv_sjpg.c","2016d35ef13b1707640ff9faa30e33435252dc22efe18644110d6b0c9fa10850","2016d35ef13b1707640ff9faa30e33435252dc22efe18644110d6b0c9fa10850","YES"
"day03/Code.7z!02_GD32_LVGL_Template/Third_Party/lvgl/src/extra/libs/sjpg/lv_sjpg.h","projects/03-lvgl-porting/course/Third_Party/lvgl/src/extra/libs/sjpg/lv_sjpg.h","b0806c7f350bca0a313f40b23ef48557086ab634ae4ec68b487f013f23c5da49","b0806c7f350bca0a313f40b23ef48557086ab634ae4ec68b487f013f23c5da49","YES"
"day03/Code.7z!02_GD32_LVGL_Template/Third_Party/lvgl/src/extra/libs/sjpg/tjpgd.c","projects/03-lvgl-porting/course/Third_Party/lvgl/src/extra/libs/sjpg/tjpgd.c","a7f81e1292919d2055afad873afd878a6114fc73ee54feafbea2498045cbe30a","a7f81e1292919d2055afad873afd878a6114fc73ee54feafbea2498045cbe30a","YES"
"day03/Code.7z!02_GD32_LVGL_Template/Third_Party/lvgl/src/extra/libs/sjpg/tjpgd.h","projects/03-lvgl-porting/course/Third_Party/lvgl/src/extra/libs/sjpg/tjpgd.h","4ca94b17864633b93cf21b1ab7585b484f5979ba4a6299cff7fa64f7322e9a77","4ca94b17864633b93cf21b1ab7585b484f5979ba4a6299cff7fa64f7322e9a77","YES"
"day03/Code.7z!02_GD32_LVGL_Template/Third_Party/lvgl/src/extra/libs/sjpg/tjpgdcnf.h","projects/03-lvgl-porting/course/Third_Party/lvgl/src/extra/libs/sjpg/tjpgdcnf.h","59d5a581fd37b195eef562cc0599ee2d253b146dbef0b3cbccf897b7c560775b","59d5a581fd37b195eef562cc0599ee2d253b146dbef0b3cbccf897b7c560775b","YES"
"day03/Code.7z!02_GD32_LVGL_Template/Third_Party/lvgl/src/extra/libs/tiny_ttf/lv_tiny_ttf.c","projects/03-lvgl-porting/course/Third_Party/lvgl/src/extra/libs/tiny_ttf/lv_tiny_ttf.c","71eebe2086b00575e1a69df44860e50665d02c6ef61baffcc7f4f5b511920f30","71eebe2086b00575e1a69df44860e50665d02c6ef61baffcc7f4f5b511920f30","YES"
"day03/Code.7z!02_GD32_LVGL_Template/Third_Party/lvgl/src/extra/libs/tiny_ttf/lv_tiny_ttf.h","projects/03-lvgl-porting/course/Third_Party/lvgl/src/extra/libs/tiny_ttf/lv_tiny_ttf.h","ea35337ac50f6d4d818f1975e7ada8c13f76eb1d9003ea748dffb7d9406db8f4","ea35337ac50f6d4d818f1975e7ada8c13f76eb1d9003ea748dffb7d9406db8f4","YES"
"day03/Code.7z!02_GD32_LVGL_Template/Third_Party/lvgl/src/extra/libs/tiny_ttf/stb_rect_pack.h","projects/03-lvgl-porting/course/Third_Party/lvgl/src/extra/libs/tiny_ttf/stb_rect_pack.h","463343566b8ca8574e871961303f71fbdeee358c60c44384fbccd273efdc488f","463343566b8ca8574e871961303f71fbdeee358c60c44384fbccd273efdc488f","YES"
"day03/Code.7z!02_GD32_LVGL_Template/Third_Party/lvgl/src/extra/libs/tiny_ttf/stb_truetype_htcw.h","projects/03-lvgl-porting/course/Third_Party/lvgl/src/extra/libs/tiny_ttf/stb_truetype_htcw.h","676e5962e0256fe4e1f6cb1349882fc7b7bd6f1d5d44190897c00e865a5b1aa2","676e5962e0256fe4e1f6cb1349882fc7b7bd6f1d5d44190897c00e865a5b1aa2","YES"
"day03/Code.7z!02_GD32_LVGL_Template/Third_Party/lvgl/src/extra/lv_extra.c","projects/03-lvgl-porting/course/Third_Party/lvgl/src/extra/lv_extra.c","63a0105ee636b067024c6e087d32775afc8f25422ae2a5a52b92387f7c7ae29a","63a0105ee636b067024c6e087d32775afc8f25422ae2a5a52b92387f7c7ae29a","YES"
"day03/Code.7z!02_GD32_LVGL_Template/Third_Party/lvgl/src/extra/lv_extra.h","projects/03-lvgl-porting/course/Third_Party/lvgl/src/extra/lv_extra.h","080683f4a3a538f42f61d4cb8725f4d9515ed08a7d1314c3be63dbad355dede4","080683f4a3a538f42f61d4cb8725f4d9515ed08a7d1314c3be63dbad355dede4","YES"
"day03/Code.7z!02_GD32_LVGL_Template/Third_Party/lvgl/src/extra/lv_extra.mk","projects/03-lvgl-porting/course/Third_Party/lvgl/src/extra/lv_extra.mk","3dcaa09e7af31a8214f6a13158bf3d6f6169beaf32478d021598d4ecb9cc8876","3dcaa09e7af31a8214f6a13158bf3d6f6169beaf32478d021598d4ecb9cc8876","YES"
"day03/Code.7z!02_GD32_LVGL_Template/Third_Party/lvgl/src/extra/others/fragment/lv_fragment_manager.c","projects/03-lvgl-porting/course/Third_Party/lvgl/src/extra/others/fragment/lv_fragment_manager.c","c781378e9aafcac6a16e04b9aeb668674ef520b0e803464bb3fec1718bb65110","c781378e9aafcac6a16e04b9aeb668674ef520b0e803464bb3fec1718bb65110","YES"
"day03/Code.7z!02_GD32_LVGL_Template/Third_Party/lvgl/src/extra/others/fragment/lv_fragment.c","projects/03-lvgl-porting/course/Third_Party/lvgl/src/extra/others/fragment/lv_fragment.c","74122af380487b3010bae82057e191324b379ad87372ecb594e228e57801967a","74122af380487b3010bae82057e191324b379ad87372ecb594e228e57801967a","YES"
"day03/Code.7z!02_GD32_LVGL_Template/Third_Party/lvgl/src/extra/others/fragment/lv_fragment.h","projects/03-lvgl-porting/course/Third_Party/lvgl/src/extra/others/fragment/lv_fragment.h","4d0c1093928fd3d911a4e5a6d3c33fc4368a34fcbef9f43f40fdd8d223f06211","4d0c1093928fd3d911a4e5a6d3c33fc4368a34fcbef9f43f40fdd8d223f06211","YES"
"day03/Code.7z!02_GD32_LVGL_Template/Third_Party/lvgl/src/extra/others/gridnav/lv_gridnav.c","projects/03-lvgl-porting/course/Third_Party/lvgl/src/extra/others/gridnav/lv_gridnav.c","eeff92c5f0f79263954ac5397a67521f66372369e431981b16c874c15e6433a1","eeff92c5f0f79263954ac5397a67521f66372369e431981b16c874c15e6433a1","YES"
"day03/Code.7z!02_GD32_LVGL_Template/Third_Party/lvgl/src/extra/others/gridnav/lv_gridnav.h","projects/03-lvgl-porting/course/Third_Party/lvgl/src/extra/others/gridnav/lv_gridnav.h","02b71a9d23ee3b01382b879310fbfff4bdfa8db27fb97548b7eaa7acbae14a26","02b71a9d23ee3b01382b879310fbfff4bdfa8db27fb97548b7eaa7acbae14a26","YES"
"day03/Code.7z!02_GD32_LVGL_Template/Third_Party/lvgl/src/extra/others/ime/lv_ime_pinyin.c","projects/03-lvgl-porting/course/Third_Party/lvgl/src/extra/others/ime/lv_ime_pinyin.c","60e372305722f7a135db0406a98a26fb95c355b0125e0960418b62929b95eed6","60e372305722f7a135db0406a98a26fb95c355b0125e0960418b62929b95eed6","YES"
"day03/Code.7z!02_GD32_LVGL_Template/Third_Party/lvgl/src/extra/others/ime/lv_ime_pinyin.h","projects/03-lvgl-porting/course/Third_Party/lvgl/src/extra/others/ime/lv_ime_pinyin.h","a74b063370c5e1695eab2b6853f5b798c1bee56ae261be399a9d8eddc132ca2a","a74b063370c5e1695eab2b6853f5b798c1bee56ae261be399a9d8eddc132ca2a","YES"
"day03/Code.7z!02_GD32_LVGL_Template/Third_Party/lvgl/src/extra/others/imgfont/lv_imgfont.c","projects/03-lvgl-porting/course/Third_Party/lvgl/src/extra/others/imgfont/lv_imgfont.c","5aa882a7043fbe4e3415bffbd1ccf284544eb76aee16381d03308bd52223180c","5aa882a7043fbe4e3415bffbd1ccf284544eb76aee16381d03308bd52223180c","YES"
"day03/Code.7z!02_GD32_LVGL_Template/Third_Party/lvgl/src/extra/others/imgfont/lv_imgfont.h","projects/03-lvgl-porting/course/Third_Party/lvgl/src/extra/others/imgfont/lv_imgfont.h","902b04d0fad3a2caa8b0b60bf4827afa1ae3712273f38b696fbc3384318601d6","902b04d0fad3a2caa8b0b60bf4827afa1ae3712273f38b696fbc3384318601d6","YES"
"day03/Code.7z!02_GD32_LVGL_Template/Third_Party/lvgl/src/extra/others/lv_others.h","projects/03-lvgl-porting/course/Third_Party/lvgl/src/extra/others/lv_others.h","c522dadef814b8b6ce02f36bd8bd0a4bbeff54dc2b5f88f7ed4700289a4a7e9f","c522dadef814b8b6ce02f36bd8bd0a4bbeff54dc2b5f88f7ed4700289a4a7e9f","YES"
"day03/Code.7z!02_GD32_LVGL_Template/Third_Party/lvgl/src/extra/others/monkey/lv_monkey.c","projects/03-lvgl-porting/course/Third_Party/lvgl/src/extra/others/monkey/lv_monkey.c","33ba8f015b70d65d9220b2bde913870567b097077cd34c14801d3e6429c48308","33ba8f015b70d65d9220b2bde913870567b097077cd34c14801d3e6429c48308","YES"
"day03/Code.7z!02_GD32_LVGL_Template/Third_Party/lvgl/src/extra/others/monkey/lv_monkey.h","projects/03-lvgl-porting/course/Third_Party/lvgl/src/extra/others/monkey/lv_monkey.h","9d43c46ed15f4d867da5ba4b1896a245e33701d3190aa801d673ee7c077dedea","9d43c46ed15f4d867da5ba4b1896a245e33701d3190aa801d673ee7c077dedea","YES"
"day03/Code.7z!02_GD32_LVGL_Template/Third_Party/lvgl/src/extra/others/msg/lv_msg.c","projects/03-lvgl-porting/course/Third_Party/lvgl/src/extra/others/msg/lv_msg.c","e0ba67531a7b62b093f2f7a7921301b89ba59086aef9a89b6ada05bc0b2352b7","e0ba67531a7b62b093f2f7a7921301b89ba59086aef9a89b6ada05bc0b2352b7","YES"
"day03/Code.7z!02_GD32_LVGL_Template/Third_Party/lvgl/src/extra/others/msg/lv_msg.h","projects/03-lvgl-porting/course/Third_Party/lvgl/src/extra/others/msg/lv_msg.h","3c227d6004650ef7effe436073294dbc9df3c3db9a2c460c2b1d7f3e3af7ea6d","3c227d6004650ef7effe436073294dbc9df3c3db9a2c460c2b1d7f3e3af7ea6d","YES"
"day03/Code.7z!02_GD32_LVGL_Template/Third_Party/lvgl/src/extra/others/snapshot/lv_snapshot.c","projects/03-lvgl-porting/course/Third_Party/lvgl/src/extra/others/snapshot/lv_snapshot.c","569b92eefe7dad0abb40114d1476d771998d2d2f815face3e13412b579cd14cb","569b92eefe7dad0abb40114d1476d771998d2d2f815face3e13412b579cd14cb","YES"
"day03/Code.7z!02_GD32_LVGL_Template/Third_Party/lvgl/src/extra/others/snapshot/lv_snapshot.h","projects/03-lvgl-porting/course/Third_Party/lvgl/src/extra/others/snapshot/lv_snapshot.h","ab7c0ef7336a2383e09924d4d7eae5ffb724ce6a5df429c24000e85e99d59ec0","ab7c0ef7336a2383e09924d4d7eae5ffb724ce6a5df429c24000e85e99d59ec0","YES"
"day03/Code.7z!02_GD32_LVGL_Template/Third_Party/lvgl/src/extra/themes/basic/lv_theme_basic.c","projects/03-lvgl-porting/course/Third_Party/lvgl/src/extra/themes/basic/lv_theme_basic.c","c69e1169f5ac55e66da6f4209583c3d3862f1327a0c7fbf0bd2d1b7a723d2aef","c69e1169f5ac55e66da6f4209583c3d3862f1327a0c7fbf0bd2d1b7a723d2aef","YES"
"day03/Code.7z!02_GD32_LVGL_Template/Third_Party/lvgl/src/extra/themes/basic/lv_theme_basic.h","projects/03-lvgl-porting/course/Third_Party/lvgl/src/extra/themes/basic/lv_theme_basic.h","22324fd976d2f7cdce7eaf013d6aecd3b64411880d3fec06de5141fac9156ab2","22324fd976d2f7cdce7eaf013d6aecd3b64411880d3fec06de5141fac9156ab2","YES"
"day03/Code.7z!02_GD32_LVGL_Template/Third_Party/lvgl/src/extra/themes/default/lv_theme_default.c","projects/03-lvgl-porting/course/Third_Party/lvgl/src/extra/themes/default/lv_theme_default.c","3db0ed9be596f72aeafe402e21f9ae9359426483f25d13699b9ce69f9384f638","3db0ed9be596f72aeafe402e21f9ae9359426483f25d13699b9ce69f9384f638","YES"
"day03/Code.7z!02_GD32_LVGL_Template/Third_Party/lvgl/src/extra/themes/default/lv_theme_default.h","projects/03-lvgl-porting/course/Third_Party/lvgl/src/extra/themes/default/lv_theme_default.h","0a37f03ce292fb41a6d9494ac08533fe96c92d896990bb5d924b1f1fae645a76","0a37f03ce292fb41a6d9494ac08533fe96c92d896990bb5d924b1f1fae645a76","YES"
"day03/Code.7z!02_GD32_LVGL_Template/Third_Party/lvgl/src/extra/themes/lv_themes.h","projects/03-lvgl-porting/course/Third_Party/lvgl/src/extra/themes/lv_themes.h","816cc45e064bc5b828b1f97a2be8b04558c7b2fd44bd243b6b9a29cc74bc3ec3","816cc45e064bc5b828b1f97a2be8b04558c7b2fd44bd243b6b9a29cc74bc3ec3","YES"
"day03/Code.7z!02_GD32_LVGL_Template/Third_Party/lvgl/src/extra/themes/mono/lv_theme_mono.c","projects/03-lvgl-porting/course/Third_Party/lvgl/src/extra/themes/mono/lv_theme_mono.c","413b11c8c51dd9ba5d82cb52d261e9d5b1b7411d16c1ca882a47b077e84cf01d","413b11c8c51dd9ba5d82cb52d261e9d5b1b7411d16c1ca882a47b077e84cf01d","YES"
"day03/Code.7z!02_GD32_LVGL_Template/Third_Party/lvgl/src/extra/themes/mono/lv_theme_mono.h","projects/03-lvgl-porting/course/Third_Party/lvgl/src/extra/themes/mono/lv_theme_mono.h","a60ad7fe77b385c303c97b99a2b88c54624cac82e73bf59ad337a3a3f0f730bc","a60ad7fe77b385c303c97b99a2b88c54624cac82e73bf59ad337a3a3f0f730bc","YES"
"day03/Code.7z!02_GD32_LVGL_Template/Third_Party/lvgl/src/extra/widgets/animimg/lv_animimg.c","projects/03-lvgl-porting/course/Third_Party/lvgl/src/extra/widgets/animimg/lv_animimg.c","1868187f621163969c5c508d5b08a92f17cacaf25460208d29540ceaad39be98","1868187f621163969c5c508d5b08a92f17cacaf25460208d29540ceaad39be98","YES"
"day03/Code.7z!02_GD32_LVGL_Template/Third_Party/lvgl/src/extra/widgets/animimg/lv_animimg.h","projects/03-lvgl-porting/course/Third_Party/lvgl/src/extra/widgets/animimg/lv_animimg.h","6a91a483cc622afe81b982df5daaa5c184ddc52bbb19a647d501346f64c990bb","6a91a483cc622afe81b982df5daaa5c184ddc52bbb19a647d501346f64c990bb","YES"
"day03/Code.7z!02_GD32_LVGL_Template/Third_Party/lvgl/src/extra/widgets/calendar/lv_calendar_header_arrow.c","projects/03-lvgl-porting/course/Third_Party/lvgl/src/extra/widgets/calendar/lv_calendar_header_arrow.c","44f67da3a84e8521d893768c853cb8ccd02ccd32893171bdd50f0c74d66451d1","44f67da3a84e8521d893768c853cb8ccd02ccd32893171bdd50f0c74d66451d1","YES"
"day03/Code.7z!02_GD32_LVGL_Template/Third_Party/lvgl/src/extra/widgets/calendar/lv_calendar_header_arrow.h","projects/03-lvgl-porting/course/Third_Party/lvgl/src/extra/widgets/calendar/lv_calendar_header_arrow.h","bd131ba8a4660c2a07b87342625beb09c183f3f8e5956dea849ccc60113cf0dd","bd131ba8a4660c2a07b87342625beb09c183f3f8e5956dea849ccc60113cf0dd","YES"
"day03/Code.7z!02_GD32_LVGL_Template/Third_Party/lvgl/src/extra/widgets/calendar/lv_calendar_header_dropdown.c","projects/03-lvgl-porting/course/Third_Party/lvgl/src/extra/widgets/calendar/lv_calendar_header_dropdown.c","327c32387afb766656a5b0a68e8180cddde6f60e691abd98dddfee8355f8c7a5","327c32387afb766656a5b0a68e8180cddde6f60e691abd98dddfee8355f8c7a5","YES"
"day03/Code.7z!02_GD32_LVGL_Template/Third_Party/lvgl/src/extra/widgets/calendar/lv_calendar_header_dropdown.h","projects/03-lvgl-porting/course/Third_Party/lvgl/src/extra/widgets/calendar/lv_calendar_header_dropdown.h","1eed6b8cc71588c7129f16880304eabfa9f855fdc55e6ac8f7bb422e9b47bd59","1eed6b8cc71588c7129f16880304eabfa9f855fdc55e6ac8f7bb422e9b47bd59","YES"
"day03/Code.7z!02_GD32_LVGL_Template/Third_Party/lvgl/src/extra/widgets/calendar/lv_calendar.c","projects/03-lvgl-porting/course/Third_Party/lvgl/src/extra/widgets/calendar/lv_calendar.c","60cfac162cb55fb32cc411446b11d713b90899c3a789d49ef600dc965d892684","60cfac162cb55fb32cc411446b11d713b90899c3a789d49ef600dc965d892684","YES"
"day03/Code.7z!02_GD32_LVGL_Template/Third_Party/lvgl/src/extra/widgets/calendar/lv_calendar.h","projects/03-lvgl-porting/course/Third_Party/lvgl/src/extra/widgets/calendar/lv_calendar.h","3712e3e3cbf79775d7bde60c68221f1be529c943ecf70a35f7108d0504735a18","3712e3e3cbf79775d7bde60c68221f1be529c943ecf70a35f7108d0504735a18","YES"
"day03/Code.7z!02_GD32_LVGL_Template/Third_Party/lvgl/src/extra/widgets/chart/lv_chart.c","projects/03-lvgl-porting/course/Third_Party/lvgl/src/extra/widgets/chart/lv_chart.c","f126181c74319efc0b258e898c722b4457cb524b32b30c7ce848e5a86ac607c5","f126181c74319efc0b258e898c722b4457cb524b32b30c7ce848e5a86ac607c5","YES"
"day03/Code.7z!02_GD32_LVGL_Template/Third_Party/lvgl/src/extra/widgets/chart/lv_chart.h","projects/03-lvgl-porting/course/Third_Party/lvgl/src/extra/widgets/chart/lv_chart.h","2ec992d7a0055aaaa82d29f110bf60c400c0c9692eede8c6e385ae869857ee37","2ec992d7a0055aaaa82d29f110bf60c400c0c9692eede8c6e385ae869857ee37","YES"
"day03/Code.7z!02_GD32_LVGL_Template/Third_Party/lvgl/src/extra/widgets/colorwheel/lv_colorwheel.c","projects/03-lvgl-porting/course/Third_Party/lvgl/src/extra/widgets/colorwheel/lv_colorwheel.c","a57caedf5060d08bf88904ceeb7fa6e22cf196ad4fc33be376a11f0044e704ba","a57caedf5060d08bf88904ceeb7fa6e22cf196ad4fc33be376a11f0044e704ba","YES"
"day03/Code.7z!02_GD32_LVGL_Template/Third_Party/lvgl/src/extra/widgets/colorwheel/lv_colorwheel.h","projects/03-lvgl-porting/course/Third_Party/lvgl/src/extra/widgets/colorwheel/lv_colorwheel.h","676b899fff4c21e0f798d828c554eecec6b23ed8614f72a6744b5ec3b2533e7b","676b899fff4c21e0f798d828c554eecec6b23ed8614f72a6744b5ec3b2533e7b","YES"
"day03/Code.7z!02_GD32_LVGL_Template/Third_Party/lvgl/src/extra/widgets/imgbtn/lv_imgbtn.c","projects/03-lvgl-porting/course/Third_Party/lvgl/src/extra/widgets/imgbtn/lv_imgbtn.c","759cc19ea43a102d9143ceebfb76c5dfd28568d6de8f97635ddae99c3a9125b3","759cc19ea43a102d9143ceebfb76c5dfd28568d6de8f97635ddae99c3a9125b3","YES"
"day03/Code.7z!02_GD32_LVGL_Template/Third_Party/lvgl/src/extra/widgets/imgbtn/lv_imgbtn.h","projects/03-lvgl-porting/course/Third_Party/lvgl/src/extra/widgets/imgbtn/lv_imgbtn.h","69c5dad9d4b279b2284af45c5a2bbc25768ad692275b8eba0f39d5315c8c514f","69c5dad9d4b279b2284af45c5a2bbc25768ad692275b8eba0f39d5315c8c514f","YES"
"day03/Code.7z!02_GD32_LVGL_Template/Third_Party/lvgl/src/extra/widgets/keyboard/lv_keyboard.c","projects/03-lvgl-porting/course/Third_Party/lvgl/src/extra/widgets/keyboard/lv_keyboard.c","8b49b3c48aec70ea4d5de05921b8acaaea3a57327a32d1174fde919647bbf121","8b49b3c48aec70ea4d5de05921b8acaaea3a57327a32d1174fde919647bbf121","YES"
"day03/Code.7z!02_GD32_LVGL_Template/Third_Party/lvgl/src/extra/widgets/keyboard/lv_keyboard.h","projects/03-lvgl-porting/course/Third_Party/lvgl/src/extra/widgets/keyboard/lv_keyboard.h","fc63985a37a611065d51fc523b688aafe5a725acddaf195c7980fb53108e7947","fc63985a37a611065d51fc523b688aafe5a725acddaf195c7980fb53108e7947","YES"
"day03/Code.7z!02_GD32_LVGL_Template/Third_Party/lvgl/src/extra/widgets/led/lv_led.c","projects/03-lvgl-porting/course/Third_Party/lvgl/src/extra/widgets/led/lv_led.c","7a7c2ce1a47f647e844525507e911f833715c54e46188d77b4d54fda862745ec","7a7c2ce1a47f647e844525507e911f833715c54e46188d77b4d54fda862745ec","YES"
"day03/Code.7z!02_GD32_LVGL_Template/Third_Party/lvgl/src/extra/widgets/led/lv_led.h","projects/03-lvgl-porting/course/Third_Party/lvgl/src/extra/widgets/led/lv_led.h","b693261dbf41e184166a948de9415f578cca226dab664d9fe63c8b9898581a41","b693261dbf41e184166a948de9415f578cca226dab664d9fe63c8b9898581a41","YES"
"day03/Code.7z!02_GD32_LVGL_Template/Third_Party/lvgl/src/extra/widgets/list/lv_list.c","projects/03-lvgl-porting/course/Third_Party/lvgl/src/extra/widgets/list/lv_list.c","88f6a9ba599a29e8b4ae854876f307974059769b40508679825d0b1278d0a144","88f6a9ba599a29e8b4ae854876f307974059769b40508679825d0b1278d0a144","YES"
"day03/Code.7z!02_GD32_LVGL_Template/Third_Party/lvgl/src/extra/widgets/list/lv_list.h","projects/03-lvgl-porting/course/Third_Party/lvgl/src/extra/widgets/list/lv_list.h","bc4d9ab84c9b1326775461e68ce575c1a4c1199ec4eed2e44ff5d25d228d696a","bc4d9ab84c9b1326775461e68ce575c1a4c1199ec4eed2e44ff5d25d228d696a","YES"
"day03/Code.7z!02_GD32_LVGL_Template/Third_Party/lvgl/src/extra/widgets/lv_widgets.h","projects/03-lvgl-porting/course/Third_Party/lvgl/src/extra/widgets/lv_widgets.h","c43f5f1e085f572b7c11f2f9a061e5fc1a19614e82f7999469d7b4f1e5005634","c43f5f1e085f572b7c11f2f9a061e5fc1a19614e82f7999469d7b4f1e5005634","YES"
"day03/Code.7z!02_GD32_LVGL_Template/Third_Party/lvgl/src/extra/widgets/menu/lv_menu.c","projects/03-lvgl-porting/course/Third_Party/lvgl/src/extra/widgets/menu/lv_menu.c","1d9bdf9be01093315a9efd19e79fb7f6f695b3c32d0d63a9083f8044bac3ff88","1d9bdf9be01093315a9efd19e79fb7f6f695b3c32d0d63a9083f8044bac3ff88","YES"
"day03/Code.7z!02_GD32_LVGL_Template/Third_Party/lvgl/src/extra/widgets/menu/lv_menu.h","projects/03-lvgl-porting/course/Third_Party/lvgl/src/extra/widgets/menu/lv_menu.h","4a54f55e99ddd59ff5e22a0c997cc30723f0fe2911d2f538450eb72b49f7c94f","4a54f55e99ddd59ff5e22a0c997cc30723f0fe2911d2f538450eb72b49f7c94f","YES"
"day03/Code.7z!02_GD32_LVGL_Template/Third_Party/lvgl/src/extra/widgets/meter/lv_meter.c","projects/03-lvgl-porting/course/Third_Party/lvgl/src/extra/widgets/meter/lv_meter.c","a59ebdf418c7fc16896283f5624667d10b0b7293113238df0a30cd5a6cc98121","a59ebdf418c7fc16896283f5624667d10b0b7293113238df0a30cd5a6cc98121","YES"
"day03/Code.7z!02_GD32_LVGL_Template/Third_Party/lvgl/src/extra/widgets/meter/lv_meter.h","projects/03-lvgl-porting/course/Third_Party/lvgl/src/extra/widgets/meter/lv_meter.h","17a20f6b6e9ad37b00490112b01702cdbe68eaa2b4ecb7aafddfed30f6df913a","17a20f6b6e9ad37b00490112b01702cdbe68eaa2b4ecb7aafddfed30f6df913a","YES"
"day03/Code.7z!02_GD32_LVGL_Template/Third_Party/lvgl/src/extra/widgets/msgbox/lv_msgbox.c","projects/03-lvgl-porting/course/Third_Party/lvgl/src/extra/widgets/msgbox/lv_msgbox.c","0e8504debd8881cf4bea717160b4eefe821ca31f35391a8450e8829cd95c09db","0e8504debd8881cf4bea717160b4eefe821ca31f35391a8450e8829cd95c09db","YES"
"day03/Code.7z!02_GD32_LVGL_Template/Third_Party/lvgl/src/extra/widgets/msgbox/lv_msgbox.h","projects/03-lvgl-porting/course/Third_Party/lvgl/src/extra/widgets/msgbox/lv_msgbox.h","a50dda137cbcd84b7a34d86fa00a84c0a9b85afc17c553cf6472dc2310715528","a50dda137cbcd84b7a34d86fa00a84c0a9b85afc17c553cf6472dc2310715528","YES"
"day03/Code.7z!02_GD32_LVGL_Template/Third_Party/lvgl/src/extra/widgets/span/lv_span.c","projects/03-lvgl-porting/course/Third_Party/lvgl/src/extra/widgets/span/lv_span.c","4fc9da9c70c9bde0350c9f4ce6328958b8726815e789d80db5f82aafcb549716","4fc9da9c70c9bde0350c9f4ce6328958b8726815e789d80db5f82aafcb549716","YES"
"day03/Code.7z!02_GD32_LVGL_Template/Third_Party/lvgl/src/extra/widgets/span/lv_span.h","projects/03-lvgl-porting/course/Third_Party/lvgl/src/extra/widgets/span/lv_span.h","ebd64e056662da901097a4b88c8f6098871ac8118a00f9953e66f4a994e7a6fa","ebd64e056662da901097a4b88c8f6098871ac8118a00f9953e66f4a994e7a6fa","YES"
"day03/Code.7z!02_GD32_LVGL_Template/Third_Party/lvgl/src/extra/widgets/spinbox/lv_spinbox.c","projects/03-lvgl-porting/course/Third_Party/lvgl/src/extra/widgets/spinbox/lv_spinbox.c","0109c88f9f53467d7364eb3fa4c903690ed345438aa527fc3acdd5e810b9b0c4","0109c88f9f53467d7364eb3fa4c903690ed345438aa527fc3acdd5e810b9b0c4","YES"
"day03/Code.7z!02_GD32_LVGL_Template/Third_Party/lvgl/src/extra/widgets/spinbox/lv_spinbox.h","projects/03-lvgl-porting/course/Third_Party/lvgl/src/extra/widgets/spinbox/lv_spinbox.h","803320448674253779bfb5930f81f9289bfbe41d00572e0724ca8054ceb7c659","803320448674253779bfb5930f81f9289bfbe41d00572e0724ca8054ceb7c659","YES"
"day03/Code.7z!02_GD32_LVGL_Template/Third_Party/lvgl/src/extra/widgets/spinner/lv_spinner.c","projects/03-lvgl-porting/course/Third_Party/lvgl/src/extra/widgets/spinner/lv_spinner.c","9b9829f3f14c345fa245c976f0fede94fbedfd1a79642ce60ced0018d14ffa7e","9b9829f3f14c345fa245c976f0fede94fbedfd1a79642ce60ced0018d14ffa7e","YES"
"day03/Code.7z!02_GD32_LVGL_Template/Third_Party/lvgl/src/extra/widgets/spinner/lv_spinner.h","projects/03-lvgl-porting/course/Third_Party/lvgl/src/extra/widgets/spinner/lv_spinner.h","978fa12fa473abc96456de30bcf3564adf9fad691fea1d86a8ec0d044c9a1930","978fa12fa473abc96456de30bcf3564adf9fad691fea1d86a8ec0d044c9a1930","YES"
"day03/Code.7z!02_GD32_LVGL_Template/Third_Party/lvgl/src/extra/widgets/tabview/lv_tabview.c","projects/03-lvgl-porting/course/Third_Party/lvgl/src/extra/widgets/tabview/lv_tabview.c","f6c96d4f1da9408cb7979e886fd3cfed3dc00cb1d28cd24bd67bf11f72a8ad61","f6c96d4f1da9408cb7979e886fd3cfed3dc00cb1d28cd24bd67bf11f72a8ad61","YES"
"day03/Code.7z!02_GD32_LVGL_Template/Third_Party/lvgl/src/extra/widgets/tabview/lv_tabview.h","projects/03-lvgl-porting/course/Third_Party/lvgl/src/extra/widgets/tabview/lv_tabview.h","aeb30ab101f0fd0bdbb48472054d1cd4c7fbfbfa6bbf83d5c3066348fc708919","aeb30ab101f0fd0bdbb48472054d1cd4c7fbfbfa6bbf83d5c3066348fc708919","YES"
"day03/Code.7z!02_GD32_LVGL_Template/Third_Party/lvgl/src/extra/widgets/tileview/lv_tileview.c","projects/03-lvgl-porting/course/Third_Party/lvgl/src/extra/widgets/tileview/lv_tileview.c","4308638c69852ab22f7a5e18537e79014add33ae905c941039e9649f067ac47d","4308638c69852ab22f7a5e18537e79014add33ae905c941039e9649f067ac47d","YES"
"day03/Code.7z!02_GD32_LVGL_Template/Third_Party/lvgl/src/extra/widgets/tileview/lv_tileview.h","projects/03-lvgl-porting/course/Third_Party/lvgl/src/extra/widgets/tileview/lv_tileview.h","d8d5a711989a89b0faa07f574f45180b3f9dfe0460b9ceafe6ece66f86cb3554","d8d5a711989a89b0faa07f574f45180b3f9dfe0460b9ceafe6ece66f86cb3554","YES"
"day03/Code.7z!02_GD32_LVGL_Template/Third_Party/lvgl/src/extra/widgets/win/lv_win.c","projects/03-lvgl-porting/course/Third_Party/lvgl/src/extra/widgets/win/lv_win.c","cd2d7b4e00fa3ed153ecc643694bf7d570dca31d75dced806339092a4234e506","cd2d7b4e00fa3ed153ecc643694bf7d570dca31d75dced806339092a4234e506","YES"
"day03/Code.7z!02_GD32_LVGL_Template/Third_Party/lvgl/src/extra/widgets/win/lv_win.h","projects/03-lvgl-porting/course/Third_Party/lvgl/src/extra/widgets/win/lv_win.h","c2641208ea99475c1e2fff0a04a654a73737ad586de8f65cef710a7de792cda1","c2641208ea99475c1e2fff0a04a654a73737ad586de8f65cef710a7de792cda1","YES"
"day03/Code.7z!02_GD32_LVGL_Template/Third_Party/lvgl/src/font/lv_font_fmt_txt.c","projects/03-lvgl-porting/course/Third_Party/lvgl/src/font/lv_font_fmt_txt.c","310ec9757ce6e5196a9246b4aa7d8e6a0209c89dc8c07c34f6209efdc7443a72","310ec9757ce6e5196a9246b4aa7d8e6a0209c89dc8c07c34f6209efdc7443a72","YES"
"day03/Code.7z!02_GD32_LVGL_Template/Third_Party/lvgl/src/font/lv_font_fmt_txt.h","projects/03-lvgl-porting/course/Third_Party/lvgl/src/font/lv_font_fmt_txt.h","da8a92d80c1aec21330efb5cbc8b2ca7576436fb7bb5c139ce6d3bbe8879d4e5","da8a92d80c1aec21330efb5cbc8b2ca7576436fb7bb5c139ce6d3bbe8879d4e5","YES"
"day03/Code.7z!02_GD32_LVGL_Template/Third_Party/lvgl/src/font/lv_font_loader.c","projects/03-lvgl-porting/course/Third_Party/lvgl/src/font/lv_font_loader.c","6d4f12094fa8cf93971e58f69ce4d11e90071c45cd5293c127e3bcbbbd222b09","6d4f12094fa8cf93971e58f69ce4d11e90071c45cd5293c127e3bcbbbd222b09","YES"
"day03/Code.7z!02_GD32_LVGL_Template/Third_Party/lvgl/src/font/lv_font_loader.h","projects/03-lvgl-porting/course/Third_Party/lvgl/src/font/lv_font_loader.h","96fa281420d31e2ffcf04218311716cb1139e41b0bf75c3c930e183fb93f4362","96fa281420d31e2ffcf04218311716cb1139e41b0bf75c3c930e183fb93f4362","YES"
"day03/Code.7z!02_GD32_LVGL_Template/Third_Party/lvgl/src/font/lv_font_unscii_16.c","projects/03-lvgl-porting/course/Third_Party/lvgl/src/font/lv_font_unscii_16.c","a289c5d007b5796baf5301a521079a66498978815f7c2655db1be8c5bb830dda","a289c5d007b5796baf5301a521079a66498978815f7c2655db1be8c5bb830dda","YES"
"day03/Code.7z!02_GD32_LVGL_Template/Third_Party/lvgl/src/font/lv_font_unscii_8.c","projects/03-lvgl-porting/course/Third_Party/lvgl/src/font/lv_font_unscii_8.c","e158311736de6bbf90b4e513ee0f586a113798ec69feca49ecf1220b491c9c56","e158311736de6bbf90b4e513ee0f586a113798ec69feca49ecf1220b491c9c56","YES"
"day03/Code.7z!02_GD32_LVGL_Template/Third_Party/lvgl/src/font/lv_font.c","projects/03-lvgl-porting/course/Third_Party/lvgl/src/font/lv_font.c","5289eb2923c4f7a947b2d8a9fb7a7398f9acd01ebbd2297e048cb1dd39d2a20e","5289eb2923c4f7a947b2d8a9fb7a7398f9acd01ebbd2297e048cb1dd39d2a20e","YES"
"day03/Code.7z!02_GD32_LVGL_Template/Third_Party/lvgl/src/font/lv_font.h","projects/03-lvgl-porting/course/Third_Party/lvgl/src/font/lv_font.h","1c29529613fc27d8b72d21016b1298ff828ea098069319beb60cb3c6ed90a982","1c29529613fc27d8b72d21016b1298ff828ea098069319beb60cb3c6ed90a982","YES"
"day03/Code.7z!02_GD32_LVGL_Template/Third_Party/lvgl/src/font/lv_font.mk","projects/03-lvgl-porting/course/Third_Party/lvgl/src/font/lv_font.mk","350ff0e74e814cc6a12759f94741fa8aad50629e72ad8d9707c156f4d67acfd1","350ff0e74e814cc6a12759f94741fa8aad50629e72ad8d9707c156f4d67acfd1","YES"
"day03/Code.7z!02_GD32_LVGL_Template/Third_Party/lvgl/src/font/lv_symbol_def.h","projects/03-lvgl-porting/course/Third_Party/lvgl/src/font/lv_symbol_def.h","e17a46adbf17e5f1a3ae9701c10c9fceb6c692a20755eac6c4a8bf5341f3521d","e17a46adbf17e5f1a3ae9701c10c9fceb6c692a20755eac6c4a8bf5341f3521d","YES"
"day03/Code.7z!02_GD32_LVGL_Template/Third_Party/lvgl/src/hal/lv_hal_disp.c","projects/03-lvgl-porting/course/Third_Party/lvgl/src/hal/lv_hal_disp.c","042607aab514f55fc69e54bb6c02187ead284cd8bb13e686fe11635c7b14c0d5","042607aab514f55fc69e54bb6c02187ead284cd8bb13e686fe11635c7b14c0d5","YES"
"day03/Code.7z!02_GD32_LVGL_Template/Third_Party/lvgl/src/hal/lv_hal_disp.h","projects/03-lvgl-porting/course/Third_Party/lvgl/src/hal/lv_hal_disp.h","75a11947fab461d80e1b08f47883cd9f5fe15d2c1c42b7408b0339d5f96a9469","75a11947fab461d80e1b08f47883cd9f5fe15d2c1c42b7408b0339d5f96a9469","YES"
"day03/Code.7z!02_GD32_LVGL_Template/Third_Party/lvgl/src/hal/lv_hal_indev.c","projects/03-lvgl-porting/course/Third_Party/lvgl/src/hal/lv_hal_indev.c","1cacaaf4933e0777ef8ef71578dc6680b4f7bea129cd3823224da99d609ac99d","1cacaaf4933e0777ef8ef71578dc6680b4f7bea129cd3823224da99d609ac99d","YES"
"day03/Code.7z!02_GD32_LVGL_Template/Third_Party/lvgl/src/hal/lv_hal_indev.h","projects/03-lvgl-porting/course/Third_Party/lvgl/src/hal/lv_hal_indev.h","5f71df9d70292a8d816f0ac4a57cd4069e7522e3e70f3348816271c2f079b400","5f71df9d70292a8d816f0ac4a57cd4069e7522e3e70f3348816271c2f079b400","YES"
"day03/Code.7z!02_GD32_LVGL_Template/Third_Party/lvgl/src/hal/lv_hal_tick.c","projects/03-lvgl-porting/course/Third_Party/lvgl/src/hal/lv_hal_tick.c","45dc1fc8486561994d4e7e09a06faeede0edb576788bc32b8908ae0dcd6daec3","45dc1fc8486561994d4e7e09a06faeede0edb576788bc32b8908ae0dcd6daec3","YES"
"day03/Code.7z!02_GD32_LVGL_Template/Third_Party/lvgl/src/hal/lv_hal_tick.h","projects/03-lvgl-porting/course/Third_Party/lvgl/src/hal/lv_hal_tick.h","9b8de58e1af3899a34745d986da35805501e6e3790deeafef0a2f02bd234ebbc","9b8de58e1af3899a34745d986da35805501e6e3790deeafef0a2f02bd234ebbc","YES"
"day03/Code.7z!02_GD32_LVGL_Template/Third_Party/lvgl/src/hal/lv_hal.h","projects/03-lvgl-porting/course/Third_Party/lvgl/src/hal/lv_hal.h","231945a3c4ba8a6b94960d993a50912f39efe5ae6e892bfe2671f180fc021462","231945a3c4ba8a6b94960d993a50912f39efe5ae6e892bfe2671f180fc021462","YES"
"day03/Code.7z!02_GD32_LVGL_Template/Third_Party/lvgl/src/hal/lv_hal.mk","projects/03-lvgl-porting/course/Third_Party/lvgl/src/hal/lv_hal.mk","eff6f3bf7bea05c20deace70258cd579752961353d6456ff2aa18f61b1268e50","eff6f3bf7bea05c20deace70258cd579752961353d6456ff2aa18f61b1268e50","YES"
"day03/Code.7z!02_GD32_LVGL_Template/Third_Party/lvgl/src/lv_api_map.h","projects/03-lvgl-porting/course/Third_Party/lvgl/src/lv_api_map.h","24e2b845f46c78ff12adcacb438fa17dbab9ccb734fdd0e577d9f80cec366b47","24e2b845f46c78ff12adcacb438fa17dbab9ccb734fdd0e577d9f80cec366b47","YES"
"day03/Code.7z!02_GD32_LVGL_Template/Third_Party/lvgl/src/lv_conf_internal.h","projects/03-lvgl-porting/course/Third_Party/lvgl/src/lv_conf_internal.h","87bd94e9f27939b1feee45b2a5f022654f96b9394d53cd1833f2f3d438e7ca5f","87bd94e9f27939b1feee45b2a5f022654f96b9394d53cd1833f2f3d438e7ca5f","YES"
"day03/Code.7z!02_GD32_LVGL_Template/Third_Party/lvgl/src/lv_conf_kconfig.h","projects/03-lvgl-porting/course/Third_Party/lvgl/src/lv_conf_kconfig.h","d7419d46f8a45156f7cc3fc3bf3bf7c399de98e3b78003e84d49443913b7c15c","d7419d46f8a45156f7cc3fc3bf3bf7c399de98e3b78003e84d49443913b7c15c","YES"
"day03/Code.7z!02_GD32_LVGL_Template/Third_Party/lvgl/src/lvgl.h","projects/03-lvgl-porting/course/Third_Party/lvgl/src/lvgl.h","68f18aa6f024c7aa88d32061fee5e620dbcee527e251454db34acd9438517465","68f18aa6f024c7aa88d32061fee5e620dbcee527e251454db34acd9438517465","YES"
"day03/Code.7z!02_GD32_LVGL_Template/Third_Party/lvgl/src/misc/lv_anim_timeline.c","projects/03-lvgl-porting/course/Third_Party/lvgl/src/misc/lv_anim_timeline.c","b32a4817ed58834373d8b1f4da6710d8156702e95b6a3121e2b793074d93fbc5","b32a4817ed58834373d8b1f4da6710d8156702e95b6a3121e2b793074d93fbc5","YES"
"day03/Code.7z!02_GD32_LVGL_Template/Third_Party/lvgl/src/misc/lv_anim_timeline.h","projects/03-lvgl-porting/course/Third_Party/lvgl/src/misc/lv_anim_timeline.h","4efd064cc64bd1b49a697719e6804250b93f22f45b2f8afb0e9ca76b7176a5f6","4efd064cc64bd1b49a697719e6804250b93f22f45b2f8afb0e9ca76b7176a5f6","YES"
"day03/Code.7z!02_GD32_LVGL_Template/Third_Party/lvgl/src/misc/lv_anim.c","projects/03-lvgl-porting/course/Third_Party/lvgl/src/misc/lv_anim.c","f02e19ea08d3474d61893d651b21fee7ee4286979769eacc3b8abdc1c099f408","f02e19ea08d3474d61893d651b21fee7ee4286979769eacc3b8abdc1c099f408","YES"
"day03/Code.7z!02_GD32_LVGL_Template/Third_Party/lvgl/src/misc/lv_anim.h","projects/03-lvgl-porting/course/Third_Party/lvgl/src/misc/lv_anim.h","7335cc0563f191bcf07f6a5211c4ed65cf6102c6062e1d175088fe1453e87b4d","7335cc0563f191bcf07f6a5211c4ed65cf6102c6062e1d175088fe1453e87b4d","YES"
"day03/Code.7z!02_GD32_LVGL_Template/Third_Party/lvgl/src/misc/lv_area.c","projects/03-lvgl-porting/course/Third_Party/lvgl/src/misc/lv_area.c","a0e1332853e1f595fb7e052050d4320e263ebe965df5ed88d2993212aba91cee","a0e1332853e1f595fb7e052050d4320e263ebe965df5ed88d2993212aba91cee","YES"
"day03/Code.7z!02_GD32_LVGL_Template/Third_Party/lvgl/src/misc/lv_area.h","projects/03-lvgl-porting/course/Third_Party/lvgl/src/misc/lv_area.h","b5acddf9c0e2bc4cf09f78b8442c50de34a4ece0750a465a10ef6b698e2ef769","b5acddf9c0e2bc4cf09f78b8442c50de34a4ece0750a465a10ef6b698e2ef769","YES"
"day03/Code.7z!02_GD32_LVGL_Template/Third_Party/lvgl/src/misc/lv_assert.h","projects/03-lvgl-porting/course/Third_Party/lvgl/src/misc/lv_assert.h","db8794dc8de027f256895d25b900cc920e92552d5f073b47111aadcac2015e52","db8794dc8de027f256895d25b900cc920e92552d5f073b47111aadcac2015e52","YES"
"day03/Code.7z!02_GD32_LVGL_Template/Third_Party/lvgl/src/misc/lv_async.c","projects/03-lvgl-porting/course/Third_Party/lvgl/src/misc/lv_async.c","7d10fbeb87cb8918a6db488675f5ececb570794ee8dfc7e1bdc2e0e91aecf552","7d10fbeb87cb8918a6db488675f5ececb570794ee8dfc7e1bdc2e0e91aecf552","YES"
"day03/Code.7z!02_GD32_LVGL_Template/Third_Party/lvgl/src/misc/lv_async.h","projects/03-lvgl-porting/course/Third_Party/lvgl/src/misc/lv_async.h","fd2de00ca9b113d487ba291fa0870c2f9cc09017c0c5431e7f99c70664b0883f","fd2de00ca9b113d487ba291fa0870c2f9cc09017c0c5431e7f99c70664b0883f","YES"
"day03/Code.7z!02_GD32_LVGL_Template/Third_Party/lvgl/src/misc/lv_bidi.c","projects/03-lvgl-porting/course/Third_Party/lvgl/src/misc/lv_bidi.c","a6f2dceda498358fe9cb797d4647b41b80d9ab0162113e656f822f029487d7ca","a6f2dceda498358fe9cb797d4647b41b80d9ab0162113e656f822f029487d7ca","YES"
"day03/Code.7z!02_GD32_LVGL_Template/Third_Party/lvgl/src/misc/lv_bidi.h","projects/03-lvgl-porting/course/Third_Party/lvgl/src/misc/lv_bidi.h","41aa79435ddad5521e9d5fb4aa2058069d48431c0dace98ddfdcdbd0373edad8","41aa79435ddad5521e9d5fb4aa2058069d48431c0dace98ddfdcdbd0373edad8","YES"
"day03/Code.7z!02_GD32_LVGL_Template/Third_Party/lvgl/src/misc/lv_color.c","projects/03-lvgl-porting/course/Third_Party/lvgl/src/misc/lv_color.c","e49eeebc2e3e85d5b48e44772a5c9adcdf4f69472ae0014b207cb614775c55ec","e49eeebc2e3e85d5b48e44772a5c9adcdf4f69472ae0014b207cb614775c55ec","YES"
"day03/Code.7z!02_GD32_LVGL_Template/Third_Party/lvgl/src/misc/lv_color.h","projects/03-lvgl-porting/course/Third_Party/lvgl/src/misc/lv_color.h","7b7ef976bb4fa02449b211b657fa971dbfc550faa0cfbebaf08136078151fbcc","7b7ef976bb4fa02449b211b657fa971dbfc550faa0cfbebaf08136078151fbcc","YES"
"day03/Code.7z!02_GD32_LVGL_Template/Third_Party/lvgl/src/misc/lv_fs.c","projects/03-lvgl-porting/course/Third_Party/lvgl/src/misc/lv_fs.c","d6df7c889ce372f8396b601eb919cf372973e1a508f71ddbd5d812c9f10caba9","d6df7c889ce372f8396b601eb919cf372973e1a508f71ddbd5d812c9f10caba9","YES"
"day03/Code.7z!02_GD32_LVGL_Template/Third_Party/lvgl/src/misc/lv_fs.h","projects/03-lvgl-porting/course/Third_Party/lvgl/src/misc/lv_fs.h","8bfd04a93f2f360adb50702588931555006ac78095d5c74c32bd865ab0709d07","8bfd04a93f2f360adb50702588931555006ac78095d5c74c32bd865ab0709d07","YES"
"day03/Code.7z!02_GD32_LVGL_Template/Third_Party/lvgl/src/misc/lv_gc.c","projects/03-lvgl-porting/course/Third_Party/lvgl/src/misc/lv_gc.c","61f35daaec0a2770c978e8dd35028f040693b569c6d3418b8cefa4a2716fa82d","61f35daaec0a2770c978e8dd35028f040693b569c6d3418b8cefa4a2716fa82d","YES"
"day03/Code.7z!02_GD32_LVGL_Template/Third_Party/lvgl/src/misc/lv_gc.h","projects/03-lvgl-porting/course/Third_Party/lvgl/src/misc/lv_gc.h","f1b5419a1fac85d533f44c85de7a87ed1bdcd5df4223f2d4c2f04dae6a6a8879","f1b5419a1fac85d533f44c85de7a87ed1bdcd5df4223f2d4c2f04dae6a6a8879","YES"
"day03/Code.7z!02_GD32_LVGL_Template/Third_Party/lvgl/src/misc/lv_ll.c","projects/03-lvgl-porting/course/Third_Party/lvgl/src/misc/lv_ll.c","0b958b85b44e176075ebb164e22546a61003ef5f3587cea20face78a563b37fe","0b958b85b44e176075ebb164e22546a61003ef5f3587cea20face78a563b37fe","YES"
"day03/Code.7z!02_GD32_LVGL_Template/Third_Party/lvgl/src/misc/lv_ll.h","projects/03-lvgl-porting/course/Third_Party/lvgl/src/misc/lv_ll.h","22465ed3ceb42a354278c576cc22162232ef93448efbf5f22542284b1e77d135","22465ed3ceb42a354278c576cc22162232ef93448efbf5f22542284b1e77d135","YES"
"day03/Code.7z!02_GD32_LVGL_Template/Third_Party/lvgl/src/misc/lv_log.c","projects/03-lvgl-porting/course/Third_Party/lvgl/src/misc/lv_log.c","e2ff38631c20cb63a05353d8e254bfc2ab273dd921c392f00cdaa7fb06935c5b","e2ff38631c20cb63a05353d8e254bfc2ab273dd921c392f00cdaa7fb06935c5b","YES"
"day03/Code.7z!02_GD32_LVGL_Template/Third_Party/lvgl/src/misc/lv_log.h","projects/03-lvgl-porting/course/Third_Party/lvgl/src/misc/lv_log.h","db295695e48285757a18ce9ec8c96b84ec022a9e85ab9121f7fb1a19f2f836ae","db295695e48285757a18ce9ec8c96b84ec022a9e85ab9121f7fb1a19f2f836ae","YES"
"day03/Code.7z!02_GD32_LVGL_Template/Third_Party/lvgl/src/misc/lv_lru.c","projects/03-lvgl-porting/course/Third_Party/lvgl/src/misc/lv_lru.c","f02d06a7a264f7dfe2f9a79cc1f970226806356bf0b652ee0a1169b0afa527c5","f02d06a7a264f7dfe2f9a79cc1f970226806356bf0b652ee0a1169b0afa527c5","YES"
"day03/Code.7z!02_GD32_LVGL_Template/Third_Party/lvgl/src/misc/lv_lru.h","projects/03-lvgl-porting/course/Third_Party/lvgl/src/misc/lv_lru.h","2dc5be3d6159f37d69c10215578a4b3afc910ef1418e8be129330dd5a755455b","2dc5be3d6159f37d69c10215578a4b3afc910ef1418e8be129330dd5a755455b","YES"
"day03/Code.7z!02_GD32_LVGL_Template/Third_Party/lvgl/src/misc/lv_math.c","projects/03-lvgl-porting/course/Third_Party/lvgl/src/misc/lv_math.c","73c06546e127e3340de267334f81f02980f6c3ca81d78d2a42786009c35bd879","73c06546e127e3340de267334f81f02980f6c3ca81d78d2a42786009c35bd879","YES"
"day03/Code.7z!02_GD32_LVGL_Template/Third_Party/lvgl/src/misc/lv_math.h","projects/03-lvgl-porting/course/Third_Party/lvgl/src/misc/lv_math.h","309870dacdd2761f8aea36b521a3cab829a80db4cb2c49aae15ba3fa8a645362","309870dacdd2761f8aea36b521a3cab829a80db4cb2c49aae15ba3fa8a645362","YES"
"day03/Code.7z!02_GD32_LVGL_Template/Third_Party/lvgl/src/misc/lv_mem.c","projects/03-lvgl-porting/course/Third_Party/lvgl/src/misc/lv_mem.c","b0df6e8e287adf65152527777e5c78a8e877481e7a08828380f5dfb8741b30da","b0df6e8e287adf65152527777e5c78a8e877481e7a08828380f5dfb8741b30da","YES"
"day03/Code.7z!02_GD32_LVGL_Template/Third_Party/lvgl/src/misc/lv_mem.h","projects/03-lvgl-porting/course/Third_Party/lvgl/src/misc/lv_mem.h","f6ed296d6e31aff882f407920464186464a163f2f4b5b629e784322e7412defd","f6ed296d6e31aff882f407920464186464a163f2f4b5b629e784322e7412defd","YES"
"day03/Code.7z!02_GD32_LVGL_Template/Third_Party/lvgl/src/misc/lv_misc.mk","projects/03-lvgl-porting/course/Third_Party/lvgl/src/misc/lv_misc.mk","e0243baba11ab40a1bbd4446751d469b8668a7018eae41a24ef00713c553906b","e0243baba11ab40a1bbd4446751d469b8668a7018eae41a24ef00713c553906b","YES"
"day03/Code.7z!02_GD32_LVGL_Template/Third_Party/lvgl/src/misc/lv_printf.c","projects/03-lvgl-porting/course/Third_Party/lvgl/src/misc/lv_printf.c","9c282c81e9fcee59d90a3a7fee3381a08b251ca95f42d3c77e6f01612ffd8ad1","9c282c81e9fcee59d90a3a7fee3381a08b251ca95f42d3c77e6f01612ffd8ad1","YES"
"day03/Code.7z!02_GD32_LVGL_Template/Third_Party/lvgl/src/misc/lv_printf.h","projects/03-lvgl-porting/course/Third_Party/lvgl/src/misc/lv_printf.h","639b6dc6903230106561819099e4dd064a405768ff92fb6ecc9d3837c1596d36","639b6dc6903230106561819099e4dd064a405768ff92fb6ecc9d3837c1596d36","YES"
"day03/Code.7z!02_GD32_LVGL_Template/Third_Party/lvgl/src/misc/lv_style_gen.c","projects/03-lvgl-porting/course/Third_Party/lvgl/src/misc/lv_style_gen.c","337d987f4287c99fda6b24b50eba6e7461933b6597da699b230b14fa11b13e18","337d987f4287c99fda6b24b50eba6e7461933b6597da699b230b14fa11b13e18","YES"
"day03/Code.7z!02_GD32_LVGL_Template/Third_Party/lvgl/src/misc/lv_style_gen.h","projects/03-lvgl-porting/course/Third_Party/lvgl/src/misc/lv_style_gen.h","7af1f66cac668af2c55affec59bbe2b85baef2f295b41b00e724d3afd51df6ab","7af1f66cac668af2c55affec59bbe2b85baef2f295b41b00e724d3afd51df6ab","YES"
"day03/Code.7z!02_GD32_LVGL_Template/Third_Party/lvgl/src/misc/lv_style.c","projects/03-lvgl-porting/course/Third_Party/lvgl/src/misc/lv_style.c","e6f0ab02ef84d1429cb9d74396a9a57ade168f0740b2075bbffdd48e0898392f","e6f0ab02ef84d1429cb9d74396a9a57ade168f0740b2075bbffdd48e0898392f","YES"
"day03/Code.7z!02_GD32_LVGL_Template/Third_Party/lvgl/src/misc/lv_style.h","projects/03-lvgl-porting/course/Third_Party/lvgl/src/misc/lv_style.h","2edfee52db13c67e103fa9651223534189a0fcdbae3b27ce2af92a4725c2bf3b","2edfee52db13c67e103fa9651223534189a0fcdbae3b27ce2af92a4725c2bf3b","YES"
"day03/Code.7z!02_GD32_LVGL_Template/Third_Party/lvgl/src/misc/lv_templ.c","projects/03-lvgl-porting/course/Third_Party/lvgl/src/misc/lv_templ.c","40d1b3dab81753f66ebca0b6d0b3065bc92d317c3c54e1809628d666dbeff767","40d1b3dab81753f66ebca0b6d0b3065bc92d317c3c54e1809628d666dbeff767","YES"
"day03/Code.7z!02_GD32_LVGL_Template/Third_Party/lvgl/src/misc/lv_templ.h","projects/03-lvgl-porting/course/Third_Party/lvgl/src/misc/lv_templ.h","7cc6e2a787852952c13d4d42b1e9b3967bcac6c27341390a58cf470e868c30a4","7cc6e2a787852952c13d4d42b1e9b3967bcac6c27341390a58cf470e868c30a4","YES"
"day03/Code.7z!02_GD32_LVGL_Template/Third_Party/lvgl/src/misc/lv_timer.c","projects/03-lvgl-porting/course/Third_Party/lvgl/src/misc/lv_timer.c","06ff14356e1a74fc8bd5e542de142038040fe32f45eef16d01ad9f3d16e86be4","06ff14356e1a74fc8bd5e542de142038040fe32f45eef16d01ad9f3d16e86be4","YES"
"day03/Code.7z!02_GD32_LVGL_Template/Third_Party/lvgl/src/misc/lv_timer.h","projects/03-lvgl-porting/course/Third_Party/lvgl/src/misc/lv_timer.h","0d9d672b4d13580dd2dc125243cc1f00ca50ef29bfefe72b2a7c8684a561091f","0d9d672b4d13580dd2dc125243cc1f00ca50ef29bfefe72b2a7c8684a561091f","YES"
"day03/Code.7z!02_GD32_LVGL_Template/Third_Party/lvgl/src/misc/lv_tlsf.c","projects/03-lvgl-porting/course/Third_Party/lvgl/src/misc/lv_tlsf.c","6a3047103046b300ce34f52a153147838072ac003530433914b508f91ddf7f54","6a3047103046b300ce34f52a153147838072ac003530433914b508f91ddf7f54","YES"
"day03/Code.7z!02_GD32_LVGL_Template/Third_Party/lvgl/src/misc/lv_tlsf.h","projects/03-lvgl-porting/course/Third_Party/lvgl/src/misc/lv_tlsf.h","e59c01b34c9d02ceb74c86b37239f8bf98d0ec62695f290513f0164502dc1202","e59c01b34c9d02ceb74c86b37239f8bf98d0ec62695f290513f0164502dc1202","YES"
"day03/Code.7z!02_GD32_LVGL_Template/Third_Party/lvgl/src/misc/lv_txt_ap.c","projects/03-lvgl-porting/course/Third_Party/lvgl/src/misc/lv_txt_ap.c","d43b6d8d47f5ad8240e87045ecc12317542eb4014259ccddd06463d19dd8b268","d43b6d8d47f5ad8240e87045ecc12317542eb4014259ccddd06463d19dd8b268","YES"
"day03/Code.7z!02_GD32_LVGL_Template/Third_Party/lvgl/src/misc/lv_txt_ap.h","projects/03-lvgl-porting/course/Third_Party/lvgl/src/misc/lv_txt_ap.h","2e90f30ddbaba0aa765b456873671044714590518fbfcce373ce672f4cdf147c","2e90f30ddbaba0aa765b456873671044714590518fbfcce373ce672f4cdf147c","YES"
"day03/Code.7z!02_GD32_LVGL_Template/Third_Party/lvgl/src/misc/lv_txt.c","projects/03-lvgl-porting/course/Third_Party/lvgl/src/misc/lv_txt.c","54188ad584a8d3e6ebf00e256849b765696f40641ab3b071764435f903e2b4d5","54188ad584a8d3e6ebf00e256849b765696f40641ab3b071764435f903e2b4d5","YES"
"day03/Code.7z!02_GD32_LVGL_Template/Third_Party/lvgl/src/misc/lv_txt.h","projects/03-lvgl-porting/course/Third_Party/lvgl/src/misc/lv_txt.h","367f1bc02e662c011a56b7d0dc524b98a37ec2badb0d44c01a02a8f86a05d295","367f1bc02e662c011a56b7d0dc524b98a37ec2badb0d44c01a02a8f86a05d295","YES"
"day03/Code.7z!02_GD32_LVGL_Template/Third_Party/lvgl/src/misc/lv_types.h","projects/03-lvgl-porting/course/Third_Party/lvgl/src/misc/lv_types.h","0fd14eb21df4be282371536348d559a1fc3d3586775fba807d9aa66798a96b20","0fd14eb21df4be282371536348d559a1fc3d3586775fba807d9aa66798a96b20","YES"
"day03/Code.7z!02_GD32_LVGL_Template/Third_Party/lvgl/src/misc/lv_utils.c","projects/03-lvgl-porting/course/Third_Party/lvgl/src/misc/lv_utils.c","bf0bcebe789d0fea9107705ea1a346329d676c8bb232c4161654e529dc03285a","bf0bcebe789d0fea9107705ea1a346329d676c8bb232c4161654e529dc03285a","YES"
"day03/Code.7z!02_GD32_LVGL_Template/Third_Party/lvgl/src/misc/lv_utils.h","projects/03-lvgl-porting/course/Third_Party/lvgl/src/misc/lv_utils.h","92024a8c5825d28ff315bd23e8a7c3a28fafb229a869e28578756c0915a22b9b","92024a8c5825d28ff315bd23e8a7c3a28fafb229a869e28578756c0915a22b9b","YES"
"day03/Code.7z!02_GD32_LVGL_Template/Third_Party/lvgl/src/widgets/lv_arc.c","projects/03-lvgl-porting/course/Third_Party/lvgl/src/widgets/lv_arc.c","409c0b21f212fd34175118a43b1ec650d1461e38a2bf107fc61e35beb243e788","409c0b21f212fd34175118a43b1ec650d1461e38a2bf107fc61e35beb243e788","YES"
"day03/Code.7z!02_GD32_LVGL_Template/Third_Party/lvgl/src/widgets/lv_arc.h","projects/03-lvgl-porting/course/Third_Party/lvgl/src/widgets/lv_arc.h","05415a87787fa95d89ef7b631e3c18f168d4689a387d57be627efe2ca369e74a","05415a87787fa95d89ef7b631e3c18f168d4689a387d57be627efe2ca369e74a","YES"
"day03/Code.7z!02_GD32_LVGL_Template/Third_Party/lvgl/src/widgets/lv_bar.c","projects/03-lvgl-porting/course/Third_Party/lvgl/src/widgets/lv_bar.c","5a90a4d350d3f1cfcb52a7e61f61c71e7b879329d5f32d19391efa464f982c2f","5a90a4d350d3f1cfcb52a7e61f61c71e7b879329d5f32d19391efa464f982c2f","YES"
"day03/Code.7z!02_GD32_LVGL_Template/Third_Party/lvgl/src/widgets/lv_bar.h","projects/03-lvgl-porting/course/Third_Party/lvgl/src/widgets/lv_bar.h","3297f04da3682d3d4577dbcb2ea1bca3b699542e76bbc73e1e1965faee730a05","3297f04da3682d3d4577dbcb2ea1bca3b699542e76bbc73e1e1965faee730a05","YES"
"day03/Code.7z!02_GD32_LVGL_Template/Third_Party/lvgl/src/widgets/lv_btn.c","projects/03-lvgl-porting/course/Third_Party/lvgl/src/widgets/lv_btn.c","3d805612ef083f4733bf3fc9bc40afea6c10673c5ada10352c040173c26033f0","3d805612ef083f4733bf3fc9bc40afea6c10673c5ada10352c040173c26033f0","YES"
"day03/Code.7z!02_GD32_LVGL_Template/Third_Party/lvgl/src/widgets/lv_btn.h","projects/03-lvgl-porting/course/Third_Party/lvgl/src/widgets/lv_btn.h","b6a3563dd46ad6d8ba81bf2c00dccee7693dd18f0e62811e19bbff04f1566e9c","b6a3563dd46ad6d8ba81bf2c00dccee7693dd18f0e62811e19bbff04f1566e9c","YES"
"day03/Code.7z!02_GD32_LVGL_Template/Third_Party/lvgl/src/widgets/lv_btnmatrix.c","projects/03-lvgl-porting/course/Third_Party/lvgl/src/widgets/lv_btnmatrix.c","e759aafc92ed199d943e16654ac360b886e5afb8673316341eb9d0ce37c73614","e759aafc92ed199d943e16654ac360b886e5afb8673316341eb9d0ce37c73614","YES"
"day03/Code.7z!02_GD32_LVGL_Template/Third_Party/lvgl/src/widgets/lv_btnmatrix.h","projects/03-lvgl-porting/course/Third_Party/lvgl/src/widgets/lv_btnmatrix.h","1437ae0a18ead188456b6511347a4410d0eb3621e4cb5497fc6de1fc69242c61","1437ae0a18ead188456b6511347a4410d0eb3621e4cb5497fc6de1fc69242c61","YES"
"day03/Code.7z!02_GD32_LVGL_Template/Third_Party/lvgl/src/widgets/lv_canvas.c","projects/03-lvgl-porting/course/Third_Party/lvgl/src/widgets/lv_canvas.c","e7ca85e11db36a725c77af4b05752e460e88f750d2f286442336ebb81e0dcd4b","e7ca85e11db36a725c77af4b05752e460e88f750d2f286442336ebb81e0dcd4b","YES"
"day03/Code.7z!02_GD32_LVGL_Template/Third_Party/lvgl/src/widgets/lv_canvas.h","projects/03-lvgl-porting/course/Third_Party/lvgl/src/widgets/lv_canvas.h","76037adf9cda2a4716b3737e4356ecce0d8abd3a58caa466543ca6bde2a50614","76037adf9cda2a4716b3737e4356ecce0d8abd3a58caa466543ca6bde2a50614","YES"
"day03/Code.7z!02_GD32_LVGL_Template/Third_Party/lvgl/src/widgets/lv_checkbox.c","projects/03-lvgl-porting/course/Third_Party/lvgl/src/widgets/lv_checkbox.c","cd6b1c5108810673527d675bbd1f757d1e925d965b2c53d2933dc116c40c688e","cd6b1c5108810673527d675bbd1f757d1e925d965b2c53d2933dc116c40c688e","YES"
"day03/Code.7z!02_GD32_LVGL_Template/Third_Party/lvgl/src/widgets/lv_checkbox.h","projects/03-lvgl-porting/course/Third_Party/lvgl/src/widgets/lv_checkbox.h","fc9003bdaa0ad8da8d6fc4bbe44df2f797bf5b3176b5c002b11fd44af4b596a4","fc9003bdaa0ad8da8d6fc4bbe44df2f797bf5b3176b5c002b11fd44af4b596a4","YES"
"day03/Code.7z!02_GD32_LVGL_Template/Third_Party/lvgl/src/widgets/lv_dropdown.c","projects/03-lvgl-porting/course/Third_Party/lvgl/src/widgets/lv_dropdown.c","676c1029009fcb202c53c22285c9dad1342412a40062f9a5168add04b67290bd","676c1029009fcb202c53c22285c9dad1342412a40062f9a5168add04b67290bd","YES"
"day03/Code.7z!02_GD32_LVGL_Template/Third_Party/lvgl/src/widgets/lv_dropdown.h","projects/03-lvgl-porting/course/Third_Party/lvgl/src/widgets/lv_dropdown.h","627f7d9d24b18190689145224c3f88e835cc26312f93bc5511e332b4c7a48bbe","627f7d9d24b18190689145224c3f88e835cc26312f93bc5511e332b4c7a48bbe","YES"
"day03/Code.7z!02_GD32_LVGL_Template/Third_Party/lvgl/src/widgets/lv_img.c","projects/03-lvgl-porting/course/Third_Party/lvgl/src/widgets/lv_img.c","1811f38b3e94a14ed7e76ddf3f52dc0047e6a3ba4539fbacba6e4799e5ca3d60","1811f38b3e94a14ed7e76ddf3f52dc0047e6a3ba4539fbacba6e4799e5ca3d60","YES"
"day03/Code.7z!02_GD32_LVGL_Template/Third_Party/lvgl/src/widgets/lv_img.h","projects/03-lvgl-porting/course/Third_Party/lvgl/src/widgets/lv_img.h","cf3a200575379c0a57308120c78633facd5b7abf58005b4baf97fc583566f1c3","cf3a200575379c0a57308120c78633facd5b7abf58005b4baf97fc583566f1c3","YES"
"day03/Code.7z!02_GD32_LVGL_Template/Third_Party/lvgl/src/widgets/lv_label.c","projects/03-lvgl-porting/course/Third_Party/lvgl/src/widgets/lv_label.c","37f320495ab4f3eef494d0fa58fcdaf0b9b80ccf3e019937851fd22055bffd2a","37f320495ab4f3eef494d0fa58fcdaf0b9b80ccf3e019937851fd22055bffd2a","YES"
"day03/Code.7z!02_GD32_LVGL_Template/Third_Party/lvgl/src/widgets/lv_label.h","projects/03-lvgl-porting/course/Third_Party/lvgl/src/widgets/lv_label.h","d1b9f7de0aab644a9094ef3ee79b337c4d5a1c1955cf34bdfa48e36368d07771","d1b9f7de0aab644a9094ef3ee79b337c4d5a1c1955cf34bdfa48e36368d07771","YES"
"day03/Code.7z!02_GD32_LVGL_Template/Third_Party/lvgl/src/widgets/lv_line.c","projects/03-lvgl-porting/course/Third_Party/lvgl/src/widgets/lv_line.c","6ddf85a82dbbbdf972d906aa030b4e4ba6975166c756cb267cf00205e822e4c9","6ddf85a82dbbbdf972d906aa030b4e4ba6975166c756cb267cf00205e822e4c9","YES"
"day03/Code.7z!02_GD32_LVGL_Template/Third_Party/lvgl/src/widgets/lv_line.h","projects/03-lvgl-porting/course/Third_Party/lvgl/src/widgets/lv_line.h","3fc369690b2427aa322641827316d430e6e8518ac19a24a1bb3d4f184ea5c593","3fc369690b2427aa322641827316d430e6e8518ac19a24a1bb3d4f184ea5c593","YES"
"day03/Code.7z!02_GD32_LVGL_Template/Third_Party/lvgl/src/widgets/lv_objx_templ.c","projects/03-lvgl-porting/course/Third_Party/lvgl/src/widgets/lv_objx_templ.c","5fa7e5a2f45ea7234a2307110cd7a556e64231dce953326895e8256adc32f719","5fa7e5a2f45ea7234a2307110cd7a556e64231dce953326895e8256adc32f719","YES"
"day03/Code.7z!02_GD32_LVGL_Template/Third_Party/lvgl/src/widgets/lv_objx_templ.h","projects/03-lvgl-porting/course/Third_Party/lvgl/src/widgets/lv_objx_templ.h","11bf2ea2a0d45890eb19efb6d88704454b2c7d8d8219e56e491dabdad1883354","11bf2ea2a0d45890eb19efb6d88704454b2c7d8d8219e56e491dabdad1883354","YES"
"day03/Code.7z!02_GD32_LVGL_Template/Third_Party/lvgl/src/widgets/lv_roller.c","projects/03-lvgl-porting/course/Third_Party/lvgl/src/widgets/lv_roller.c","a68098e5a18156f7633825d04f6db6ce4ec1545635055d0640e6b798c089b5b2","a68098e5a18156f7633825d04f6db6ce4ec1545635055d0640e6b798c089b5b2","YES"
"day03/Code.7z!02_GD32_LVGL_Template/Third_Party/lvgl/src/widgets/lv_roller.h","projects/03-lvgl-porting/course/Third_Party/lvgl/src/widgets/lv_roller.h","50f17a401b9d740d57696d234e30f0f46afb7ccb579d7566a279f0c4232917e6","50f17a401b9d740d57696d234e30f0f46afb7ccb579d7566a279f0c4232917e6","YES"
"day03/Code.7z!02_GD32_LVGL_Template/Third_Party/lvgl/src/widgets/lv_slider.c","projects/03-lvgl-porting/course/Third_Party/lvgl/src/widgets/lv_slider.c","715ffe14f71800b5413b44d987b2bebbffd41bce7bba8d7dd114512b63860cdd","715ffe14f71800b5413b44d987b2bebbffd41bce7bba8d7dd114512b63860cdd","YES"
"day03/Code.7z!02_GD32_LVGL_Template/Third_Party/lvgl/src/widgets/lv_slider.h","projects/03-lvgl-porting/course/Third_Party/lvgl/src/widgets/lv_slider.h","3a53be57428dd579f7442f4b64c333d508f3a38bbe0cdc9496c35ca11820fd98","3a53be57428dd579f7442f4b64c333d508f3a38bbe0cdc9496c35ca11820fd98","YES"
"day03/Code.7z!02_GD32_LVGL_Template/Third_Party/lvgl/src/widgets/lv_switch.c","projects/03-lvgl-porting/course/Third_Party/lvgl/src/widgets/lv_switch.c","b69a3a3e438c03e48b32c1dac04a15a35861e161c0eb4086139e101d36849ab4","b69a3a3e438c03e48b32c1dac04a15a35861e161c0eb4086139e101d36849ab4","YES"
"day03/Code.7z!02_GD32_LVGL_Template/Third_Party/lvgl/src/widgets/lv_switch.h","projects/03-lvgl-porting/course/Third_Party/lvgl/src/widgets/lv_switch.h","e22ce149f0134f1320d1b5c6ff56ddeb9d36fd403b9555b4ba22586535ff03a3","e22ce149f0134f1320d1b5c6ff56ddeb9d36fd403b9555b4ba22586535ff03a3","YES"
"day03/Code.7z!02_GD32_LVGL_Template/Third_Party/lvgl/src/widgets/lv_table.c","projects/03-lvgl-porting/course/Third_Party/lvgl/src/widgets/lv_table.c","25a12d4c4852eae6e1c10230a0a46026b09c416a84f9fae6d9e54c30cd0a47e8","25a12d4c4852eae6e1c10230a0a46026b09c416a84f9fae6d9e54c30cd0a47e8","YES"
"day03/Code.7z!02_GD32_LVGL_Template/Third_Party/lvgl/src/widgets/lv_table.h","projects/03-lvgl-porting/course/Third_Party/lvgl/src/widgets/lv_table.h","37bca2cc04801f64672db4408654723110e62c2145f0b0aba7538b539eb6f0f5","37bca2cc04801f64672db4408654723110e62c2145f0b0aba7538b539eb6f0f5","YES"
"day03/Code.7z!02_GD32_LVGL_Template/Third_Party/lvgl/src/widgets/lv_textarea.c","projects/03-lvgl-porting/course/Third_Party/lvgl/src/widgets/lv_textarea.c","33e7503da3dd73041010bbbaff690aca4e8f912057c3798102e232148d3920c7","33e7503da3dd73041010bbbaff690aca4e8f912057c3798102e232148d3920c7","YES"
"day03/Code.7z!02_GD32_LVGL_Template/Third_Party/lvgl/src/widgets/lv_textarea.h","projects/03-lvgl-porting/course/Third_Party/lvgl/src/widgets/lv_textarea.h","03b4cb7ee8afffadf2428c80939a14dae834ccaa80d5d8bb641d456220962b94","03b4cb7ee8afffadf2428c80939a14dae834ccaa80d5d8bb641d456220962b94","YES"
"day03/Code.7z!02_GD32_LVGL_Template/Third_Party/lvgl/src/widgets/lv_widgets.mk","projects/03-lvgl-porting/course/Third_Party/lvgl/src/widgets/lv_widgets.mk","fa85ec38fbaf3211726c150ddcc0f997781fe555f16209a0f4a66a2736365af5","fa85ec38fbaf3211726c150ddcc0f997781fe555f16209a0f4a66a2736365af5","YES"
"day03/Code.7z!02_GD32_LVGL_Template/User/gd32f4xx_it.c","projects/03-lvgl-porting/course/User/gd32f4xx_it.c","5be8e65b392a41354e513056974d1869598af02739a7ce6419e611d6aa3979c6","5be8e65b392a41354e513056974d1869598af02739a7ce6419e611d6aa3979c6","YES"
"day03/Code.7z!02_GD32_LVGL_Template/User/gd32f4xx_it.h","projects/03-lvgl-porting/course/User/gd32f4xx_it.h","b4995762ae5ceb7125cc9720cea7e2bad8640c23b87ed1856d9b8a380a5fc8c3","b4995762ae5ceb7125cc9720cea7e2bad8640c23b87ed1856d9b8a380a5fc8c3","YES"
"day03/Code.7z!02_GD32_LVGL_Template/User/gd32f4xx_libopt.h","projects/03-lvgl-porting/course/User/gd32f4xx_libopt.h","702c6d85987bcdddd363a8412c5806255f6c746065da984eb21896c5ddd6bf09","702c6d85987bcdddd363a8412c5806255f6c746065da984eb21896c5ddd6bf09","YES"
"day03/Code.7z!02_GD32_LVGL_Template/User/main.c","projects/03-lvgl-porting/course/User/main.c","97a4277d5f5a590013879d7e10440ccbbb83d7651414a07fd8daea409ecd3c3a","97a4277d5f5a590013879d7e10440ccbbb83d7651414a07fd8daea409ecd3c3a","YES"
"day03/Code.7z!02_GD32_LVGL_Template/User/main.h","projects/03-lvgl-porting/course/User/main.h","724b8affcda9984a7b0f94ac7a7bb1005015ac3ca9e2cf59e5bff08b58ceafd1","724b8affcda9984a7b0f94ac7a7bb1005015ac3ca9e2cf59e5bff08b58ceafd1","YES"
"day03/Code.7z!02_GD32_LVGL_Template/User/readme.txt","projects/03-lvgl-porting/course/User/readme.txt","a45bd1e14d470b46be2d57c9d35147e41204556cc4bb4e25ea3c7b6b424a0b7c","a45bd1e14d470b46be2d57c9d35147e41204556cc4bb4e25ea3c7b6b424a0b7c","YES"
"day03/Code.7z!02_GD32_LVGL_Template/User/systick.c","projects/03-lvgl-porting/course/User/systick.c","bdcf5157ddd8870483ceb757646a3978ff836ac08737540d6f93a508127fdeeb","bdcf5157ddd8870483ceb757646a3978ff836ac08737540d6f93a508127fdeeb","YES"
"day03/Code.7z!02_GD32_LVGL_Template/User/systick.h","projects/03-lvgl-porting/course/User/systick.h","8722c649ef06723501e93f5a071320e6a9e5dc57220b20f5b267a0096ea46e35","8722c649ef06723501e93f5a071320e6a9e5dc57220b20f5b267a0096ea46e35","YES"
"day03/Code.7z!03_GD32_LVGL_SmartWatch/Doc/readme.txt","projects/04-baremetal-smartwatch/course/Doc/readme.txt","5fbf26fe49eae27b2dd2bc4d71da5ec67920b322712bfb7dd30adade1d637ac8","5fbf26fe49eae27b2dd2bc4d71da5ec67920b322712bfb7dd30adade1d637ac8","YES"
"day03/Code.7z!03_GD32_LVGL_SmartWatch/Firmware/CMSIS/core_cm4_simd.h","projects/04-baremetal-smartwatch/course/Firmware/CMSIS/core_cm4_simd.h","0c2a0c2d66c7791b82ca19d10336c96518830ef359f6bfd9da7477bc2cbccbbb","0c2a0c2d66c7791b82ca19d10336c96518830ef359f6bfd9da7477bc2cbccbbb","YES"
"day03/Code.7z!03_GD32_LVGL_SmartWatch/Firmware/CMSIS/core_cm4.h","projects/04-baremetal-smartwatch/course/Firmware/CMSIS/core_cm4.h","4756546e1449d17b1a7dee2f3307f2c92c9f1d669c3f5dfc3ee1dec8aee9a8f7","4756546e1449d17b1a7dee2f3307f2c92c9f1d669c3f5dfc3ee1dec8aee9a8f7","YES"
"day03/Code.7z!03_GD32_LVGL_SmartWatch/Firmware/CMSIS/core_cmFunc.h","projects/04-baremetal-smartwatch/course/Firmware/CMSIS/core_cmFunc.h","5075ff67c8e264b83d9b391c07c6512e26abbc189e321de0d8b4375476980e5e","5075ff67c8e264b83d9b391c07c6512e26abbc189e321de0d8b4375476980e5e","YES"
"day03/Code.7z!03_GD32_LVGL_SmartWatch/Firmware/CMSIS/core_cmInstr.h","projects/04-baremetal-smartwatch/course/Firmware/CMSIS/core_cmInstr.h","c35ddca16ca04646dc70acf2d592ad9eaeaaecd8125a32abb710069648266eb5","c35ddca16ca04646dc70acf2d592ad9eaeaaecd8125a32abb710069648266eb5","YES"
"day03/Code.7z!03_GD32_LVGL_SmartWatch/Firmware/CMSIS/GD/GD32F4xx/Include/gd32f4xx.h","projects/04-baremetal-smartwatch/course/Firmware/CMSIS/GD/GD32F4xx/Include/gd32f4xx.h","96f1f6884c9885d32df760a385ca0b5e8e9b20c066f71b946771a00503623a62","96f1f6884c9885d32df760a385ca0b5e8e9b20c066f71b946771a00503623a62","YES"
"day03/Code.7z!03_GD32_LVGL_SmartWatch/Firmware/CMSIS/GD/GD32F4xx/Include/system_gd32f4xx.h","projects/04-baremetal-smartwatch/course/Firmware/CMSIS/GD/GD32F4xx/Include/system_gd32f4xx.h","98ef2dd6dd7f6d2542c4d5ca83e9869be3630b43300cb9ab453703e4277913bd","98ef2dd6dd7f6d2542c4d5ca83e9869be3630b43300cb9ab453703e4277913bd","YES"
"day03/Code.7z!03_GD32_LVGL_SmartWatch/Firmware/CMSIS/GD/GD32F4xx/Source/ARM/startup_gd32f405_425.s","projects/04-baremetal-smartwatch/course/Firmware/CMSIS/GD/GD32F4xx/Source/ARM/startup_gd32f405_425.s","aef6290f6950c0b7fb922fd12b91b3fc34ada707a6846aa5d7a1277fdd50fbd9","aef6290f6950c0b7fb922fd12b91b3fc34ada707a6846aa5d7a1277fdd50fbd9","YES"
"day03/Code.7z!03_GD32_LVGL_SmartWatch/Firmware/CMSIS/GD/GD32F4xx/Source/ARM/startup_gd32f407_427.s","projects/04-baremetal-smartwatch/course/Firmware/CMSIS/GD/GD32F4xx/Source/ARM/startup_gd32f407_427.s","2b34030052fb7c8c45b1c037c1331ee6685bad85710623f75f394b119a2839ec","2b34030052fb7c8c45b1c037c1331ee6685bad85710623f75f394b119a2839ec","YES"
"day03/Code.7z!03_GD32_LVGL_SmartWatch/Firmware/CMSIS/GD/GD32F4xx/Source/ARM/startup_gd32f450_470.s","projects/04-baremetal-smartwatch/course/Firmware/CMSIS/GD/GD32F4xx/Source/ARM/startup_gd32f450_470.s","a4e9852ba47aad025de9645d067fab33dda87b8e82dea6d77b3364f902345299","a4e9852ba47aad025de9645d067fab33dda87b8e82dea6d77b3364f902345299","YES"
"day03/Code.7z!03_GD32_LVGL_SmartWatch/Firmware/CMSIS/GD/GD32F4xx/Source/IAR/startup_gd32f405_425.s","projects/04-baremetal-smartwatch/course/Firmware/CMSIS/GD/GD32F4xx/Source/IAR/startup_gd32f405_425.s","70e76c6ad0182a5682773261e308008bc1102c09839605a0e058851173026836","70e76c6ad0182a5682773261e308008bc1102c09839605a0e058851173026836","YES"
"day03/Code.7z!03_GD32_LVGL_SmartWatch/Firmware/CMSIS/GD/GD32F4xx/Source/IAR/startup_gd32f407_427.s","projects/04-baremetal-smartwatch/course/Firmware/CMSIS/GD/GD32F4xx/Source/IAR/startup_gd32f407_427.s","550d6ca54de7f8fcb2791aaf9141666ba15978c55017fa6798bf0ca80a2864c6","550d6ca54de7f8fcb2791aaf9141666ba15978c55017fa6798bf0ca80a2864c6","YES"
"day03/Code.7z!03_GD32_LVGL_SmartWatch/Firmware/CMSIS/GD/GD32F4xx/Source/IAR/startup_gd32f450_470.s","projects/04-baremetal-smartwatch/course/Firmware/CMSIS/GD/GD32F4xx/Source/IAR/startup_gd32f450_470.s","ee6654f1d551c6937d014fe943342b0395a32076e5ac8dd688c600eacb9bd343","ee6654f1d551c6937d014fe943342b0395a32076e5ac8dd688c600eacb9bd343","YES"
"day03/Code.7z!03_GD32_LVGL_SmartWatch/Firmware/CMSIS/GD/GD32F4xx/Source/system_gd32f4xx.c","projects/04-baremetal-smartwatch/course/Firmware/CMSIS/GD/GD32F4xx/Source/system_gd32f4xx.c","8f66a123756716cf74297a7b54eec616f230cbbc37dfb60f21bf05d1bc070836","8f66a123756716cf74297a7b54eec616f230cbbc37dfb60f21bf05d1bc070836","YES"
"day03/Code.7z!03_GD32_LVGL_SmartWatch/Firmware/GD32F4xx_standard_peripheral/Include/gd32f4xx_adc.h","projects/04-baremetal-smartwatch/course/Firmware/GD32F4xx_standard_peripheral/Include/gd32f4xx_adc.h","d6b41e007f1ee95e5fa1b495f94924f7e6166439fbf3e9234a26b5fa6c32f1de","d6b41e007f1ee95e5fa1b495f94924f7e6166439fbf3e9234a26b5fa6c32f1de","YES"
"day03/Code.7z!03_GD32_LVGL_SmartWatch/Firmware/GD32F4xx_standard_peripheral/Include/gd32f4xx_can.h","projects/04-baremetal-smartwatch/course/Firmware/GD32F4xx_standard_peripheral/Include/gd32f4xx_can.h","62a96066d7b8a1cef45ab4092fce5058b962050eb1c9e4b3585f0e19b9f30578","62a96066d7b8a1cef45ab4092fce5058b962050eb1c9e4b3585f0e19b9f30578","YES"
"day03/Code.7z!03_GD32_LVGL_SmartWatch/Firmware/GD32F4xx_standard_peripheral/Include/gd32f4xx_crc.h","projects/04-baremetal-smartwatch/course/Firmware/GD32F4xx_standard_peripheral/Include/gd32f4xx_crc.h","4870f145aeec968f3a7a0a5068105591e1adeb9a37a5e47fdcc9d27d7d3afbd6","4870f145aeec968f3a7a0a5068105591e1adeb9a37a5e47fdcc9d27d7d3afbd6","YES"
"day03/Code.7z!03_GD32_LVGL_SmartWatch/Firmware/GD32F4xx_standard_peripheral/Include/gd32f4xx_ctc.h","projects/04-baremetal-smartwatch/course/Firmware/GD32F4xx_standard_peripheral/Include/gd32f4xx_ctc.h","900ab7d5f9c585834166a58966c8d523ff91d410066d00bbed3e6522c25782d7","900ab7d5f9c585834166a58966c8d523ff91d410066d00bbed3e6522c25782d7","YES"
"day03/Code.7z!03_GD32_LVGL_SmartWatch/Firmware/GD32F4xx_standard_peripheral/Include/gd32f4xx_dac.h","projects/04-baremetal-smartwatch/course/Firmware/GD32F4xx_standard_peripheral/Include/gd32f4xx_dac.h","86057cc0c52a32f955a12f47aba1e4997ac2daba13b10a686d8777579f638afb","86057cc0c52a32f955a12f47aba1e4997ac2daba13b10a686d8777579f638afb","YES"
"day03/Code.7z!03_GD32_LVGL_SmartWatch/Firmware/GD32F4xx_standard_peripheral/Include/gd32f4xx_dbg.h","projects/04-baremetal-smartwatch/course/Firmware/GD32F4xx_standard_peripheral/Include/gd32f4xx_dbg.h","21a089b5880f1d101116bd37eaac7a085a103901a40900e75941130d901b150e","21a089b5880f1d101116bd37eaac7a085a103901a40900e75941130d901b150e","YES"
"day03/Code.7z!03_GD32_LVGL_SmartWatch/Firmware/GD32F4xx_standard_peripheral/Include/gd32f4xx_dci.h","projects/04-baremetal-smartwatch/course/Firmware/GD32F4xx_standard_peripheral/Include/gd32f4xx_dci.h","787f449f0b2eba5bbcc92b0d50899fa668cea6ed9ccab3960eba0b2253cc7748","787f449f0b2eba5bbcc92b0d50899fa668cea6ed9ccab3960eba0b2253cc7748","YES"
"day03/Code.7z!03_GD32_LVGL_SmartWatch/Firmware/GD32F4xx_standard_peripheral/Include/gd32f4xx_dma.h","projects/04-baremetal-smartwatch/course/Firmware/GD32F4xx_standard_peripheral/Include/gd32f4xx_dma.h","f358957ebf98c4c449480a088e349cdac2716394c24fa4111de08b06fcdc5094","f358957ebf98c4c449480a088e349cdac2716394c24fa4111de08b06fcdc5094","YES"
"day03/Code.7z!03_GD32_LVGL_SmartWatch/Firmware/GD32F4xx_standard_peripheral/Include/gd32f4xx_enet.h","projects/04-baremetal-smartwatch/course/Firmware/GD32F4xx_standard_peripheral/Include/gd32f4xx_enet.h","2bdbc2be9b0e3ba398deeab38021442a2cfeedff21fc353cf3b16c717a2cdf9b","2bdbc2be9b0e3ba398deeab38021442a2cfeedff21fc353cf3b16c717a2cdf9b","YES"
"day03/Code.7z!03_GD32_LVGL_SmartWatch/Firmware/GD32F4xx_standard_peripheral/Include/gd32f4xx_exmc.h","projects/04-baremetal-smartwatch/course/Firmware/GD32F4xx_standard_peripheral/Include/gd32f4xx_exmc.h","68482b678dd868085a6be6317eec18873d43f895936e503487e843e561a0d55e","68482b678dd868085a6be6317eec18873d43f895936e503487e843e561a0d55e","YES"
"day03/Code.7z!03_GD32_LVGL_SmartWatch/Firmware/GD32F4xx_standard_peripheral/Include/gd32f4xx_exti.h","projects/04-baremetal-smartwatch/course/Firmware/GD32F4xx_standard_peripheral/Include/gd32f4xx_exti.h","705948f029f63a5995d9849a60e417d6210ece34c8e942c76a2d4e7a2b927426","705948f029f63a5995d9849a60e417d6210ece34c8e942c76a2d4e7a2b927426","YES"
"day03/Code.7z!03_GD32_LVGL_SmartWatch/Firmware/GD32F4xx_standard_peripheral/Include/gd32f4xx_fmc.h","projects/04-baremetal-smartwatch/course/Firmware/GD32F4xx_standard_peripheral/Include/gd32f4xx_fmc.h","5a5d9f0b1ce1e7486206130f80048f81a6d3e9e6337bf0a4c69d4a1d5edc9f7e","5a5d9f0b1ce1e7486206130f80048f81a6d3e9e6337bf0a4c69d4a1d5edc9f7e","YES"
"day03/Code.7z!03_GD32_LVGL_SmartWatch/Firmware/GD32F4xx_standard_peripheral/Include/gd32f4xx_fwdgt.h","projects/04-baremetal-smartwatch/course/Firmware/GD32F4xx_standard_peripheral/Include/gd32f4xx_fwdgt.h","04cb4ee0d6526910cf9ca8befc437fc6df3fdfe09fb0bc418ab7ea5c19611a50","04cb4ee0d6526910cf9ca8befc437fc6df3fdfe09fb0bc418ab7ea5c19611a50","YES"
"day03/Code.7z!03_GD32_LVGL_SmartWatch/Firmware/GD32F4xx_standard_peripheral/Include/gd32f4xx_gpio.h","projects/04-baremetal-smartwatch/course/Firmware/GD32F4xx_standard_peripheral/Include/gd32f4xx_gpio.h","a20501a28644bf45b8e3c4ab2a7237466805c1480b06e7d6c8585296d7f08787","a20501a28644bf45b8e3c4ab2a7237466805c1480b06e7d6c8585296d7f08787","YES"
"day03/Code.7z!03_GD32_LVGL_SmartWatch/Firmware/GD32F4xx_standard_peripheral/Include/gd32f4xx_i2c.h","projects/04-baremetal-smartwatch/course/Firmware/GD32F4xx_standard_peripheral/Include/gd32f4xx_i2c.h","6cf4053e2452263cdfcb98da0832ce1f2f1b0380c1bea5d4284c1df0d5cbbb05","6cf4053e2452263cdfcb98da0832ce1f2f1b0380c1bea5d4284c1df0d5cbbb05","YES"
"day03/Code.7z!03_GD32_LVGL_SmartWatch/Firmware/GD32F4xx_standard_peripheral/Include/gd32f4xx_ipa.h","projects/04-baremetal-smartwatch/course/Firmware/GD32F4xx_standard_peripheral/Include/gd32f4xx_ipa.h","1ad22068402e09bae4117e637ed972fcd7452751ccbe01c7829aea7df45ae8ae","1ad22068402e09bae4117e637ed972fcd7452751ccbe01c7829aea7df45ae8ae","YES"
"day03/Code.7z!03_GD32_LVGL_SmartWatch/Firmware/GD32F4xx_standard_peripheral/Include/gd32f4xx_iref.h","projects/04-baremetal-smartwatch/course/Firmware/GD32F4xx_standard_peripheral/Include/gd32f4xx_iref.h","d9d1e67fd4473f44b2f7e22bb78c3dfa9b5109d083af1b0fdc63ec657b241c4a","d9d1e67fd4473f44b2f7e22bb78c3dfa9b5109d083af1b0fdc63ec657b241c4a","YES"
"day03/Code.7z!03_GD32_LVGL_SmartWatch/Firmware/GD32F4xx_standard_peripheral/Include/gd32f4xx_misc.h","projects/04-baremetal-smartwatch/course/Firmware/GD32F4xx_standard_peripheral/Include/gd32f4xx_misc.h","0a918f830f0200c0e806dfb50594259783e69d8adbc27708705567f7193d35fb","0a918f830f0200c0e806dfb50594259783e69d8adbc27708705567f7193d35fb","YES"
"day03/Code.7z!03_GD32_LVGL_SmartWatch/Firmware/GD32F4xx_standard_peripheral/Include/gd32f4xx_pmu.h","projects/04-baremetal-smartwatch/course/Firmware/GD32F4xx_standard_peripheral/Include/gd32f4xx_pmu.h","b9a72b6e42083efd170c0c5fbe579c5d6417f9bbf674db36041be96fcbd84636","b9a72b6e42083efd170c0c5fbe579c5d6417f9bbf674db36041be96fcbd84636","YES"
"day03/Code.7z!03_GD32_LVGL_SmartWatch/Firmware/GD32F4xx_standard_peripheral/Include/gd32f4xx_rcu.h","projects/04-baremetal-smartwatch/course/Firmware/GD32F4xx_standard_peripheral/Include/gd32f4xx_rcu.h","ac2b2ae653edc89e674eda24e1cfe8b511b73984ae0cabed3df60ba61f8eef08","ac2b2ae653edc89e674eda24e1cfe8b511b73984ae0cabed3df60ba61f8eef08","YES"
"day03/Code.7z!03_GD32_LVGL_SmartWatch/Firmware/GD32F4xx_standard_peripheral/Include/gd32f4xx_rtc.h","projects/04-baremetal-smartwatch/course/Firmware/GD32F4xx_standard_peripheral/Include/gd32f4xx_rtc.h","1798b1b495683096d4491cf0f854957d2ad60612f65a801ed0e7a4bee49fa549","1798b1b495683096d4491cf0f854957d2ad60612f65a801ed0e7a4bee49fa549","YES"
"day03/Code.7z!03_GD32_LVGL_SmartWatch/Firmware/GD32F4xx_standard_peripheral/Include/gd32f4xx_sdio.h","projects/04-baremetal-smartwatch/course/Firmware/GD32F4xx_standard_peripheral/Include/gd32f4xx_sdio.h","8d6813efc565e3085611d767ea4e670e0c76a256c6f17fc93f313bcb11d0385a","8d6813efc565e3085611d767ea4e670e0c76a256c6f17fc93f313bcb11d0385a","YES"
"day03/Code.7z!03_GD32_LVGL_SmartWatch/Firmware/GD32F4xx_standard_peripheral/Include/gd32f4xx_spi.h","projects/04-baremetal-smartwatch/course/Firmware/GD32F4xx_standard_peripheral/Include/gd32f4xx_spi.h","4c6360c8fe58d4a38e4870bcba17630857551d3ec7b4bd3ddeb5085c31240b1c","4c6360c8fe58d4a38e4870bcba17630857551d3ec7b4bd3ddeb5085c31240b1c","YES"
"day03/Code.7z!03_GD32_LVGL_SmartWatch/Firmware/GD32F4xx_standard_peripheral/Include/gd32f4xx_syscfg.h","projects/04-baremetal-smartwatch/course/Firmware/GD32F4xx_standard_peripheral/Include/gd32f4xx_syscfg.h","5060fef0a07a3fc1396a31f09f95fe1d134f8a1fb1581e3dd98bb6078108c447","5060fef0a07a3fc1396a31f09f95fe1d134f8a1fb1581e3dd98bb6078108c447","YES"
"day03/Code.7z!03_GD32_LVGL_SmartWatch/Firmware/GD32F4xx_standard_peripheral/Include/gd32f4xx_timer.h","projects/04-baremetal-smartwatch/course/Firmware/GD32F4xx_standard_peripheral/Include/gd32f4xx_timer.h","7a79f81f1d862a1b49f23bfe05b1ac751a71e761b6e63c2dffabe6c7bc69ac49","7a79f81f1d862a1b49f23bfe05b1ac751a71e761b6e63c2dffabe6c7bc69ac49","YES"
"day03/Code.7z!03_GD32_LVGL_SmartWatch/Firmware/GD32F4xx_standard_peripheral/Include/gd32f4xx_tli.h","projects/04-baremetal-smartwatch/course/Firmware/GD32F4xx_standard_peripheral/Include/gd32f4xx_tli.h","1b94ea157ac8ce2fed962b0c4ff95b6702c6194300aa51b04c3aafe493768d2a","1b94ea157ac8ce2fed962b0c4ff95b6702c6194300aa51b04c3aafe493768d2a","YES"
"day03/Code.7z!03_GD32_LVGL_SmartWatch/Firmware/GD32F4xx_standard_peripheral/Include/gd32f4xx_trng.h","projects/04-baremetal-smartwatch/course/Firmware/GD32F4xx_standard_peripheral/Include/gd32f4xx_trng.h","91e2bb5affefa65f90927fad795faa0f4204516284eca38e461506f0cd9ca924","91e2bb5affefa65f90927fad795faa0f4204516284eca38e461506f0cd9ca924","YES"
"day03/Code.7z!03_GD32_LVGL_SmartWatch/Firmware/GD32F4xx_standard_peripheral/Include/gd32f4xx_usart.h","projects/04-baremetal-smartwatch/course/Firmware/GD32F4xx_standard_peripheral/Include/gd32f4xx_usart.h","6cf40e957a1216c99e3663d667de1944c42272897011834bf20adcd97e791074","6cf40e957a1216c99e3663d667de1944c42272897011834bf20adcd97e791074","YES"
"day03/Code.7z!03_GD32_LVGL_SmartWatch/Firmware/GD32F4xx_standard_peripheral/Include/gd32f4xx_wwdgt.h","projects/04-baremetal-smartwatch/course/Firmware/GD32F4xx_standard_peripheral/Include/gd32f4xx_wwdgt.h","01eecfc98b4507aeb8f0afbe7d994ea0a617a79e5d4eb2d1d4a85979ba014efe","01eecfc98b4507aeb8f0afbe7d994ea0a617a79e5d4eb2d1d4a85979ba014efe","YES"
"day03/Code.7z!03_GD32_LVGL_SmartWatch/Firmware/GD32F4xx_standard_peripheral/Source/gd32f4xx_adc.c","projects/04-baremetal-smartwatch/course/Firmware/GD32F4xx_standard_peripheral/Source/gd32f4xx_adc.c","8a5c91ec7a397b53efd086646674d273ece00f36c9610ab50715fe1521ba4112","8a5c91ec7a397b53efd086646674d273ece00f36c9610ab50715fe1521ba4112","YES"
"day03/Code.7z!03_GD32_LVGL_SmartWatch/Firmware/GD32F4xx_standard_peripheral/Source/gd32f4xx_can.c","projects/04-baremetal-smartwatch/course/Firmware/GD32F4xx_standard_peripheral/Source/gd32f4xx_can.c","ce0e343b00856972eabaccc1f4d88c051796a8d1e30c4596312fc29a533db8ba","ce0e343b00856972eabaccc1f4d88c051796a8d1e30c4596312fc29a533db8ba","YES"
"day03/Code.7z!03_GD32_LVGL_SmartWatch/Firmware/GD32F4xx_standard_peripheral/Source/gd32f4xx_crc.c","projects/04-baremetal-smartwatch/course/Firmware/GD32F4xx_standard_peripheral/Source/gd32f4xx_crc.c","c14034159e72e082aa70e2a8cba60ffcf950b63d75ae467706632f32ec00f315","c14034159e72e082aa70e2a8cba60ffcf950b63d75ae467706632f32ec00f315","YES"
"day03/Code.7z!03_GD32_LVGL_SmartWatch/Firmware/GD32F4xx_standard_peripheral/Source/gd32f4xx_ctc.c","projects/04-baremetal-smartwatch/course/Firmware/GD32F4xx_standard_peripheral/Source/gd32f4xx_ctc.c","07f4a6385c6ffb2e18ecf95daae6a431fb91262fa988835a249a64f4002280a1","07f4a6385c6ffb2e18ecf95daae6a431fb91262fa988835a249a64f4002280a1","YES"
"day03/Code.7z!03_GD32_LVGL_SmartWatch/Firmware/GD32F4xx_standard_peripheral/Source/gd32f4xx_dac.c","projects/04-baremetal-smartwatch/course/Firmware/GD32F4xx_standard_peripheral/Source/gd32f4xx_dac.c","ace5c99f1e2774d955ca4e4d5d6e81b2d831f718098487ea3e8c2c34c960e160","ace5c99f1e2774d955ca4e4d5d6e81b2d831f718098487ea3e8c2c34c960e160","YES"
"day03/Code.7z!03_GD32_LVGL_SmartWatch/Firmware/GD32F4xx_standard_peripheral/Source/gd32f4xx_dbg.c","projects/04-baremetal-smartwatch/course/Firmware/GD32F4xx_standard_peripheral/Source/gd32f4xx_dbg.c","6eec659fd6b5c549226bae8e9c9c78785b064d557434189bb221287d550fe291","6eec659fd6b5c549226bae8e9c9c78785b064d557434189bb221287d550fe291","YES"
"day03/Code.7z!03_GD32_LVGL_SmartWatch/Firmware/GD32F4xx_standard_peripheral/Source/gd32f4xx_dci.c","projects/04-baremetal-smartwatch/course/Firmware/GD32F4xx_standard_peripheral/Source/gd32f4xx_dci.c","b99613d9a21a02dd39117f30b9a488b859209ab3489dcfde7361d147cdf76516","b99613d9a21a02dd39117f30b9a488b859209ab3489dcfde7361d147cdf76516","YES"
"day03/Code.7z!03_GD32_LVGL_SmartWatch/Firmware/GD32F4xx_standard_peripheral/Source/gd32f4xx_dma.c","projects/04-baremetal-smartwatch/course/Firmware/GD32F4xx_standard_peripheral/Source/gd32f4xx_dma.c","2d943a169ababcc22cbc6c41665f5ce375c30b63005954e1d34bb3218cb63faf","2d943a169ababcc22cbc6c41665f5ce375c30b63005954e1d34bb3218cb63faf","YES"
"day03/Code.7z!03_GD32_LVGL_SmartWatch/Firmware/GD32F4xx_standard_peripheral/Source/gd32f4xx_enet.c","projects/04-baremetal-smartwatch/course/Firmware/GD32F4xx_standard_peripheral/Source/gd32f4xx_enet.c","3051e8737c463d23d07b9c9ad937bc7c488bb573738b2313982870daa670e87e","3051e8737c463d23d07b9c9ad937bc7c488bb573738b2313982870daa670e87e","YES"
"day03/Code.7z!03_GD32_LVGL_SmartWatch/Firmware/GD32F4xx_standard_peripheral/Source/gd32f4xx_exmc.c","projects/04-baremetal-smartwatch/course/Firmware/GD32F4xx_standard_peripheral/Source/gd32f4xx_exmc.c","e4a79b377c89d9eb8bd5be101e273ad5efba0c2a24fb4621ab7bc124beeeaebf","e4a79b377c89d9eb8bd5be101e273ad5efba0c2a24fb4621ab7bc124beeeaebf","YES"
"day03/Code.7z!03_GD32_LVGL_SmartWatch/Firmware/GD32F4xx_standard_peripheral/Source/gd32f4xx_exti.c","projects/04-baremetal-smartwatch/course/Firmware/GD32F4xx_standard_peripheral/Source/gd32f4xx_exti.c","fce4a7eca93486d71a9e5758642f2282ae7f8805dbb559312837a0b17577fe58","fce4a7eca93486d71a9e5758642f2282ae7f8805dbb559312837a0b17577fe58","YES"
"day03/Code.7z!03_GD32_LVGL_SmartWatch/Firmware/GD32F4xx_standard_peripheral/Source/gd32f4xx_fmc.c","projects/04-baremetal-smartwatch/course/Firmware/GD32F4xx_standard_peripheral/Source/gd32f4xx_fmc.c","15408829d2405432fc8ed73d5d8c6bbb1e6c74540f1b817983babd62e22cab16","15408829d2405432fc8ed73d5d8c6bbb1e6c74540f1b817983babd62e22cab16","YES"
"day03/Code.7z!03_GD32_LVGL_SmartWatch/Firmware/GD32F4xx_standard_peripheral/Source/gd32f4xx_fwdgt.c","projects/04-baremetal-smartwatch/course/Firmware/GD32F4xx_standard_peripheral/Source/gd32f4xx_fwdgt.c","05b67d15069ced6f0472e4115ecd16064402e0d6220561499000025a8cd189b7","05b67d15069ced6f0472e4115ecd16064402e0d6220561499000025a8cd189b7","YES"
"day03/Code.7z!03_GD32_LVGL_SmartWatch/Firmware/GD32F4xx_standard_peripheral/Source/gd32f4xx_gpio.c","projects/04-baremetal-smartwatch/course/Firmware/GD32F4xx_standard_peripheral/Source/gd32f4xx_gpio.c","262befe864d5da3bada64d0b3dab29e5c2747e46b154ede8bcab0b788db614e0","262befe864d5da3bada64d0b3dab29e5c2747e46b154ede8bcab0b788db614e0","YES"
"day03/Code.7z!03_GD32_LVGL_SmartWatch/Firmware/GD32F4xx_standard_peripheral/Source/gd32f4xx_i2c.c","projects/04-baremetal-smartwatch/course/Firmware/GD32F4xx_standard_peripheral/Source/gd32f4xx_i2c.c","8edfaf1a8f0bf2833923d0072fe1b9d0467382b3ec1d243e918d0de9711cccd2","8edfaf1a8f0bf2833923d0072fe1b9d0467382b3ec1d243e918d0de9711cccd2","YES"
"day03/Code.7z!03_GD32_LVGL_SmartWatch/Firmware/GD32F4xx_standard_peripheral/Source/gd32f4xx_ipa.c","projects/04-baremetal-smartwatch/course/Firmware/GD32F4xx_standard_peripheral/Source/gd32f4xx_ipa.c","38a8350304763c1c83b4d2341f6782b090ca09abe541ac360089b5cb454bcf57","38a8350304763c1c83b4d2341f6782b090ca09abe541ac360089b5cb454bcf57","YES"
"day03/Code.7z!03_GD32_LVGL_SmartWatch/Firmware/GD32F4xx_standard_peripheral/Source/gd32f4xx_iref.c","projects/04-baremetal-smartwatch/course/Firmware/GD32F4xx_standard_peripheral/Source/gd32f4xx_iref.c","24f2fcfcd20882fd3e65773a281a827bf5391a0a8054324eef7c98bb3f2b9b80","24f2fcfcd20882fd3e65773a281a827bf5391a0a8054324eef7c98bb3f2b9b80","YES"
"day03/Code.7z!03_GD32_LVGL_SmartWatch/Firmware/GD32F4xx_standard_peripheral/Source/gd32f4xx_misc.c","projects/04-baremetal-smartwatch/course/Firmware/GD32F4xx_standard_peripheral/Source/gd32f4xx_misc.c","1cd262f295155428c25dedc69bfbab99f7a99de09e0b602eca1f2c6017cfe2da","1cd262f295155428c25dedc69bfbab99f7a99de09e0b602eca1f2c6017cfe2da","YES"
"day03/Code.7z!03_GD32_LVGL_SmartWatch/Firmware/GD32F4xx_standard_peripheral/Source/gd32f4xx_pmu.c","projects/04-baremetal-smartwatch/course/Firmware/GD32F4xx_standard_peripheral/Source/gd32f4xx_pmu.c","dafa94838a55132e3313234c5ac2be6172116dc26574347363d554effb186d79","dafa94838a55132e3313234c5ac2be6172116dc26574347363d554effb186d79","YES"
"day03/Code.7z!03_GD32_LVGL_SmartWatch/Firmware/GD32F4xx_standard_peripheral/Source/gd32f4xx_rcu.c","projects/04-baremetal-smartwatch/course/Firmware/GD32F4xx_standard_peripheral/Source/gd32f4xx_rcu.c","6c1030eb58ec7cb9c41e2a1ff31ddef87f70dd083222327978234004c4e95b98","6c1030eb58ec7cb9c41e2a1ff31ddef87f70dd083222327978234004c4e95b98","YES"
"day03/Code.7z!03_GD32_LVGL_SmartWatch/Firmware/GD32F4xx_standard_peripheral/Source/gd32f4xx_rtc.c","projects/04-baremetal-smartwatch/course/Firmware/GD32F4xx_standard_peripheral/Source/gd32f4xx_rtc.c","eea5bcb92c88a7bab9f3740f8e9408236412a546b03a5467f21b0f94a01183e7","eea5bcb92c88a7bab9f3740f8e9408236412a546b03a5467f21b0f94a01183e7","YES"
"day03/Code.7z!03_GD32_LVGL_SmartWatch/Firmware/GD32F4xx_standard_peripheral/Source/gd32f4xx_sdio.c","projects/04-baremetal-smartwatch/course/Firmware/GD32F4xx_standard_peripheral/Source/gd32f4xx_sdio.c","9d8f3e488c74c44a30c4d0bbb9cd8d86555d898ca9c36f259ce57609959b9854","9d8f3e488c74c44a30c4d0bbb9cd8d86555d898ca9c36f259ce57609959b9854","YES"
"day03/Code.7z!03_GD32_LVGL_SmartWatch/Firmware/GD32F4xx_standard_peripheral/Source/gd32f4xx_spi.c","projects/04-baremetal-smartwatch/course/Firmware/GD32F4xx_standard_peripheral/Source/gd32f4xx_spi.c","ce06438e9ad5882a0fca88dfe658dd925ed3320ba574c2797e2f93acf6142459","ce06438e9ad5882a0fca88dfe658dd925ed3320ba574c2797e2f93acf6142459","YES"
"day03/Code.7z!03_GD32_LVGL_SmartWatch/Firmware/GD32F4xx_standard_peripheral/Source/gd32f4xx_syscfg.c","projects/04-baremetal-smartwatch/course/Firmware/GD32F4xx_standard_peripheral/Source/gd32f4xx_syscfg.c","51a7a5e70f3064424cc6e2f6a06942b47adaac8c36a6612ee08b1643557b3ca3","51a7a5e70f3064424cc6e2f6a06942b47adaac8c36a6612ee08b1643557b3ca3","YES"
"day03/Code.7z!03_GD32_LVGL_SmartWatch/Firmware/GD32F4xx_standard_peripheral/Source/gd32f4xx_timer.c","projects/04-baremetal-smartwatch/course/Firmware/GD32F4xx_standard_peripheral/Source/gd32f4xx_timer.c","3961465cf6ba39554e34c02183c50676a4ab9b3991a6aad32d271754b2506b14","3961465cf6ba39554e34c02183c50676a4ab9b3991a6aad32d271754b2506b14","YES"
"day03/Code.7z!03_GD32_LVGL_SmartWatch/Firmware/GD32F4xx_standard_peripheral/Source/gd32f4xx_tli.c","projects/04-baremetal-smartwatch/course/Firmware/GD32F4xx_standard_peripheral/Source/gd32f4xx_tli.c","881a02e692afd4a0b6848a929b0b8c79148911ad7543cf611287c45e82372541","881a02e692afd4a0b6848a929b0b8c79148911ad7543cf611287c45e82372541","YES"
"day03/Code.7z!03_GD32_LVGL_SmartWatch/Firmware/GD32F4xx_standard_peripheral/Source/gd32f4xx_trng.c","projects/04-baremetal-smartwatch/course/Firmware/GD32F4xx_standard_peripheral/Source/gd32f4xx_trng.c","ba9093d046a01c997aa54d2de9f663e8af32fb9e53c950cfc640f1033fcd6c53","ba9093d046a01c997aa54d2de9f663e8af32fb9e53c950cfc640f1033fcd6c53","YES"
"day03/Code.7z!03_GD32_LVGL_SmartWatch/Firmware/GD32F4xx_standard_peripheral/Source/gd32f4xx_usart.c","projects/04-baremetal-smartwatch/course/Firmware/GD32F4xx_standard_peripheral/Source/gd32f4xx_usart.c","f67fa54d9c9537317be92d95fd880a394d9abe98df708e5aa821fbfa392ae9b0","f67fa54d9c9537317be92d95fd880a394d9abe98df708e5aa821fbfa392ae9b0","YES"
"day03/Code.7z!03_GD32_LVGL_SmartWatch/Firmware/GD32F4xx_standard_peripheral/Source/gd32f4xx_wwdgt.c","projects/04-baremetal-smartwatch/course/Firmware/GD32F4xx_standard_peripheral/Source/gd32f4xx_wwdgt.c","0ed39de6f0101e10ddcb476e6ef21c44d2282d4f689d0d0d70f9e04940e6f0fe","0ed39de6f0101e10ddcb476e6ef21c44d2282d4f689d0d0d70f9e04940e6f0fe","YES"
"day03/Code.7z!03_GD32_LVGL_SmartWatch/Firmware/GD32F4xx_usb_library/device/class/audio/Include/audio_core.h","projects/04-baremetal-smartwatch/course/Firmware/GD32F4xx_usb_library/device/class/audio/Include/audio_core.h","d4550583ad93fb3eed7d288fb84ca5e1b57269e088fb073e541a666b636fec00","d4550583ad93fb3eed7d288fb84ca5e1b57269e088fb073e541a666b636fec00","YES"
"day03/Code.7z!03_GD32_LVGL_SmartWatch/Firmware/GD32F4xx_usb_library/device/class/audio/Include/audio_out_itf.h","projects/04-baremetal-smartwatch/course/Firmware/GD32F4xx_usb_library/device/class/audio/Include/audio_out_itf.h","77fb54dea6431af26c1de2b1ccfb8186fac92519d817556fe6b31fde7947310b","77fb54dea6431af26c1de2b1ccfb8186fac92519d817556fe6b31fde7947310b","YES"
"day03/Code.7z!03_GD32_LVGL_SmartWatch/Firmware/GD32F4xx_usb_library/device/class/audio/Source/audio_core.c","projects/04-baremetal-smartwatch/course/Firmware/GD32F4xx_usb_library/device/class/audio/Source/audio_core.c","e134abab42ada7e2d9c6bad56032f4358fbd37b82e3861496bfe8dc7b4263d32","e134abab42ada7e2d9c6bad56032f4358fbd37b82e3861496bfe8dc7b4263d32","YES"
"day03/Code.7z!03_GD32_LVGL_SmartWatch/Firmware/GD32F4xx_usb_library/device/class/audio/Source/audio_out_itf.c","projects/04-baremetal-smartwatch/course/Firmware/GD32F4xx_usb_library/device/class/audio/Source/audio_out_itf.c","33f0490e4b3ce2315d51257bb877a233ba7293bf83f1272113382989476b887b","33f0490e4b3ce2315d51257bb877a233ba7293bf83f1272113382989476b887b","YES"
"day03/Code.7z!03_GD32_LVGL_SmartWatch/Firmware/GD32F4xx_usb_library/device/class/cdc/Include/cdc_acm_core.h","projects/04-baremetal-smartwatch/course/Firmware/GD32F4xx_usb_library/device/class/cdc/Include/cdc_acm_core.h","58a53b46a222a4ca1b4f35901a48555a22ff6c8ef95dcb23e651a64512a0b8ec","58a53b46a222a4ca1b4f35901a48555a22ff6c8ef95dcb23e651a64512a0b8ec","YES"
"day03/Code.7z!03_GD32_LVGL_SmartWatch/Firmware/GD32F4xx_usb_library/device/class/cdc/Source/cdc_acm_core.c","projects/04-baremetal-smartwatch/course/Firmware/GD32F4xx_usb_library/device/class/cdc/Source/cdc_acm_core.c","92f6d272cb501a2e0e8020a5c7c3fdbf3f6267044a5f00c248a53bdc23867e71","92f6d272cb501a2e0e8020a5c7c3fdbf3f6267044a5f00c248a53bdc23867e71","YES"
"day03/Code.7z!03_GD32_LVGL_SmartWatch/Firmware/GD32F4xx_usb_library/device/class/dfu/Include/dfu_core.h","projects/04-baremetal-smartwatch/course/Firmware/GD32F4xx_usb_library/device/class/dfu/Include/dfu_core.h","b074e46c11dfc3d6f057e7c91263a7894a8598f5ad27062a8f0c737739f0ac4b","b074e46c11dfc3d6f057e7c91263a7894a8598f5ad27062a8f0c737739f0ac4b","YES"
"day03/Code.7z!03_GD32_LVGL_SmartWatch/Firmware/GD32F4xx_usb_library/device/class/dfu/Include/dfu_mem.h","projects/04-baremetal-smartwatch/course/Firmware/GD32F4xx_usb_library/device/class/dfu/Include/dfu_mem.h","ee0fa900e1595041db2524e57a7684a911afec27bd737544cb8acc1a419b54f3","ee0fa900e1595041db2524e57a7684a911afec27bd737544cb8acc1a419b54f3","YES"
"day03/Code.7z!03_GD32_LVGL_SmartWatch/Firmware/GD32F4xx_usb_library/device/class/dfu/Source/dfu_core.c","projects/04-baremetal-smartwatch/course/Firmware/GD32F4xx_usb_library/device/class/dfu/Source/dfu_core.c","ee0b61f48e523f816e1977ab5667701d4a30c9d7994809daec56a6c22b6b23f2","ee0b61f48e523f816e1977ab5667701d4a30c9d7994809daec56a6c22b6b23f2","YES"
"day03/Code.7z!03_GD32_LVGL_SmartWatch/Firmware/GD32F4xx_usb_library/device/class/dfu/Source/dfu_mem.c","projects/04-baremetal-smartwatch/course/Firmware/GD32F4xx_usb_library/device/class/dfu/Source/dfu_mem.c","1740852fd0411642aad47bf10951d51de5338ca02239c634c4a28211cc0b6bd5","1740852fd0411642aad47bf10951d51de5338ca02239c634c4a28211cc0b6bd5","YES"
"day03/Code.7z!03_GD32_LVGL_SmartWatch/Firmware/GD32F4xx_usb_library/device/class/hid/Include/custom_hid_core.h","projects/04-baremetal-smartwatch/course/Firmware/GD32F4xx_usb_library/device/class/hid/Include/custom_hid_core.h","3d8630539b539b75241b088ba5cb2bd6a6377ebe6a0c026e14e4d9f618149f3c","3d8630539b539b75241b088ba5cb2bd6a6377ebe6a0c026e14e4d9f618149f3c","YES"
"day03/Code.7z!03_GD32_LVGL_SmartWatch/Firmware/GD32F4xx_usb_library/device/class/hid/Include/standard_hid_core.h","projects/04-baremetal-smartwatch/course/Firmware/GD32F4xx_usb_library/device/class/hid/Include/standard_hid_core.h","b43958e8ef0bb4e5939d1b1279f2b4d25791abd357c51504fb08c6bf5cde5a55","b43958e8ef0bb4e5939d1b1279f2b4d25791abd357c51504fb08c6bf5cde5a55","YES"
"day03/Code.7z!03_GD32_LVGL_SmartWatch/Firmware/GD32F4xx_usb_library/device/class/hid/Source/custom_hid_core.c","projects/04-baremetal-smartwatch/course/Firmware/GD32F4xx_usb_library/device/class/hid/Source/custom_hid_core.c","e31d924422097b600884693e2cfb38c20e4215861dfc8bbdff3058c9a9133668","e31d924422097b600884693e2cfb38c20e4215861dfc8bbdff3058c9a9133668","YES"
"day03/Code.7z!03_GD32_LVGL_SmartWatch/Firmware/GD32F4xx_usb_library/device/class/hid/Source/standard_hid_core.c","projects/04-baremetal-smartwatch/course/Firmware/GD32F4xx_usb_library/device/class/hid/Source/standard_hid_core.c","976542c7fc8c038846c71e4c5e6755b3c9364c8c09425f671fa694f1f14889a1","976542c7fc8c038846c71e4c5e6755b3c9364c8c09425f671fa694f1f14889a1","YES"
"day03/Code.7z!03_GD32_LVGL_SmartWatch/Firmware/GD32F4xx_usb_library/device/class/iap/Include/usb_iap_core.h","projects/04-baremetal-smartwatch/course/Firmware/GD32F4xx_usb_library/device/class/iap/Include/usb_iap_core.h","0c5491567e7452be4cdc0099bc8f6e5b6aca7b9c273fdb95647264938337c163","0c5491567e7452be4cdc0099bc8f6e5b6aca7b9c273fdb95647264938337c163","YES"
"day03/Code.7z!03_GD32_LVGL_SmartWatch/Firmware/GD32F4xx_usb_library/device/class/iap/Source/usb_iap_core.c","projects/04-baremetal-smartwatch/course/Firmware/GD32F4xx_usb_library/device/class/iap/Source/usb_iap_core.c","b48d8edb4882f57e2ee0b7cd17d94a4ea574bbfdb3ef72f35355fb7b8cbf374d","b48d8edb4882f57e2ee0b7cd17d94a4ea574bbfdb3ef72f35355fb7b8cbf374d","YES"
"day03/Code.7z!03_GD32_LVGL_SmartWatch/Firmware/GD32F4xx_usb_library/device/class/msc/Include/usbd_msc_bbb.h","projects/04-baremetal-smartwatch/course/Firmware/GD32F4xx_usb_library/device/class/msc/Include/usbd_msc_bbb.h","fce4e4a9e17e3c7ad6ef23bf6284354b3c1e0bc79e2e3d8c51c00c7cba88598f","fce4e4a9e17e3c7ad6ef23bf6284354b3c1e0bc79e2e3d8c51c00c7cba88598f","YES"
"day03/Code.7z!03_GD32_LVGL_SmartWatch/Firmware/GD32F4xx_usb_library/device/class/msc/Include/usbd_msc_core.h","projects/04-baremetal-smartwatch/course/Firmware/GD32F4xx_usb_library/device/class/msc/Include/usbd_msc_core.h","1b56e50c7f78bd46cc86e131565da5a3ca050901171a99d33526283996d0062c","1b56e50c7f78bd46cc86e131565da5a3ca050901171a99d33526283996d0062c","YES"
"day03/Code.7z!03_GD32_LVGL_SmartWatch/Firmware/GD32F4xx_usb_library/device/class/msc/Include/usbd_msc_mem.h","projects/04-baremetal-smartwatch/course/Firmware/GD32F4xx_usb_library/device/class/msc/Include/usbd_msc_mem.h","4219910f0d5565cbf2cb7de2191fffad41f01f9903ec160827c6f441fc9fe241","4219910f0d5565cbf2cb7de2191fffad41f01f9903ec160827c6f441fc9fe241","YES"
"day03/Code.7z!03_GD32_LVGL_SmartWatch/Firmware/GD32F4xx_usb_library/device/class/msc/Include/usbd_msc_scsi.h","projects/04-baremetal-smartwatch/course/Firmware/GD32F4xx_usb_library/device/class/msc/Include/usbd_msc_scsi.h","8a843a759a5d1013db6524b1547453013da00c202f03a7011b604c8e79f96a2d","8a843a759a5d1013db6524b1547453013da00c202f03a7011b604c8e79f96a2d","YES"
"day03/Code.7z!03_GD32_LVGL_SmartWatch/Firmware/GD32F4xx_usb_library/device/class/msc/Source/usbd_msc_bbb.c","projects/04-baremetal-smartwatch/course/Firmware/GD32F4xx_usb_library/device/class/msc/Source/usbd_msc_bbb.c","d613ecddab72a03de672e4669f2549f5ce93259c09819fcbd78db49dbbefa4a5","d613ecddab72a03de672e4669f2549f5ce93259c09819fcbd78db49dbbefa4a5","YES"
"day03/Code.7z!03_GD32_LVGL_SmartWatch/Firmware/GD32F4xx_usb_library/device/class/msc/Source/usbd_msc_core.c","projects/04-baremetal-smartwatch/course/Firmware/GD32F4xx_usb_library/device/class/msc/Source/usbd_msc_core.c","5c5983c2884b08aa4a480b29929e20a502741c56cefd717e48a6fe5c807bbb5c","5c5983c2884b08aa4a480b29929e20a502741c56cefd717e48a6fe5c807bbb5c","YES"
"day03/Code.7z!03_GD32_LVGL_SmartWatch/Firmware/GD32F4xx_usb_library/device/class/msc/Source/usbd_msc_scsi.c","projects/04-baremetal-smartwatch/course/Firmware/GD32F4xx_usb_library/device/class/msc/Source/usbd_msc_scsi.c","062e1df310c0feed9372585e09d4a317f65b8e0e03bd70c14aa7418a99c5effd","062e1df310c0feed9372585e09d4a317f65b8e0e03bd70c14aa7418a99c5effd","YES"
"day03/Code.7z!03_GD32_LVGL_SmartWatch/Firmware/GD32F4xx_usb_library/device/class/printer/Include/printer_core.h","projects/04-baremetal-smartwatch/course/Firmware/GD32F4xx_usb_library/device/class/printer/Include/printer_core.h","4231dae7349cc3643150ec1e90a5cefb4adf23adc0314e82ef001bdfcd7d7e8c","4231dae7349cc3643150ec1e90a5cefb4adf23adc0314e82ef001bdfcd7d7e8c","YES"
"day03/Code.7z!03_GD32_LVGL_SmartWatch/Firmware/GD32F4xx_usb_library/device/class/printer/Source/printer_core.c","projects/04-baremetal-smartwatch/course/Firmware/GD32F4xx_usb_library/device/class/printer/Source/printer_core.c","93eb77ff7a45da1424244e1ffa25755a259e43b815d00b14c319bec17a079831","93eb77ff7a45da1424244e1ffa25755a259e43b815d00b14c319bec17a079831","YES"
"day03/Code.7z!03_GD32_LVGL_SmartWatch/Firmware/GD32F4xx_usb_library/device/core/Include/usbd_core.h","projects/04-baremetal-smartwatch/course/Firmware/GD32F4xx_usb_library/device/core/Include/usbd_core.h","a205d78d7c4299519538d5057744916bcb5459ec963bfbd6aa42101197b15041","a205d78d7c4299519538d5057744916bcb5459ec963bfbd6aa42101197b15041","YES"
"day03/Code.7z!03_GD32_LVGL_SmartWatch/Firmware/GD32F4xx_usb_library/device/core/Include/usbd_enum.h","projects/04-baremetal-smartwatch/course/Firmware/GD32F4xx_usb_library/device/core/Include/usbd_enum.h","9de97ed85ba71120379bf876faf752fa7900784d1614c18d1e9ecea6c7e2c897","9de97ed85ba71120379bf876faf752fa7900784d1614c18d1e9ecea6c7e2c897","YES"
"day03/Code.7z!03_GD32_LVGL_SmartWatch/Firmware/GD32F4xx_usb_library/device/core/Include/usbd_transc.h","projects/04-baremetal-smartwatch/course/Firmware/GD32F4xx_usb_library/device/core/Include/usbd_transc.h","7598a18b6aa5696b7d15c3f8da6f0f04c37bca44d48c86fd5a7bd92850a17681","7598a18b6aa5696b7d15c3f8da6f0f04c37bca44d48c86fd5a7bd92850a17681","YES"
"day03/Code.7z!03_GD32_LVGL_SmartWatch/Firmware/GD32F4xx_usb_library/device/core/Source/usbd_core.c","projects/04-baremetal-smartwatch/course/Firmware/GD32F4xx_usb_library/device/core/Source/usbd_core.c","74a04240e3912ef2d959396250678ff65e41a6d65e4c92cddb7babebc646a12f","74a04240e3912ef2d959396250678ff65e41a6d65e4c92cddb7babebc646a12f","YES"
"day03/Code.7z!03_GD32_LVGL_SmartWatch/Firmware/GD32F4xx_usb_library/device/core/Source/usbd_enum.c","projects/04-baremetal-smartwatch/course/Firmware/GD32F4xx_usb_library/device/core/Source/usbd_enum.c","07c9d4af518d9659d3696a574638d2238413c849345915f347b1ce91c02a81ee","07c9d4af518d9659d3696a574638d2238413c849345915f347b1ce91c02a81ee","YES"
"day03/Code.7z!03_GD32_LVGL_SmartWatch/Firmware/GD32F4xx_usb_library/device/core/Source/usbd_transc.c","projects/04-baremetal-smartwatch/course/Firmware/GD32F4xx_usb_library/device/core/Source/usbd_transc.c","ce5e569f4cbb0918250c03000276fd987e116e69f489eec7b049b790a5a87f37","ce5e569f4cbb0918250c03000276fd987e116e69f489eec7b049b790a5a87f37","YES"
"day03/Code.7z!03_GD32_LVGL_SmartWatch/Firmware/GD32F4xx_usb_library/driver/Include/drv_usb_core.h","projects/04-baremetal-smartwatch/course/Firmware/GD32F4xx_usb_library/driver/Include/drv_usb_core.h","d7957d291f199b35772ce89782b17558bcc73b935f66f80c5b7fbe16ddba5875","d7957d291f199b35772ce89782b17558bcc73b935f66f80c5b7fbe16ddba5875","YES"
"day03/Code.7z!03_GD32_LVGL_SmartWatch/Firmware/GD32F4xx_usb_library/driver/Include/drv_usb_dev.h","projects/04-baremetal-smartwatch/course/Firmware/GD32F4xx_usb_library/driver/Include/drv_usb_dev.h","caf5d56ebafdba9fc9f167418a1616e4291b112edbf47a8654bd9a98f8c17b9a","caf5d56ebafdba9fc9f167418a1616e4291b112edbf47a8654bd9a98f8c17b9a","YES"
"day03/Code.7z!03_GD32_LVGL_SmartWatch/Firmware/GD32F4xx_usb_library/driver/Include/drv_usb_host.h","projects/04-baremetal-smartwatch/course/Firmware/GD32F4xx_usb_library/driver/Include/drv_usb_host.h","fb4056a260f60fda977ab1139ebfcf00e53b5c3e697fdda573b902a413bfff14","fb4056a260f60fda977ab1139ebfcf00e53b5c3e697fdda573b902a413bfff14","YES"
"day03/Code.7z!03_GD32_LVGL_SmartWatch/Firmware/GD32F4xx_usb_library/driver/Include/drv_usb_hw.h","projects/04-baremetal-smartwatch/course/Firmware/GD32F4xx_usb_library/driver/Include/drv_usb_hw.h","81dbb2d76cd496106998eaa694da78184988c9618e06cfe573e5d6b5fa1c1f20","81dbb2d76cd496106998eaa694da78184988c9618e06cfe573e5d6b5fa1c1f20","YES"
"day03/Code.7z!03_GD32_LVGL_SmartWatch/Firmware/GD32F4xx_usb_library/driver/Include/drv_usb_regs.h","projects/04-baremetal-smartwatch/course/Firmware/GD32F4xx_usb_library/driver/Include/drv_usb_regs.h","048a97f0ff66f557ee6a5e829f8aa0336d69e13e63151cf4d64092d0ff9606ba","048a97f0ff66f557ee6a5e829f8aa0336d69e13e63151cf4d64092d0ff9606ba","YES"
"day03/Code.7z!03_GD32_LVGL_SmartWatch/Firmware/GD32F4xx_usb_library/driver/Include/drv_usbd_int.h","projects/04-baremetal-smartwatch/course/Firmware/GD32F4xx_usb_library/driver/Include/drv_usbd_int.h","3b71749a04450bbec4838039bc3c6482ee1d7ecb509b97da5151f362f918a8f4","3b71749a04450bbec4838039bc3c6482ee1d7ecb509b97da5151f362f918a8f4","YES"
"day03/Code.7z!03_GD32_LVGL_SmartWatch/Firmware/GD32F4xx_usb_library/driver/Include/drv_usbh_int.h","projects/04-baremetal-smartwatch/course/Firmware/GD32F4xx_usb_library/driver/Include/drv_usbh_int.h","5268ee8f0accee9c9e848ae421f3f1b83b8efa72b8854f08a5756c16c3873997","5268ee8f0accee9c9e848ae421f3f1b83b8efa72b8854f08a5756c16c3873997","YES"
"day03/Code.7z!03_GD32_LVGL_SmartWatch/Firmware/GD32F4xx_usb_library/driver/Source/drv_usb_core.c","projects/04-baremetal-smartwatch/course/Firmware/GD32F4xx_usb_library/driver/Source/drv_usb_core.c","b90492a8404bcbdcbba9d31d38ad75d2d85b6014ccacf6eea77b23f69cf5f623","b90492a8404bcbdcbba9d31d38ad75d2d85b6014ccacf6eea77b23f69cf5f623","YES"
"day03/Code.7z!03_GD32_LVGL_SmartWatch/Firmware/GD32F4xx_usb_library/driver/Source/drv_usb_dev.c","projects/04-baremetal-smartwatch/course/Firmware/GD32F4xx_usb_library/driver/Source/drv_usb_dev.c","93ca6cd491c5e0fea197d5ac7f10ba23e6973543da7aeed38bfc1ae3a0dc474b","93ca6cd491c5e0fea197d5ac7f10ba23e6973543da7aeed38bfc1ae3a0dc474b","YES"
"day03/Code.7z!03_GD32_LVGL_SmartWatch/Firmware/GD32F4xx_usb_library/driver/Source/drv_usb_host.c","projects/04-baremetal-smartwatch/course/Firmware/GD32F4xx_usb_library/driver/Source/drv_usb_host.c","d9f6de1a16c13351c6947a1d8c735a2fa2ef6495159ef75e8c84a903003853ea","d9f6de1a16c13351c6947a1d8c735a2fa2ef6495159ef75e8c84a903003853ea","YES"
"day03/Code.7z!03_GD32_LVGL_SmartWatch/Firmware/GD32F4xx_usb_library/driver/Source/drv_usbd_int.c","projects/04-baremetal-smartwatch/course/Firmware/GD32F4xx_usb_library/driver/Source/drv_usbd_int.c","6d629c1b2ee8a05bd9c1b8e20f2664410afc9608e9489ccac5be881d10d0a715","6d629c1b2ee8a05bd9c1b8e20f2664410afc9608e9489ccac5be881d10d0a715","YES"
"day03/Code.7z!03_GD32_LVGL_SmartWatch/Firmware/GD32F4xx_usb_library/driver/Source/drv_usbh_int.c","projects/04-baremetal-smartwatch/course/Firmware/GD32F4xx_usb_library/driver/Source/drv_usbh_int.c","4d390034615df35fb792026bd76844c922f387580e291039f1bc5f6b6c982486","4d390034615df35fb792026bd76844c922f387580e291039f1bc5f6b6c982486","YES"
"day03/Code.7z!03_GD32_LVGL_SmartWatch/Firmware/GD32F4xx_usb_library/host/class/hid/Include/usbh_hid_core.h","projects/04-baremetal-smartwatch/course/Firmware/GD32F4xx_usb_library/host/class/hid/Include/usbh_hid_core.h","0dec84719141c68389ec4f957111fb6dc21a5be55159a808a9d4d20759e447aa","0dec84719141c68389ec4f957111fb6dc21a5be55159a808a9d4d20759e447aa","YES"
"day03/Code.7z!03_GD32_LVGL_SmartWatch/Firmware/GD32F4xx_usb_library/host/class/hid/Include/usbh_standard_hid.h","projects/04-baremetal-smartwatch/course/Firmware/GD32F4xx_usb_library/host/class/hid/Include/usbh_standard_hid.h","9dff3d162d5690f986145fc6a50e8be49ee6ea57b0df5de92708173ece1231a8","9dff3d162d5690f986145fc6a50e8be49ee6ea57b0df5de92708173ece1231a8","YES"
"day03/Code.7z!03_GD32_LVGL_SmartWatch/Firmware/GD32F4xx_usb_library/host/class/hid/Source/usbh_hid_core.c","projects/04-baremetal-smartwatch/course/Firmware/GD32F4xx_usb_library/host/class/hid/Source/usbh_hid_core.c","2cdafdf63ebb98a454a09acc070b9c2e925c7eec29af318f1a8ce5f913c5d200","2cdafdf63ebb98a454a09acc070b9c2e925c7eec29af318f1a8ce5f913c5d200","YES"
"day03/Code.7z!03_GD32_LVGL_SmartWatch/Firmware/GD32F4xx_usb_library/host/class/hid/Source/usbh_standard_hid.c","projects/04-baremetal-smartwatch/course/Firmware/GD32F4xx_usb_library/host/class/hid/Source/usbh_standard_hid.c","324f535d3213364159ef30d0ab69cb69472d94ee6a25f07d1c624d1b4bb315c3","324f535d3213364159ef30d0ab69cb69472d94ee6a25f07d1c624d1b4bb315c3","YES"
"day03/Code.7z!03_GD32_LVGL_SmartWatch/Firmware/GD32F4xx_usb_library/host/class/msc/Include/usbh_msc_bbb.h","projects/04-baremetal-smartwatch/course/Firmware/GD32F4xx_usb_library/host/class/msc/Include/usbh_msc_bbb.h","fe164e019db850549fa0edb8a4b2f0c38ff1c7540a834b935c91268d0e275ff8","fe164e019db850549fa0edb8a4b2f0c38ff1c7540a834b935c91268d0e275ff8","YES"
"day03/Code.7z!03_GD32_LVGL_SmartWatch/Firmware/GD32F4xx_usb_library/host/class/msc/Include/usbh_msc_core.h","projects/04-baremetal-smartwatch/course/Firmware/GD32F4xx_usb_library/host/class/msc/Include/usbh_msc_core.h","34b4b4aed85f332b815096ee4c39fba67c77fef1f9eb79fc470603568cbe2dc9","34b4b4aed85f332b815096ee4c39fba67c77fef1f9eb79fc470603568cbe2dc9","YES"
"day03/Code.7z!03_GD32_LVGL_SmartWatch/Firmware/GD32F4xx_usb_library/host/class/msc/Include/usbh_msc_scsi.h","projects/04-baremetal-smartwatch/course/Firmware/GD32F4xx_usb_library/host/class/msc/Include/usbh_msc_scsi.h","e6e8ca26d9a2abffe14a21af356cb07c4058d9052dfd22b46205ec11884a867a","e6e8ca26d9a2abffe14a21af356cb07c4058d9052dfd22b46205ec11884a867a","YES"
"day03/Code.7z!03_GD32_LVGL_SmartWatch/Firmware/GD32F4xx_usb_library/host/class/msc/Source/usbh_msc_bbb.c","projects/04-baremetal-smartwatch/course/Firmware/GD32F4xx_usb_library/host/class/msc/Source/usbh_msc_bbb.c","2a82ad623d78ccc1802d851ab7fb124d6abb5dbea980aa8c6517e26ff906e049","2a82ad623d78ccc1802d851ab7fb124d6abb5dbea980aa8c6517e26ff906e049","YES"
"day03/Code.7z!03_GD32_LVGL_SmartWatch/Firmware/GD32F4xx_usb_library/host/class/msc/Source/usbh_msc_core.c","projects/04-baremetal-smartwatch/course/Firmware/GD32F4xx_usb_library/host/class/msc/Source/usbh_msc_core.c","5df338c15161e6c7a6424179245e0e373973b22e81dea91111ad5613ae0c8690","5df338c15161e6c7a6424179245e0e373973b22e81dea91111ad5613ae0c8690","YES"
"day03/Code.7z!03_GD32_LVGL_SmartWatch/Firmware/GD32F4xx_usb_library/host/class/msc/Source/usbh_msc_fatfs.c","projects/04-baremetal-smartwatch/course/Firmware/GD32F4xx_usb_library/host/class/msc/Source/usbh_msc_fatfs.c","8fd0c5b44f9ac0e35427803f9761e40a5297caa2acc078cb9fde3c25ba4036b1","8fd0c5b44f9ac0e35427803f9761e40a5297caa2acc078cb9fde3c25ba4036b1","YES"
"day03/Code.7z!03_GD32_LVGL_SmartWatch/Firmware/GD32F4xx_usb_library/host/class/msc/Source/usbh_msc_scsi.c","projects/04-baremetal-smartwatch/course/Firmware/GD32F4xx_usb_library/host/class/msc/Source/usbh_msc_scsi.c","45e6ad746800250c90834ac684d207da486f3f0fda8503284def2c537f952a85","45e6ad746800250c90834ac684d207da486f3f0fda8503284def2c537f952a85","YES"
"day03/Code.7z!03_GD32_LVGL_SmartWatch/Firmware/GD32F4xx_usb_library/host/core/Include/usbh_core.h","projects/04-baremetal-smartwatch/course/Firmware/GD32F4xx_usb_library/host/core/Include/usbh_core.h","8919b0da3bc89862ac89da53bd34cc4f8af2f7ecebf23493d3bc0980570ec67d","8919b0da3bc89862ac89da53bd34cc4f8af2f7ecebf23493d3bc0980570ec67d","YES"
"day03/Code.7z!03_GD32_LVGL_SmartWatch/Firmware/GD32F4xx_usb_library/host/core/Include/usbh_enum.h","projects/04-baremetal-smartwatch/course/Firmware/GD32F4xx_usb_library/host/core/Include/usbh_enum.h","a08d6a471be77a6bfdf916e166e4a95b49358f209e0708080e4a441d7d454897","a08d6a471be77a6bfdf916e166e4a95b49358f209e0708080e4a441d7d454897","YES"
"day03/Code.7z!03_GD32_LVGL_SmartWatch/Firmware/GD32F4xx_usb_library/host/core/Include/usbh_pipe.h","projects/04-baremetal-smartwatch/course/Firmware/GD32F4xx_usb_library/host/core/Include/usbh_pipe.h","d1aa31749db419f147e34bf1608f3c79d8846fc9067b138ce90dcc6d68a724b2","d1aa31749db419f147e34bf1608f3c79d8846fc9067b138ce90dcc6d68a724b2","YES"
"day03/Code.7z!03_GD32_LVGL_SmartWatch/Firmware/GD32F4xx_usb_library/host/core/Include/usbh_transc.h","projects/04-baremetal-smartwatch/course/Firmware/GD32F4xx_usb_library/host/core/Include/usbh_transc.h","b0a9300c836592e16782062a0d898645adc64efd21ad96f46b8ef6ebd876499c","b0a9300c836592e16782062a0d898645adc64efd21ad96f46b8ef6ebd876499c","YES"
"day03/Code.7z!03_GD32_LVGL_SmartWatch/Firmware/GD32F4xx_usb_library/host/core/Source/usbh_core.c","projects/04-baremetal-smartwatch/course/Firmware/GD32F4xx_usb_library/host/core/Source/usbh_core.c","2e61c1493a0f04d944a9b1e01924a57908552c5c5920f357df984f098988df08","2e61c1493a0f04d944a9b1e01924a57908552c5c5920f357df984f098988df08","YES"
"day03/Code.7z!03_GD32_LVGL_SmartWatch/Firmware/GD32F4xx_usb_library/host/core/Source/usbh_enum.c","projects/04-baremetal-smartwatch/course/Firmware/GD32F4xx_usb_library/host/core/Source/usbh_enum.c","273217f6826c6d57a1d210d2a58974ae97a27e15951b98be25bbccdea8133871","273217f6826c6d57a1d210d2a58974ae97a27e15951b98be25bbccdea8133871","YES"
"day03/Code.7z!03_GD32_LVGL_SmartWatch/Firmware/GD32F4xx_usb_library/host/core/Source/usbh_pipe.c","projects/04-baremetal-smartwatch/course/Firmware/GD32F4xx_usb_library/host/core/Source/usbh_pipe.c","e8a4253e2a4224333c4343ee0ffd5f280c9875ef57702f44c1973cbd42edd2e0","e8a4253e2a4224333c4343ee0ffd5f280c9875ef57702f44c1973cbd42edd2e0","YES"
"day03/Code.7z!03_GD32_LVGL_SmartWatch/Firmware/GD32F4xx_usb_library/host/core/Source/usbh_transc.c","projects/04-baremetal-smartwatch/course/Firmware/GD32F4xx_usb_library/host/core/Source/usbh_transc.c","cf1ae1fcf884275e82634538e997d8d24c31fbe959140909f5bb4e34bca0bbef","cf1ae1fcf884275e82634538e997d8d24c31fbe959140909f5bb4e34bca0bbef","YES"
"day03/Code.7z!03_GD32_LVGL_SmartWatch/Firmware/GD32F4xx_usb_library/ustd/class/cdc/usb_cdc.h","projects/04-baremetal-smartwatch/course/Firmware/GD32F4xx_usb_library/ustd/class/cdc/usb_cdc.h","fcd43c4f51573d30f01573e2d2856e0be969c8ffd02d415aadfb69a595decf4e","fcd43c4f51573d30f01573e2d2856e0be969c8ffd02d415aadfb69a595decf4e","YES"
"day03/Code.7z!03_GD32_LVGL_SmartWatch/Firmware/GD32F4xx_usb_library/ustd/class/hid/usb_hid.h","projects/04-baremetal-smartwatch/course/Firmware/GD32F4xx_usb_library/ustd/class/hid/usb_hid.h","f3c6a02d4fc46f9512465b6eb2951c8cddb956af73422aab9d2a1bafc69f2e7b","f3c6a02d4fc46f9512465b6eb2951c8cddb956af73422aab9d2a1bafc69f2e7b","YES"
"day03/Code.7z!03_GD32_LVGL_SmartWatch/Firmware/GD32F4xx_usb_library/ustd/class/msc/msc_bbb.h","projects/04-baremetal-smartwatch/course/Firmware/GD32F4xx_usb_library/ustd/class/msc/msc_bbb.h","b884b8f8f7cfaf22512ede7ae709b5f3591e126d2919aecf4e2b4d7efea1f5d6","b884b8f8f7cfaf22512ede7ae709b5f3591e126d2919aecf4e2b4d7efea1f5d6","YES"
"day03/Code.7z!03_GD32_LVGL_SmartWatch/Firmware/GD32F4xx_usb_library/ustd/class/msc/msc_scsi.h","projects/04-baremetal-smartwatch/course/Firmware/GD32F4xx_usb_library/ustd/class/msc/msc_scsi.h","8842cf305e996369687fa89568c9aee3d46f745e1aef6eb58b1a3f519f863631","8842cf305e996369687fa89568c9aee3d46f745e1aef6eb58b1a3f519f863631","YES"
"day03/Code.7z!03_GD32_LVGL_SmartWatch/Firmware/GD32F4xx_usb_library/ustd/class/msc/usb_msc.h","projects/04-baremetal-smartwatch/course/Firmware/GD32F4xx_usb_library/ustd/class/msc/usb_msc.h","e3c2a096085131687f121de426ef9154f23ccc26e877129243a648fb8c90b216","e3c2a096085131687f121de426ef9154f23ccc26e877129243a648fb8c90b216","YES"
"day03/Code.7z!03_GD32_LVGL_SmartWatch/Firmware/GD32F4xx_usb_library/ustd/common/usb_ch9_std.h","projects/04-baremetal-smartwatch/course/Firmware/GD32F4xx_usb_library/ustd/common/usb_ch9_std.h","b5249865f377709e456f76ca76ca5499ace39bad6a452832dbe535f1989c6d22","b5249865f377709e456f76ca76ca5499ace39bad6a452832dbe535f1989c6d22","YES"
"day03/Code.7z!03_GD32_LVGL_SmartWatch/Hardware/bsp_basic_timer.c","projects/04-baremetal-smartwatch/course/Hardware/bsp_basic_timer.c","c54e454cb6b452607ca1ce29dbd2a3f75059f5d16202027e947ddc15716fd292","c54e454cb6b452607ca1ce29dbd2a3f75059f5d16202027e947ddc15716fd292","YES"
"day03/Code.7z!03_GD32_LVGL_SmartWatch/Hardware/bsp_basic_timer.h","projects/04-baremetal-smartwatch/course/Hardware/bsp_basic_timer.h","268a1f1c3a7c2d45c5f08cc380dc4c8c20f9f8686d0ec956781491fa050809a6","268a1f1c3a7c2d45c5f08cc380dc4c8c20f9f8686d0ec956781491fa050809a6","YES"
"day03/Code.7z!03_GD32_LVGL_SmartWatch/Hardware/bsp_battery_leds.c","projects/04-baremetal-smartwatch/course/Hardware/bsp_battery_leds.c","3355ee67df90741c1311332c6cfb0053385a7ffd03c3de8ea06fcbd57563a61d","3355ee67df90741c1311332c6cfb0053385a7ffd03c3de8ea06fcbd57563a61d","YES"
"day03/Code.7z!03_GD32_LVGL_SmartWatch/Hardware/bsp_battery_leds.h","projects/04-baremetal-smartwatch/course/Hardware/bsp_battery_leds.h","f7585067c016c3b5077e05028c10af52a247a608de67c34047073418c430d4bf","f7585067c016c3b5077e05028c10af52a247a608de67c34047073418c430d4bf","YES"
"day03/Code.7z!03_GD32_LVGL_SmartWatch/Hardware/bsp_buzzer.c","projects/04-baremetal-smartwatch/course/Hardware/bsp_buzzer.c","2585fd1908edf73c203dbbcf159b75f73d605cdf35ee33bbeaa33dd42d6a341f","2585fd1908edf73c203dbbcf159b75f73d605cdf35ee33bbeaa33dd42d6a341f","YES"
"day03/Code.7z!03_GD32_LVGL_SmartWatch/Hardware/bsp_buzzer.h","projects/04-baremetal-smartwatch/course/Hardware/bsp_buzzer.h","6f5fdca736b26835cda0c10dd1f5a020894e48716151d63e5ab8b6911b9c8831","6f5fdca736b26835cda0c10dd1f5a020894e48716151d63e5ab8b6911b9c8831","YES"
"day03/Code.7z!03_GD32_LVGL_SmartWatch/Hardware/cst816/cst816t.c","projects/04-baremetal-smartwatch/course/Hardware/cst816/cst816t.c","6954ff2b7409962a5b52a40282ea0a577754c270b652f56fe6daeee52361969d","6954ff2b7409962a5b52a40282ea0a577754c270b652f56fe6daeee52361969d","YES"
"day03/Code.7z!03_GD32_LVGL_SmartWatch/Hardware/cst816/cst816t.h","projects/04-baremetal-smartwatch/course/Hardware/cst816/cst816t.h","d40248f312f85fce30d638e479f929effe156a8e5fce1ad1e43329c5934cfd81","d40248f312f85fce30d638e479f929effe156a8e5fce1ad1e43329c5934cfd81","YES"
"day03/Code.7z!03_GD32_LVGL_SmartWatch/Hardware/led.c","projects/04-baremetal-smartwatch/course/Hardware/led.c","c4bbc9dc96f3f617617e6369460c4afa37b64caa234954d5da651a41f6a2f67f","c4bbc9dc96f3f617617e6369460c4afa37b64caa234954d5da651a41f6a2f67f","YES"
"day03/Code.7z!03_GD32_LVGL_SmartWatch/Hardware/led.h","projects/04-baremetal-smartwatch/course/Hardware/led.h","5707b2dfc58528c84231ff8db2fcea36e29cbd7f5d115093337b2d1a74450cfc","5707b2dfc58528c84231ff8db2fcea36e29cbd7f5d115093337b2d1a74450cfc","YES"
"day03/Code.7z!03_GD32_LVGL_SmartWatch/Hardware/PCF8563.c","projects/04-baremetal-smartwatch/course/Hardware/PCF8563.c","175399ba450f8e636bb2fa95e138e6b9a3bddc84ff2f9d12cca17c0827488e9d","175399ba450f8e636bb2fa95e138e6b9a3bddc84ff2f9d12cca17c0827488e9d","YES"
"day03/Code.7z!03_GD32_LVGL_SmartWatch/Hardware/PCF8563.h","projects/04-baremetal-smartwatch/course/Hardware/PCF8563.h","18cedb9ffa72107f8618f14884e3466570cbf6e72b04ad720e18ab8da0583a3a","18cedb9ffa72107f8618f14884e3466570cbf6e72b04ad720e18ab8da0583a3a","YES"
"day03/Code.7z!03_GD32_LVGL_SmartWatch/Hardware/st7789/font.h","projects/04-baremetal-smartwatch/course/Hardware/st7789/font.h","272e36451f312b4a3584fd40bb375cfac28c69c8a5e906006e207c3e9ec90635","272e36451f312b4a3584fd40bb375cfac28c69c8a5e906006e207c3e9ec90635","YES"
"day03/Code.7z!03_GD32_LVGL_SmartWatch/Hardware/st7789/st7789.c","projects/04-baremetal-smartwatch/course/Hardware/st7789/st7789.c","9a346e55ad3f5b31f70971909ef22e50e10ebf96a0484a9e79361c9ed7fbc2a3","9a346e55ad3f5b31f70971909ef22e50e10ebf96a0484a9e79361c9ed7fbc2a3","YES"
"day03/Code.7z!03_GD32_LVGL_SmartWatch/Hardware/st7789/st7789.h","projects/04-baremetal-smartwatch/course/Hardware/st7789/st7789.h","54971038eedefee886e13de35534330005b1f43240568f62b63e64834bd24846","54971038eedefee886e13de35534330005b1f43240568f62b63e64834bd24846","YES"
"day03/Code.7z!03_GD32_LVGL_SmartWatch/Library/EXTI_config.h","projects/04-baremetal-smartwatch/course/Library/EXTI_config.h","0e1d8994d361a55d9837f7251d9fbe43d6c26f110b82382ff86941480f30a85b","0e1d8994d361a55d9837f7251d9fbe43d6c26f110b82382ff86941480f30a85b","YES"
"day03/Code.7z!03_GD32_LVGL_SmartWatch/Library/EXTI.c","projects/04-baremetal-smartwatch/course/Library/EXTI.c","f31ad6b5038d43f75066a667d0c1905ced684533c26c8dbd32d8bff6f822e28c","f31ad6b5038d43f75066a667d0c1905ced684533c26c8dbd32d8bff6f822e28c","YES"
"day03/Code.7z!03_GD32_LVGL_SmartWatch/Library/EXTI.h","projects/04-baremetal-smartwatch/course/Library/EXTI.h","836bc18a5497f7024b8a58223e66391071ebef1051bc8dddc9cf9a4537d430fb","836bc18a5497f7024b8a58223e66391071ebef1051bc8dddc9cf9a4537d430fb","YES"
"day03/Code.7z!03_GD32_LVGL_SmartWatch/Library/I2C/I2C_config.h","projects/04-baremetal-smartwatch/course/Library/I2C/I2C_config.h","3a54861342078ab1e0109eca5f3107803bcf9e0cccec32aa64f355dd1a5a5759","3a54861342078ab1e0109eca5f3107803bcf9e0cccec32aa64f355dd1a5a5759","YES"
"day03/Code.7z!03_GD32_LVGL_SmartWatch/Library/I2C/I2C.c","projects/04-baremetal-smartwatch/course/Library/I2C/I2C.c","e17605acea90ba6709874fba8efbacb31f105f013b10779679c71da5d3c988c2","e17605acea90ba6709874fba8efbacb31f105f013b10779679c71da5d3c988c2","YES"
"day03/Code.7z!03_GD32_LVGL_SmartWatch/Library/I2C/I2C.h","projects/04-baremetal-smartwatch/course/Library/I2C/I2C.h","b3c4ab98d7a9c01fe9fcefd7c8d7fdf3d97964b8efaa14cb057ebb2466ed5008","b3c4ab98d7a9c01fe9fcefd7c8d7fdf3d97964b8efaa14cb057ebb2466ed5008","YES"
"day03/Code.7z!03_GD32_LVGL_SmartWatch/Library/I2C/I2C0.c","projects/04-baremetal-smartwatch/course/Library/I2C/I2C0.c","09d1eb340eff2166230fc1727269ad8bdfdd9d69801ee72516fafd5a4ac09f4b","09d1eb340eff2166230fc1727269ad8bdfdd9d69801ee72516fafd5a4ac09f4b","YES"
"day03/Code.7z!03_GD32_LVGL_SmartWatch/Library/I2C/I2C0.h","projects/04-baremetal-smartwatch/course/Library/I2C/I2C0.h","5381921337295aaa5f855220ff496d62baca4002cd4bdc8a8cd389901b73b567","5381921337295aaa5f855220ff496d62baca4002cd4bdc8a8cd389901b73b567","YES"
"day03/Code.7z!03_GD32_LVGL_SmartWatch/Library/SPI/SPI_config.h","projects/04-baremetal-smartwatch/course/Library/SPI/SPI_config.h","6b4f4ed9a65f23ecc97f5b76e34de2340443cd32839f39c58dea84118106d8c4","6b4f4ed9a65f23ecc97f5b76e34de2340443cd32839f39c58dea84118106d8c4","YES"
"day03/Code.7z!03_GD32_LVGL_SmartWatch/Library/SPI/SPI.c","projects/04-baremetal-smartwatch/course/Library/SPI/SPI.c","d38d366d8c40053915116a8bc6fc4c4667341dfc87efdba5a68cc852a0d9b504","d38d366d8c40053915116a8bc6fc4c4667341dfc87efdba5a68cc852a0d9b504","YES"
"day03/Code.7z!03_GD32_LVGL_SmartWatch/Library/SPI/SPI.h","projects/04-baremetal-smartwatch/course/Library/SPI/SPI.h","228827808cd9e5fa9d40c5158c82258adb18cb347fbc9cc6ce45d4e7c15f5198","228827808cd9e5fa9d40c5158c82258adb18cb347fbc9cc6ce45d4e7c15f5198","YES"
"day03/Code.7z!03_GD32_LVGL_SmartWatch/Library/SPI/SPI0.c","projects/04-baremetal-smartwatch/course/Library/SPI/SPI0.c","6df75c41548208431df0eb0a3841c7c908ca0a62f863f941239d99af51c4d239","6df75c41548208431df0eb0a3841c7c908ca0a62f863f941239d99af51c4d239","YES"
"day03/Code.7z!03_GD32_LVGL_SmartWatch/Library/SPI/SPI0.h","projects/04-baremetal-smartwatch/course/Library/SPI/SPI0.h","bc197867ca0c0bde6eb8e4407284a351e46390734e0075e840a1d9fe7dabae87","bc197867ca0c0bde6eb8e4407284a351e46390734e0075e840a1d9fe7dabae87","YES"
"day03/Code.7z!03_GD32_LVGL_SmartWatch/Library/TIMER_config.h","projects/04-baremetal-smartwatch/course/Library/TIMER_config.h","a32cd36a93fc741846a1ea52bcdc87b360069adb2d4a74e340edbfba1aabf99a","a32cd36a93fc741846a1ea52bcdc87b360069adb2d4a74e340edbfba1aabf99a","YES"
"day03/Code.7z!03_GD32_LVGL_SmartWatch/Library/TIMER.c","projects/04-baremetal-smartwatch/course/Library/TIMER.c","1113fff1c24b1e7bf3bfe155e885b8d190e0a35aae83693b58cbab0d3520f773","1113fff1c24b1e7bf3bfe155e885b8d190e0a35aae83693b58cbab0d3520f773","YES"
"day03/Code.7z!03_GD32_LVGL_SmartWatch/Library/TIMER.h","projects/04-baremetal-smartwatch/course/Library/TIMER.h","4ec4787176e0debbd5715cb8cc2ab297c420796872b249145746250c2b582fba","4ec4787176e0debbd5715cb8cc2ab297c420796872b249145746250c2b582fba","YES"
"day03/Code.7z!03_GD32_LVGL_SmartWatch/Library/USART/USART_config.h","projects/04-baremetal-smartwatch/course/Library/USART/USART_config.h","a115c4ac9cd9a60d269f35793455ab9bb63ff3a375a860bb5c43a58f4c0c9f1f","a115c4ac9cd9a60d269f35793455ab9bb63ff3a375a860bb5c43a58f4c0c9f1f","YES"
"day03/Code.7z!03_GD32_LVGL_SmartWatch/Library/USART/USART.c","projects/04-baremetal-smartwatch/course/Library/USART/USART.c","2f9bb98e49eb21aa5a9813c1340e2ba5187ab29c7034d9d898827ca3a592a988","2f9bb98e49eb21aa5a9813c1340e2ba5187ab29c7034d9d898827ca3a592a988","YES"
"day03/Code.7z!03_GD32_LVGL_SmartWatch/Library/USART/USART.h","projects/04-baremetal-smartwatch/course/Library/USART/USART.h","c365a4143b5bca67299c41db548db6e4c7695d704b542c998e35f58bc9322d1a","c365a4143b5bca67299c41db548db6e4c7695d704b542c998e35f58bc9322d1a","YES"
"day03/Code.7z!03_GD32_LVGL_SmartWatch/Library/USART/USART0.c","projects/04-baremetal-smartwatch/course/Library/USART/USART0.c","d30ec7e30aea5afc0b64062eebea846c587f95f76bfed493475d370dc33b37ef","d30ec7e30aea5afc0b64062eebea846c587f95f76bfed493475d370dc33b37ef","YES"
"day03/Code.7z!03_GD32_LVGL_SmartWatch/Library/USART/USART0.h","projects/04-baremetal-smartwatch/course/Library/USART/USART0.h","58d96f267dbbc3582c0622526177c7d0eccef031019ef990796afccb44a908db","58d96f267dbbc3582c0622526177c7d0eccef031019ef990796afccb44a908db","YES"
"day03/Code.7z!03_GD32_LVGL_SmartWatch/Library/USART/USART1.c","projects/04-baremetal-smartwatch/course/Library/USART/USART1.c","9a6de68381da651969320719756e612b82da20c772aa3b7c9e6df4871247ee57","9a6de68381da651969320719756e612b82da20c772aa3b7c9e6df4871247ee57","YES"
"day03/Code.7z!03_GD32_LVGL_SmartWatch/Library/USART/USART1.h","projects/04-baremetal-smartwatch/course/Library/USART/USART1.h","613ec47204418fbbeb443a5c1567065bc07a487c386aec4f6756f84f46807866","613ec47204418fbbeb443a5c1567065bc07a487c386aec4f6756f84f46807866","YES"
"day03/Code.7z!03_GD32_LVGL_SmartWatch/Project/GD32F407.uvprojx","projects/04-baremetal-smartwatch/course/Project/GD32F407.uvprojx","87c951f119602d655c8e7645f3e31ecb1dd7bef09c6bef76f9b0d78f98a4869a","87c951f119602d655c8e7645f3e31ecb1dd7bef09c6bef76f9b0d78f98a4869a","YES"
"day03/Code.7z!03_GD32_LVGL_SmartWatch/Third_Party/lv_conf.h","projects/04-baremetal-smartwatch/course/Third_Party/lv_conf.h","cc6d174cb9bc01ef06f632875ce35e0a361b75977e24c18ddefdbcd678abda34","cc6d174cb9bc01ef06f632875ce35e0a361b75977e24c18ddefdbcd678abda34","YES"
"day03/Code.7z!03_GD32_LVGL_SmartWatch/Third_Party/lv_drivers/lv_port_disp.c","projects/04-baremetal-smartwatch/course/Third_Party/lv_drivers/lv_port_disp.c","94e3db365d5753a3e557e9674db125fdada4011cf4f375bdc2c49d6a8ebcc3f7","94e3db365d5753a3e557e9674db125fdada4011cf4f375bdc2c49d6a8ebcc3f7","YES"
"day03/Code.7z!03_GD32_LVGL_SmartWatch/Third_Party/lv_drivers/lv_port_disp.h","projects/04-baremetal-smartwatch/course/Third_Party/lv_drivers/lv_port_disp.h","ed7a3f692cb512e58a3a4ab77e3811e8b27f05ecf74f24831efb84c959de9c2b","ed7a3f692cb512e58a3a4ab77e3811e8b27f05ecf74f24831efb84c959de9c2b","YES"
"day03/Code.7z!03_GD32_LVGL_SmartWatch/Third_Party/lv_drivers/lv_port_fs.c","projects/04-baremetal-smartwatch/course/Third_Party/lv_drivers/lv_port_fs.c","0f594d44dc7e9b1d566815261453a9c0965d8514bd9848a62b5abe262ce423f3","0f594d44dc7e9b1d566815261453a9c0965d8514bd9848a62b5abe262ce423f3","YES"
"day03/Code.7z!03_GD32_LVGL_SmartWatch/Third_Party/lv_drivers/lv_port_fs.h","projects/04-baremetal-smartwatch/course/Third_Party/lv_drivers/lv_port_fs.h","e0f77547b44f0d53d8db9ba8dd420088dd81bbc4e7e71f0064166664c5fda1a3","e0f77547b44f0d53d8db9ba8dd420088dd81bbc4e7e71f0064166664c5fda1a3","YES"
"day03/Code.7z!03_GD32_LVGL_SmartWatch/Third_Party/lv_drivers/lv_port_indev.c","projects/04-baremetal-smartwatch/course/Third_Party/lv_drivers/lv_port_indev.c","3628d1a032d5884dc3ec22c7b1348467ddbdb94f329cfe142ea6b1ced6c5500e","3628d1a032d5884dc3ec22c7b1348467ddbdb94f329cfe142ea6b1ced6c5500e","YES"
"day03/Code.7z!03_GD32_LVGL_SmartWatch/Third_Party/lv_drivers/lv_port_indev.h","projects/04-baremetal-smartwatch/course/Third_Party/lv_drivers/lv_port_indev.h","c1f228cb6ebd3268a015b26c0ac657db9b6bdf615c7efc78407101a1c2f6a901","c1f228cb6ebd3268a015b26c0ac657db9b6bdf615c7efc78407101a1c2f6a901","YES"
"day03/Code.7z!03_GD32_LVGL_SmartWatch/Third_Party/lvgl/.gitignore","projects/04-baremetal-smartwatch/course/Third_Party/lvgl/.gitignore","32afc50da88a143bf06a953f43c62482cf805ced61057fda71f05f135b5bf383","32afc50da88a143bf06a953f43c62482cf805ced61057fda71f05f135b5bf383","YES"
"day03/Code.7z!03_GD32_LVGL_SmartWatch/Third_Party/lvgl/lv_conf_template.h","projects/04-baremetal-smartwatch/course/Third_Party/lvgl/lv_conf_template.h","fce1a88a9346c8a024651ae4c7c37deb2bcbfd402f46baccc94894e768dbd2b4","fce1a88a9346c8a024651ae4c7c37deb2bcbfd402f46baccc94894e768dbd2b4","YES"
"day03/Code.7z!03_GD32_LVGL_SmartWatch/Third_Party/lvgl/lvgl.h","projects/04-baremetal-smartwatch/course/Third_Party/lvgl/lvgl.h","98c536dba790e1a30424fc95163147bf7005c5ffd0f637906c339890893872a3","98c536dba790e1a30424fc95163147bf7005c5ffd0f637906c339890893872a3","YES"
"day03/Code.7z!03_GD32_LVGL_SmartWatch/Third_Party/lvgl/src/core/lv_core.mk","projects/04-baremetal-smartwatch/course/Third_Party/lvgl/src/core/lv_core.mk","4e484856a86a70f8cf62c61e5c2b94cf97f5a1296e23466b5fa227a495270674","4e484856a86a70f8cf62c61e5c2b94cf97f5a1296e23466b5fa227a495270674","YES"
"day03/Code.7z!03_GD32_LVGL_SmartWatch/Third_Party/lvgl/src/core/lv_disp.c","projects/04-baremetal-smartwatch/course/Third_Party/lvgl/src/core/lv_disp.c","d5c483fc8f2aa9d6c24605536b3b47e28e7a46fb5fb62acb7ee34086043c37a9","d5c483fc8f2aa9d6c24605536b3b47e28e7a46fb5fb62acb7ee34086043c37a9","YES"
"day03/Code.7z!03_GD32_LVGL_SmartWatch/Third_Party/lvgl/src/core/lv_disp.h","projects/04-baremetal-smartwatch/course/Third_Party/lvgl/src/core/lv_disp.h","4cdf3acd468375d0f1f918b2a3d50cb820265655ed7ef67ffa066c3dfd778e31","4cdf3acd468375d0f1f918b2a3d50cb820265655ed7ef67ffa066c3dfd778e31","YES"
"day03/Code.7z!03_GD32_LVGL_SmartWatch/Third_Party/lvgl/src/core/lv_event.c","projects/04-baremetal-smartwatch/course/Third_Party/lvgl/src/core/lv_event.c","01fec7fc6bd01506876f59b42c4544c1985310a226cb27dbc7408d2212aac6ba","01fec7fc6bd01506876f59b42c4544c1985310a226cb27dbc7408d2212aac6ba","YES"
"day03/Code.7z!03_GD32_LVGL_SmartWatch/Third_Party/lvgl/src/core/lv_event.h","projects/04-baremetal-smartwatch/course/Third_Party/lvgl/src/core/lv_event.h","4b6fa24501c88775d87b0059388d5a7079b8c688ea5c060e6227d856557cb35e","4b6fa24501c88775d87b0059388d5a7079b8c688ea5c060e6227d856557cb35e","YES"
"day03/Code.7z!03_GD32_LVGL_SmartWatch/Third_Party/lvgl/src/core/lv_group.c","projects/04-baremetal-smartwatch/course/Third_Party/lvgl/src/core/lv_group.c","1430050436845151ba74461a31d558552d9faf89489d8aec6c203d2b53d66d98","1430050436845151ba74461a31d558552d9faf89489d8aec6c203d2b53d66d98","YES"
"day03/Code.7z!03_GD32_LVGL_SmartWatch/Third_Party/lvgl/src/core/lv_group.h","projects/04-baremetal-smartwatch/course/Third_Party/lvgl/src/core/lv_group.h","67e462c4b4a34d18c3c6d131cabea492b5f5e0951f0d0dcb0008fbf5d9209e3d","67e462c4b4a34d18c3c6d131cabea492b5f5e0951f0d0dcb0008fbf5d9209e3d","YES"
"day03/Code.7z!03_GD32_LVGL_SmartWatch/Third_Party/lvgl/src/core/lv_indev_scroll.c","projects/04-baremetal-smartwatch/course/Third_Party/lvgl/src/core/lv_indev_scroll.c","9049e1052033bdd7af7060abab88ff571ed258af2d0b6a0378babca8d251a564","9049e1052033bdd7af7060abab88ff571ed258af2d0b6a0378babca8d251a564","YES"
"day03/Code.7z!03_GD32_LVGL_SmartWatch/Third_Party/lvgl/src/core/lv_indev_scroll.h","projects/04-baremetal-smartwatch/course/Third_Party/lvgl/src/core/lv_indev_scroll.h","3b552db89aeeed85dd2cbdaafcc66f040459063465f07dad745f9fb89aba861f","3b552db89aeeed85dd2cbdaafcc66f040459063465f07dad745f9fb89aba861f","YES"
"day03/Code.7z!03_GD32_LVGL_SmartWatch/Third_Party/lvgl/src/core/lv_indev.c","projects/04-baremetal-smartwatch/course/Third_Party/lvgl/src/core/lv_indev.c","ce2d4915b4e478c02a6f86474e4a241056128f674c60edfd1d40ad5e7fd1b599","ce2d4915b4e478c02a6f86474e4a241056128f674c60edfd1d40ad5e7fd1b599","YES"
"day03/Code.7z!03_GD32_LVGL_SmartWatch/Third_Party/lvgl/src/core/lv_indev.h","projects/04-baremetal-smartwatch/course/Third_Party/lvgl/src/core/lv_indev.h","10aac9ffdf5105b8e699f2e6e4edc604fd176409a52a499377adc85e5e6f3382","10aac9ffdf5105b8e699f2e6e4edc604fd176409a52a499377adc85e5e6f3382","YES"
"day03/Code.7z!03_GD32_LVGL_SmartWatch/Third_Party/lvgl/src/core/lv_obj_class.c","projects/04-baremetal-smartwatch/course/Third_Party/lvgl/src/core/lv_obj_class.c","f56368d1f291d78871eee167f1ee1900ab2882693de09ee3f50caafaeedf1f77","f56368d1f291d78871eee167f1ee1900ab2882693de09ee3f50caafaeedf1f77","YES"
"day03/Code.7z!03_GD32_LVGL_SmartWatch/Third_Party/lvgl/src/core/lv_obj_class.h","projects/04-baremetal-smartwatch/course/Third_Party/lvgl/src/core/lv_obj_class.h","d14c97e15012cc6207c66129691694d1a4d7b340d9c3a0995067f25da20c499d","d14c97e15012cc6207c66129691694d1a4d7b340d9c3a0995067f25da20c499d","YES"
"day03/Code.7z!03_GD32_LVGL_SmartWatch/Third_Party/lvgl/src/core/lv_obj_draw.c","projects/04-baremetal-smartwatch/course/Third_Party/lvgl/src/core/lv_obj_draw.c","025c755e75cbf3b4968b9b4687d96cdf9d99de0336883dbf20f238ad144524cf","025c755e75cbf3b4968b9b4687d96cdf9d99de0336883dbf20f238ad144524cf","YES"
"day03/Code.7z!03_GD32_LVGL_SmartWatch/Third_Party/lvgl/src/core/lv_obj_draw.h","projects/04-baremetal-smartwatch/course/Third_Party/lvgl/src/core/lv_obj_draw.h","fd1d2b69c6b2f1f5dbd4c9f0eda32ff4f49dfb484051ba3607b8f5aee6212ea0","fd1d2b69c6b2f1f5dbd4c9f0eda32ff4f49dfb484051ba3607b8f5aee6212ea0","YES"
"day03/Code.7z!03_GD32_LVGL_SmartWatch/Third_Party/lvgl/src/core/lv_obj_pos.c","projects/04-baremetal-smartwatch/course/Third_Party/lvgl/src/core/lv_obj_pos.c","b2bf1a8eecf90a699b6acc05a8e7c1a7ffa94a81c67f5867a3b62df9d662a82c","b2bf1a8eecf90a699b6acc05a8e7c1a7ffa94a81c67f5867a3b62df9d662a82c","YES"
"day03/Code.7z!03_GD32_LVGL_SmartWatch/Third_Party/lvgl/src/core/lv_obj_pos.h","projects/04-baremetal-smartwatch/course/Third_Party/lvgl/src/core/lv_obj_pos.h","36ffacbe4964e64653949b0c784c19d408cbb46274bb4859472a688b80a8375e","36ffacbe4964e64653949b0c784c19d408cbb46274bb4859472a688b80a8375e","YES"
"day03/Code.7z!03_GD32_LVGL_SmartWatch/Third_Party/lvgl/src/core/lv_obj_scroll.c","projects/04-baremetal-smartwatch/course/Third_Party/lvgl/src/core/lv_obj_scroll.c","cc8df0c68da3f19774bcb6e9e180c0dc1261062d7b04b37c43950d4c7914b341","cc8df0c68da3f19774bcb6e9e180c0dc1261062d7b04b37c43950d4c7914b341","YES"
"day03/Code.7z!03_GD32_LVGL_SmartWatch/Third_Party/lvgl/src/core/lv_obj_scroll.h","projects/04-baremetal-smartwatch/course/Third_Party/lvgl/src/core/lv_obj_scroll.h","bd04014c236f1495d59a73cb6855bd5a8ea0ec5b2a883f32e3191fb70938af74","bd04014c236f1495d59a73cb6855bd5a8ea0ec5b2a883f32e3191fb70938af74","YES"
"day03/Code.7z!03_GD32_LVGL_SmartWatch/Third_Party/lvgl/src/core/lv_obj_style_gen.c","projects/04-baremetal-smartwatch/course/Third_Party/lvgl/src/core/lv_obj_style_gen.c","8ddda9268506e10d2b2436cb53b66455ee54132679f063511f056a3993dccc49","8ddda9268506e10d2b2436cb53b66455ee54132679f063511f056a3993dccc49","YES"
"day03/Code.7z!03_GD32_LVGL_SmartWatch/Third_Party/lvgl/src/core/lv_obj_style_gen.h","projects/04-baremetal-smartwatch/course/Third_Party/lvgl/src/core/lv_obj_style_gen.h","9317c91f8072eef12b10c2383148ca108667d83a4ee6f98d37dedc8216e9dc64","9317c91f8072eef12b10c2383148ca108667d83a4ee6f98d37dedc8216e9dc64","YES"
"day03/Code.7z!03_GD32_LVGL_SmartWatch/Third_Party/lvgl/src/core/lv_obj_style.c","projects/04-baremetal-smartwatch/course/Third_Party/lvgl/src/core/lv_obj_style.c","2ad29ac7530ebda0d5802c89cbafd3ea08ab68788badf197c92e615c8197caf7","2ad29ac7530ebda0d5802c89cbafd3ea08ab68788badf197c92e615c8197caf7","YES"
"day03/Code.7z!03_GD32_LVGL_SmartWatch/Third_Party/lvgl/src/core/lv_obj_style.h","projects/04-baremetal-smartwatch/course/Third_Party/lvgl/src/core/lv_obj_style.h","18cdac04310609259d84b9e6b5fef78872897f0bfa323c7ac0fa25733ed5dddc","18cdac04310609259d84b9e6b5fef78872897f0bfa323c7ac0fa25733ed5dddc","YES"
"day03/Code.7z!03_GD32_LVGL_SmartWatch/Third_Party/lvgl/src/core/lv_obj_tree.c","projects/04-baremetal-smartwatch/course/Third_Party/lvgl/src/core/lv_obj_tree.c","eaac6b4fccc9c477d237b18d8b01103e69371ffdefab9d2685de539418a75d6e","eaac6b4fccc9c477d237b18d8b01103e69371ffdefab9d2685de539418a75d6e","YES"
"day03/Code.7z!03_GD32_LVGL_SmartWatch/Third_Party/lvgl/src/core/lv_obj_tree.h","projects/04-baremetal-smartwatch/course/Third_Party/lvgl/src/core/lv_obj_tree.h","d841965e5093493189895dfc0f0682f0d2d6e40905a7204c9bb9dc14b7177501","d841965e5093493189895dfc0f0682f0d2d6e40905a7204c9bb9dc14b7177501","YES"
"day03/Code.7z!03_GD32_LVGL_SmartWatch/Third_Party/lvgl/src/core/lv_obj.c","projects/04-baremetal-smartwatch/course/Third_Party/lvgl/src/core/lv_obj.c","66982a18428ccb7c28d523d144f128d289935e748e6f27a1d1f26df1928c93a6","66982a18428ccb7c28d523d144f128d289935e748e6f27a1d1f26df1928c93a6","YES"
"day03/Code.7z!03_GD32_LVGL_SmartWatch/Third_Party/lvgl/src/core/lv_obj.h","projects/04-baremetal-smartwatch/course/Third_Party/lvgl/src/core/lv_obj.h","f12f8d145954cea44cdf9290537c9b0231cbecce56c28f93902000f535d293d3","f12f8d145954cea44cdf9290537c9b0231cbecce56c28f93902000f535d293d3","YES"
"day03/Code.7z!03_GD32_LVGL_SmartWatch/Third_Party/lvgl/src/core/lv_refr.c","projects/04-baremetal-smartwatch/course/Third_Party/lvgl/src/core/lv_refr.c","6aca7ff57a634d5a220465feccee749dd22890c3f2d9748b6f690c4b6105eb70","6aca7ff57a634d5a220465feccee749dd22890c3f2d9748b6f690c4b6105eb70","YES"
"day03/Code.7z!03_GD32_LVGL_SmartWatch/Third_Party/lvgl/src/core/lv_refr.h","projects/04-baremetal-smartwatch/course/Third_Party/lvgl/src/core/lv_refr.h","e5bce21ae5175f5c2ed622039aac59a594531878b28be17381f55d535079eebd","e5bce21ae5175f5c2ed622039aac59a594531878b28be17381f55d535079eebd","YES"
"day03/Code.7z!03_GD32_LVGL_SmartWatch/Third_Party/lvgl/src/core/lv_theme.c","projects/04-baremetal-smartwatch/course/Third_Party/lvgl/src/core/lv_theme.c","90877775a9f5f6d3eaf65fba6b75e0c18628e952dfc00c3e79ebaf6526ce4983","90877775a9f5f6d3eaf65fba6b75e0c18628e952dfc00c3e79ebaf6526ce4983","YES"
"day03/Code.7z!03_GD32_LVGL_SmartWatch/Third_Party/lvgl/src/core/lv_theme.h","projects/04-baremetal-smartwatch/course/Third_Party/lvgl/src/core/lv_theme.h","951f83d283f01c6f4c2bf1cf6f2aa30f16c068d63dcf5aee5b6c93cb5903764a","951f83d283f01c6f4c2bf1cf6f2aa30f16c068d63dcf5aee5b6c93cb5903764a","YES"
"day03/Code.7z!03_GD32_LVGL_SmartWatch/Third_Party/lvgl/src/draw/arm2d/lv_draw_arm2d.mk","projects/04-baremetal-smartwatch/course/Third_Party/lvgl/src/draw/arm2d/lv_draw_arm2d.mk","7c5ab95a37ecfbaca3587ea7b3d85bb52656889350eabc9fc689de5c868f08f2","7c5ab95a37ecfbaca3587ea7b3d85bb52656889350eabc9fc689de5c868f08f2","YES"
"day03/Code.7z!03_GD32_LVGL_SmartWatch/Third_Party/lvgl/src/draw/arm2d/lv_gpu_arm2d.c","projects/04-baremetal-smartwatch/course/Third_Party/lvgl/src/draw/arm2d/lv_gpu_arm2d.c","00aa99f0ac8c72b3a2e870c0d43d546ef65038c6e6bcd07c1475250ef3321cd8","00aa99f0ac8c72b3a2e870c0d43d546ef65038c6e6bcd07c1475250ef3321cd8","YES"
"day03/Code.7z!03_GD32_LVGL_SmartWatch/Third_Party/lvgl/src/draw/arm2d/lv_gpu_arm2d.h","projects/04-baremetal-smartwatch/course/Third_Party/lvgl/src/draw/arm2d/lv_gpu_arm2d.h","1917c286c862969f7d7f9e0542e2374b6584997d419af37e6ce15b90b0a12b00","1917c286c862969f7d7f9e0542e2374b6584997d419af37e6ce15b90b0a12b00","YES"
"day03/Code.7z!03_GD32_LVGL_SmartWatch/Third_Party/lvgl/src/draw/lv_draw_arc.c","projects/04-baremetal-smartwatch/course/Third_Party/lvgl/src/draw/lv_draw_arc.c","112e6f8081cb993fc1dfa505de08b00e802f12e0c3bdd04ac382af14ffbf31ce","112e6f8081cb993fc1dfa505de08b00e802f12e0c3bdd04ac382af14ffbf31ce","YES"
"day03/Code.7z!03_GD32_LVGL_SmartWatch/Third_Party/lvgl/src/draw/lv_draw_arc.h","projects/04-baremetal-smartwatch/course/Third_Party/lvgl/src/draw/lv_draw_arc.h","95fd2ed8a5c143e5691de5ad92928ea3fce6ee229fcdd298b140bbddcd7c9c7d","95fd2ed8a5c143e5691de5ad92928ea3fce6ee229fcdd298b140bbddcd7c9c7d","YES"
"day03/Code.7z!03_GD32_LVGL_SmartWatch/Third_Party/lvgl/src/draw/lv_draw_img.c","projects/04-baremetal-smartwatch/course/Third_Party/lvgl/src/draw/lv_draw_img.c","dd7bd04aa2dd18ec6db7da2785d59acba0a0e3839b4ab0c23150321b21db95d1","dd7bd04aa2dd18ec6db7da2785d59acba0a0e3839b4ab0c23150321b21db95d1","YES"
"day03/Code.7z!03_GD32_LVGL_SmartWatch/Third_Party/lvgl/src/draw/lv_draw_img.h","projects/04-baremetal-smartwatch/course/Third_Party/lvgl/src/draw/lv_draw_img.h","cbd715a3b5ed97963800348db214e0797035e1ca3616d0bbd679eef2ce49ef25","cbd715a3b5ed97963800348db214e0797035e1ca3616d0bbd679eef2ce49ef25","YES"
"day03/Code.7z!03_GD32_LVGL_SmartWatch/Third_Party/lvgl/src/draw/lv_draw_label.c","projects/04-baremetal-smartwatch/course/Third_Party/lvgl/src/draw/lv_draw_label.c","94a36626981552d2984603c56efb35711e8115700a77abadd3debd32c3da1c29","94a36626981552d2984603c56efb35711e8115700a77abadd3debd32c3da1c29","YES"
"day03/Code.7z!03_GD32_LVGL_SmartWatch/Third_Party/lvgl/src/draw/lv_draw_label.h","projects/04-baremetal-smartwatch/course/Third_Party/lvgl/src/draw/lv_draw_label.h","0349692fc5035bda6ec893e8820b6c2792a0cf34d05dc61ff361f1c1de7c3c9a","0349692fc5035bda6ec893e8820b6c2792a0cf34d05dc61ff361f1c1de7c3c9a","YES"
"day03/Code.7z!03_GD32_LVGL_SmartWatch/Third_Party/lvgl/src/draw/lv_draw_layer.c","projects/04-baremetal-smartwatch/course/Third_Party/lvgl/src/draw/lv_draw_layer.c","3cc437da7f49dd716f3ca6ef8d2d9e692bd470a41b0679a1cd6f75af42e0adbf","3cc437da7f49dd716f3ca6ef8d2d9e692bd470a41b0679a1cd6f75af42e0adbf","YES"
"day03/Code.7z!03_GD32_LVGL_SmartWatch/Third_Party/lvgl/src/draw/lv_draw_layer.h","projects/04-baremetal-smartwatch/course/Third_Party/lvgl/src/draw/lv_draw_layer.h","bbc802d79ff87752b7548b05b82b8c4b77ad1797459baac4c965731bb0881b8c","bbc802d79ff87752b7548b05b82b8c4b77ad1797459baac4c965731bb0881b8c","YES"
"day03/Code.7z!03_GD32_LVGL_SmartWatch/Third_Party/lvgl/src/draw/lv_draw_line.c","projects/04-baremetal-smartwatch/course/Third_Party/lvgl/src/draw/lv_draw_line.c","0555f0036c21e63a2c1d30d680292d0b4cfe3a560c8d2dc71185ee33cf60addf","0555f0036c21e63a2c1d30d680292d0b4cfe3a560c8d2dc71185ee33cf60addf","YES"
"day03/Code.7z!03_GD32_LVGL_SmartWatch/Third_Party/lvgl/src/draw/lv_draw_line.h","projects/04-baremetal-smartwatch/course/Third_Party/lvgl/src/draw/lv_draw_line.h","1186475d9f56f9b1bb85e07d0721c5687381ca421c4535074926bf2f26527f0c","1186475d9f56f9b1bb85e07d0721c5687381ca421c4535074926bf2f26527f0c","YES"
"day03/Code.7z!03_GD32_LVGL_SmartWatch/Third_Party/lvgl/src/draw/lv_draw_mask.c","projects/04-baremetal-smartwatch/course/Third_Party/lvgl/src/draw/lv_draw_mask.c","2a7d6bd1d9031d9f376d892dcfce8ec07cfbcb1c88b85d4d4347ec7f1ffc2763","2a7d6bd1d9031d9f376d892dcfce8ec07cfbcb1c88b85d4d4347ec7f1ffc2763","YES"
"day03/Code.7z!03_GD32_LVGL_SmartWatch/Third_Party/lvgl/src/draw/lv_draw_mask.h","projects/04-baremetal-smartwatch/course/Third_Party/lvgl/src/draw/lv_draw_mask.h","fd13b3294d6a4acb418d890457c3748cd3acc9a753368cf9508087e89a7236ec","fd13b3294d6a4acb418d890457c3748cd3acc9a753368cf9508087e89a7236ec","YES"
"day03/Code.7z!03_GD32_LVGL_SmartWatch/Third_Party/lvgl/src/draw/lv_draw_rect.c","projects/04-baremetal-smartwatch/course/Third_Party/lvgl/src/draw/lv_draw_rect.c","6bcb01c108b62424ad50fbcb8d8630050f03941b76a5f0b75b2e72d8d7181c66","6bcb01c108b62424ad50fbcb8d8630050f03941b76a5f0b75b2e72d8d7181c66","YES"
"day03/Code.7z!03_GD32_LVGL_SmartWatch/Third_Party/lvgl/src/draw/lv_draw_rect.h","projects/04-baremetal-smartwatch/course/Third_Party/lvgl/src/draw/lv_draw_rect.h","64fa7b1166bd152afb2c98e379296960fbda5f07e234c35f49dcfedb4cc2fb10","64fa7b1166bd152afb2c98e379296960fbda5f07e234c35f49dcfedb4cc2fb10","YES"
"day03/Code.7z!03_GD32_LVGL_SmartWatch/Third_Party/lvgl/src/draw/lv_draw_transform.c","projects/04-baremetal-smartwatch/course/Third_Party/lvgl/src/draw/lv_draw_transform.c","99d3e56030bdb0cad705b9ce8e2f668ab2b5d0346e5e69056796794e099eb9ea","99d3e56030bdb0cad705b9ce8e2f668ab2b5d0346e5e69056796794e099eb9ea","YES"
"day03/Code.7z!03_GD32_LVGL_SmartWatch/Third_Party/lvgl/src/draw/lv_draw_transform.h","projects/04-baremetal-smartwatch/course/Third_Party/lvgl/src/draw/lv_draw_transform.h","a2b61654d8f6ce4916317cd11689fdfcb726d632625eca4d87de008f9a8ebf07","a2b61654d8f6ce4916317cd11689fdfcb726d632625eca4d87de008f9a8ebf07","YES"
"day03/Code.7z!03_GD32_LVGL_SmartWatch/Third_Party/lvgl/src/draw/lv_draw_triangle.c","projects/04-baremetal-smartwatch/course/Third_Party/lvgl/src/draw/lv_draw_triangle.c","526b6c8a3ed0f16aa6169fbc8e34697e1f7670b553dfa4cdf89eaff6321991b8","526b6c8a3ed0f16aa6169fbc8e34697e1f7670b553dfa4cdf89eaff6321991b8","YES"
"day03/Code.7z!03_GD32_LVGL_SmartWatch/Third_Party/lvgl/src/draw/lv_draw_triangle.h","projects/04-baremetal-smartwatch/course/Third_Party/lvgl/src/draw/lv_draw_triangle.h","8b15091f30b4ea62220dd08a60487a1ce688cd58573a51d07a353192f75cbe7c","8b15091f30b4ea62220dd08a60487a1ce688cd58573a51d07a353192f75cbe7c","YES"
"day03/Code.7z!03_GD32_LVGL_SmartWatch/Third_Party/lvgl/src/draw/lv_draw.c","projects/04-baremetal-smartwatch/course/Third_Party/lvgl/src/draw/lv_draw.c","b61110a739d1cb98aaa78cb414cece155880c22c79f95ae8810d10420ffeb7f0","b61110a739d1cb98aaa78cb414cece155880c22c79f95ae8810d10420ffeb7f0","YES"
"day03/Code.7z!03_GD32_LVGL_SmartWatch/Third_Party/lvgl/src/draw/lv_draw.h","projects/04-baremetal-smartwatch/course/Third_Party/lvgl/src/draw/lv_draw.h","cffe5d995da15c5c781c2d50ababaf1e5bad7f2d86fe76755eab4838ee0212bd","cffe5d995da15c5c781c2d50ababaf1e5bad7f2d86fe76755eab4838ee0212bd","YES"
"day03/Code.7z!03_GD32_LVGL_SmartWatch/Third_Party/lvgl/src/draw/lv_draw.mk","projects/04-baremetal-smartwatch/course/Third_Party/lvgl/src/draw/lv_draw.mk","97094df8a8d22a6bab92827269eb5fb149be99b9fb9d9d919961e2102729f78c","97094df8a8d22a6bab92827269eb5fb149be99b9fb9d9d919961e2102729f78c","YES"
"day03/Code.7z!03_GD32_LVGL_SmartWatch/Third_Party/lvgl/src/draw/lv_img_buf.c","projects/04-baremetal-smartwatch/course/Third_Party/lvgl/src/draw/lv_img_buf.c","bc4cab4c289d97bf578ac7aaf7ecb0a84d08bcdcf80a8a1327b5a0ef1e287c78","bc4cab4c289d97bf578ac7aaf7ecb0a84d08bcdcf80a8a1327b5a0ef1e287c78","YES"
"day03/Code.7z!03_GD32_LVGL_SmartWatch/Third_Party/lvgl/src/draw/lv_img_buf.h","projects/04-baremetal-smartwatch/course/Third_Party/lvgl/src/draw/lv_img_buf.h","70118b2b271e42c28aa1892fc3dcafb08ab7644b2440f44f56ba24aede0cd696","70118b2b271e42c28aa1892fc3dcafb08ab7644b2440f44f56ba24aede0cd696","YES"
"day03/Code.7z!03_GD32_LVGL_SmartWatch/Third_Party/lvgl/src/draw/lv_img_cache.c","projects/04-baremetal-smartwatch/course/Third_Party/lvgl/src/draw/lv_img_cache.c","da4c953ba6433401ba12f4518cb91cdac27ab8e76df03595f0a2d7a0a116f5e6","da4c953ba6433401ba12f4518cb91cdac27ab8e76df03595f0a2d7a0a116f5e6","YES"
"day03/Code.7z!03_GD32_LVGL_SmartWatch/Third_Party/lvgl/src/draw/lv_img_cache.h","projects/04-baremetal-smartwatch/course/Third_Party/lvgl/src/draw/lv_img_cache.h","62a6f7c9ca83e9150b9395f6e2a8462ba1fd82f4918f7b1eafe4e0f09bc28601","62a6f7c9ca83e9150b9395f6e2a8462ba1fd82f4918f7b1eafe4e0f09bc28601","YES"
"day03/Code.7z!03_GD32_LVGL_SmartWatch/Third_Party/lvgl/src/draw/lv_img_decoder.c","projects/04-baremetal-smartwatch/course/Third_Party/lvgl/src/draw/lv_img_decoder.c","087629fcae9af0daf03047f409898758fae38042f2f0334843339fd9056443ff","087629fcae9af0daf03047f409898758fae38042f2f0334843339fd9056443ff","YES"
"day03/Code.7z!03_GD32_LVGL_SmartWatch/Third_Party/lvgl/src/draw/lv_img_decoder.h","projects/04-baremetal-smartwatch/course/Third_Party/lvgl/src/draw/lv_img_decoder.h","5cb254981e3ca3d2fa124fd36a7d08d7381bb492b3b8e0be9d9455e2f2b68ee5","5cb254981e3ca3d2fa124fd36a7d08d7381bb492b3b8e0be9d9455e2f2b68ee5","YES"
"day03/Code.7z!03_GD32_LVGL_SmartWatch/Third_Party/lvgl/src/draw/nxp/lv_draw_nxp.mk","projects/04-baremetal-smartwatch/course/Third_Party/lvgl/src/draw/nxp/lv_draw_nxp.mk","824549fdabaad7c63dcceb97d10d4e3b8e19dc657d5cf64810e34f0bec93c9bf","824549fdabaad7c63dcceb97d10d4e3b8e19dc657d5cf64810e34f0bec93c9bf","YES"
"day03/Code.7z!03_GD32_LVGL_SmartWatch/Third_Party/lvgl/src/draw/nxp/pxp/lv_draw_nxp_pxp.mk","projects/04-baremetal-smartwatch/course/Third_Party/lvgl/src/draw/nxp/pxp/lv_draw_nxp_pxp.mk","e06b6830dec86dfec06f99fd2bceb5cfbb82fb489d34e89b0a047d02b9a0d3d0","e06b6830dec86dfec06f99fd2bceb5cfbb82fb489d34e89b0a047d02b9a0d3d0","YES"
"day03/Code.7z!03_GD32_LVGL_SmartWatch/Third_Party/lvgl/src/draw/nxp/pxp/lv_draw_pxp_blend.c","projects/04-baremetal-smartwatch/course/Third_Party/lvgl/src/draw/nxp/pxp/lv_draw_pxp_blend.c","bbafb88bfbf4730cb35fd833a8598b8fd8db03efe2621ce199fda9ac7d8df87d","bbafb88bfbf4730cb35fd833a8598b8fd8db03efe2621ce199fda9ac7d8df87d","YES"
"day03/Code.7z!03_GD32_LVGL_SmartWatch/Third_Party/lvgl/src/draw/nxp/pxp/lv_draw_pxp_blend.h","projects/04-baremetal-smartwatch/course/Third_Party/lvgl/src/draw/nxp/pxp/lv_draw_pxp_blend.h","bde413bd13f5ffb9e3ff226e1b87f1e574b252bab9056dab215b599c2706b87c","bde413bd13f5ffb9e3ff226e1b87f1e574b252bab9056dab215b599c2706b87c","YES"
"day03/Code.7z!03_GD32_LVGL_SmartWatch/Third_Party/lvgl/src/draw/nxp/pxp/lv_draw_pxp.c","projects/04-baremetal-smartwatch/course/Third_Party/lvgl/src/draw/nxp/pxp/lv_draw_pxp.c","eb418004e1247b21b29e535897ccf70eb027fb5d001d40b3a7931c626a8c5538","eb418004e1247b21b29e535897ccf70eb027fb5d001d40b3a7931c626a8c5538","YES"
"day03/Code.7z!03_GD32_LVGL_SmartWatch/Third_Party/lvgl/src/draw/nxp/pxp/lv_draw_pxp.h","projects/04-baremetal-smartwatch/course/Third_Party/lvgl/src/draw/nxp/pxp/lv_draw_pxp.h","caef182d78db2f3219197d386c33e9ce410ce0bf4a2c8f9d2447f178c76520c0","caef182d78db2f3219197d386c33e9ce410ce0bf4a2c8f9d2447f178c76520c0","YES"
"day03/Code.7z!03_GD32_LVGL_SmartWatch/Third_Party/lvgl/src/draw/nxp/pxp/lv_gpu_nxp_pxp_osa.c","projects/04-baremetal-smartwatch/course/Third_Party/lvgl/src/draw/nxp/pxp/lv_gpu_nxp_pxp_osa.c","d953b008bd2bc9d3088e15a8c6c72ade7a7d2e5beeb3f67161c3db4556dafdce","d953b008bd2bc9d3088e15a8c6c72ade7a7d2e5beeb3f67161c3db4556dafdce","YES"
"day03/Code.7z!03_GD32_LVGL_SmartWatch/Third_Party/lvgl/src/draw/nxp/pxp/lv_gpu_nxp_pxp_osa.h","projects/04-baremetal-smartwatch/course/Third_Party/lvgl/src/draw/nxp/pxp/lv_gpu_nxp_pxp_osa.h","d493a8215852cc899ca7fbf26d0e4fc1384fa35d2eff9ac85713677d2c7bafe9","d493a8215852cc899ca7fbf26d0e4fc1384fa35d2eff9ac85713677d2c7bafe9","YES"
"day03/Code.7z!03_GD32_LVGL_SmartWatch/Third_Party/lvgl/src/draw/nxp/pxp/lv_gpu_nxp_pxp.c","projects/04-baremetal-smartwatch/course/Third_Party/lvgl/src/draw/nxp/pxp/lv_gpu_nxp_pxp.c","157ed890201853ddbde8d611280293ed5d5f2b16010e8f728349e4750eb706cd","157ed890201853ddbde8d611280293ed5d5f2b16010e8f728349e4750eb706cd","YES"
"day03/Code.7z!03_GD32_LVGL_SmartWatch/Third_Party/lvgl/src/draw/nxp/pxp/lv_gpu_nxp_pxp.h","projects/04-baremetal-smartwatch/course/Third_Party/lvgl/src/draw/nxp/pxp/lv_gpu_nxp_pxp.h","1d638aa07ab4dca33a8bfd0bdf7fbbd843174944a5349389a9b91d9a7a93c04c","1d638aa07ab4dca33a8bfd0bdf7fbbd843174944a5349389a9b91d9a7a93c04c","YES"
"day03/Code.7z!03_GD32_LVGL_SmartWatch/Third_Party/lvgl/src/draw/nxp/vglite/lv_draw_nxp_vglite.mk","projects/04-baremetal-smartwatch/course/Third_Party/lvgl/src/draw/nxp/vglite/lv_draw_nxp_vglite.mk","589f252d5dd2b8e97b10195270ebe81da7d3b039b5bde660207ef6bceb29bc5f","589f252d5dd2b8e97b10195270ebe81da7d3b039b5bde660207ef6bceb29bc5f","YES"
"day03/Code.7z!03_GD32_LVGL_SmartWatch/Third_Party/lvgl/src/draw/nxp/vglite/lv_draw_vglite_arc.c","projects/04-baremetal-smartwatch/course/Third_Party/lvgl/src/draw/nxp/vglite/lv_draw_vglite_arc.c","5c14bc721d48a5675548d7981064015a27ac0e641c1d0cdbd2a303b567bb9cb9","5c14bc721d48a5675548d7981064015a27ac0e641c1d0cdbd2a303b567bb9cb9","YES"
"day03/Code.7z!03_GD32_LVGL_SmartWatch/Third_Party/lvgl/src/draw/nxp/vglite/lv_draw_vglite_arc.h","projects/04-baremetal-smartwatch/course/Third_Party/lvgl/src/draw/nxp/vglite/lv_draw_vglite_arc.h","6ffea805e831e8b31dcca753b88f95849ac2e18c9e0079144e34cfc9de45bd4e","6ffea805e831e8b31dcca753b88f95849ac2e18c9e0079144e34cfc9de45bd4e","YES"
"day03/Code.7z!03_GD32_LVGL_SmartWatch/Third_Party/lvgl/src/draw/nxp/vglite/lv_draw_vglite_blend.c","projects/04-baremetal-smartwatch/course/Third_Party/lvgl/src/draw/nxp/vglite/lv_draw_vglite_blend.c","9a21a3ddf42a58798b606983ca4382b5cd864b22be19193134ca109738556781","9a21a3ddf42a58798b606983ca4382b5cd864b22be19193134ca109738556781","YES"
"day03/Code.7z!03_GD32_LVGL_SmartWatch/Third_Party/lvgl/src/draw/nxp/vglite/lv_draw_vglite_blend.h","projects/04-baremetal-smartwatch/course/Third_Party/lvgl/src/draw/nxp/vglite/lv_draw_vglite_blend.h","8757114959fef3c6c47962d889ba69659c51f2ea7ca509109ba0e2fb1d73bd72","8757114959fef3c6c47962d889ba69659c51f2ea7ca509109ba0e2fb1d73bd72","YES"
"day03/Code.7z!03_GD32_LVGL_SmartWatch/Third_Party/lvgl/src/draw/nxp/vglite/lv_draw_vglite_line.c","projects/04-baremetal-smartwatch/course/Third_Party/lvgl/src/draw/nxp/vglite/lv_draw_vglite_line.c","9c82647d4ee5557bcb45dac96ea3e193dfdde28700dfe222a47566869f171f62","9c82647d4ee5557bcb45dac96ea3e193dfdde28700dfe222a47566869f171f62","YES"
"day03/Code.7z!03_GD32_LVGL_SmartWatch/Third_Party/lvgl/src/draw/nxp/vglite/lv_draw_vglite_line.h","projects/04-baremetal-smartwatch/course/Third_Party/lvgl/src/draw/nxp/vglite/lv_draw_vglite_line.h","c6c3f43efd17f8c00d9350af0eb78eaba16a5034b8b9e9ea3d2691c370616393","c6c3f43efd17f8c00d9350af0eb78eaba16a5034b8b9e9ea3d2691c370616393","YES"
"day03/Code.7z!03_GD32_LVGL_SmartWatch/Third_Party/lvgl/src/draw/nxp/vglite/lv_draw_vglite_rect.c","projects/04-baremetal-smartwatch/course/Third_Party/lvgl/src/draw/nxp/vglite/lv_draw_vglite_rect.c","2084afc5008e8821dcd8b328716b4975525e0fb5d88256cbb6258f6398f74723","2084afc5008e8821dcd8b328716b4975525e0fb5d88256cbb6258f6398f74723","YES"
"day03/Code.7z!03_GD32_LVGL_SmartWatch/Third_Party/lvgl/src/draw/nxp/vglite/lv_draw_vglite_rect.h","projects/04-baremetal-smartwatch/course/Third_Party/lvgl/src/draw/nxp/vglite/lv_draw_vglite_rect.h","70ec9222e213e6c3303d8a456d59f52bac127f961edf671a4f673616ab188c98","70ec9222e213e6c3303d8a456d59f52bac127f961edf671a4f673616ab188c98","YES"
"day03/Code.7z!03_GD32_LVGL_SmartWatch/Third_Party/lvgl/src/draw/nxp/vglite/lv_draw_vglite.c","projects/04-baremetal-smartwatch/course/Third_Party/lvgl/src/draw/nxp/vglite/lv_draw_vglite.c","c26ecfef1105ccf03eb9f69557455468377389ada90359bdc90836170bbddec5","c26ecfef1105ccf03eb9f69557455468377389ada90359bdc90836170bbddec5","YES"
"day03/Code.7z!03_GD32_LVGL_SmartWatch/Third_Party/lvgl/src/draw/nxp/vglite/lv_draw_vglite.h","projects/04-baremetal-smartwatch/course/Third_Party/lvgl/src/draw/nxp/vglite/lv_draw_vglite.h","fde2d0e0f7e83018cbe07e61a348864a32a65bd23d701740ef641a40b841168e","fde2d0e0f7e83018cbe07e61a348864a32a65bd23d701740ef641a40b841168e","YES"
"day03/Code.7z!03_GD32_LVGL_SmartWatch/Third_Party/lvgl/src/draw/nxp/vglite/lv_vglite_buf.c","projects/04-baremetal-smartwatch/course/Third_Party/lvgl/src/draw/nxp/vglite/lv_vglite_buf.c","a172ea6652490c7d4cd8500c8f224b0e09dbc0ee8594d9cd4ad25dbd584f179b","a172ea6652490c7d4cd8500c8f224b0e09dbc0ee8594d9cd4ad25dbd584f179b","YES"
"day03/Code.7z!03_GD32_LVGL_SmartWatch/Third_Party/lvgl/src/draw/nxp/vglite/lv_vglite_buf.h","projects/04-baremetal-smartwatch/course/Third_Party/lvgl/src/draw/nxp/vglite/lv_vglite_buf.h","fc86e0009a477ba7af173c2ee5655bc2214930beb6adc35b29db392b1fd12281","fc86e0009a477ba7af173c2ee5655bc2214930beb6adc35b29db392b1fd12281","YES"
"day03/Code.7z!03_GD32_LVGL_SmartWatch/Third_Party/lvgl/src/draw/nxp/vglite/lv_vglite_utils.c","projects/04-baremetal-smartwatch/course/Third_Party/lvgl/src/draw/nxp/vglite/lv_vglite_utils.c","0415846f33045d96bb1bb7346a9ac3c35370642483eaf1d98c32651a94a254d2","0415846f33045d96bb1bb7346a9ac3c35370642483eaf1d98c32651a94a254d2","YES"
"day03/Code.7z!03_GD32_LVGL_SmartWatch/Third_Party/lvgl/src/draw/nxp/vglite/lv_vglite_utils.h","projects/04-baremetal-smartwatch/course/Third_Party/lvgl/src/draw/nxp/vglite/lv_vglite_utils.h","3292494ace7eed0078453d1784aa4db32eedc59bc4c85007695b0e35bf97cb4e","3292494ace7eed0078453d1784aa4db32eedc59bc4c85007695b0e35bf97cb4e","YES"
"day03/Code.7z!03_GD32_LVGL_SmartWatch/Third_Party/lvgl/src/draw/renesas/lv_draw_renesas.mk","projects/04-baremetal-smartwatch/course/Third_Party/lvgl/src/draw/renesas/lv_draw_renesas.mk","988d3dcc8b0391514bf4c60d3bd6d3e46df0b00d86c6ab330463e83c523bdfbd","988d3dcc8b0391514bf4c60d3bd6d3e46df0b00d86c6ab330463e83c523bdfbd","YES"
"day03/Code.7z!03_GD32_LVGL_SmartWatch/Third_Party/lvgl/src/draw/renesas/lv_gpu_d2_draw_label.c","projects/04-baremetal-smartwatch/course/Third_Party/lvgl/src/draw/renesas/lv_gpu_d2_draw_label.c","e478b9326ce307778215d4846135e2a1201249da1e1d5a9ed3ff537c6ef46073","e478b9326ce307778215d4846135e2a1201249da1e1d5a9ed3ff537c6ef46073","YES"
"day03/Code.7z!03_GD32_LVGL_SmartWatch/Third_Party/lvgl/src/draw/renesas/lv_gpu_d2_ra6m3.c","projects/04-baremetal-smartwatch/course/Third_Party/lvgl/src/draw/renesas/lv_gpu_d2_ra6m3.c","33c4a74e2698cfd1fc82e2517320a989d997645a2f03090fa4ef451cd8d28d66","33c4a74e2698cfd1fc82e2517320a989d997645a2f03090fa4ef451cd8d28d66","YES"
"day03/Code.7z!03_GD32_LVGL_SmartWatch/Third_Party/lvgl/src/draw/renesas/lv_gpu_d2_ra6m3.h","projects/04-baremetal-smartwatch/course/Third_Party/lvgl/src/draw/renesas/lv_gpu_d2_ra6m3.h","ccde417f7ec80b19029b4e86708fda5a1f6ebd4c68a86bfb175f8fe52e88a963","ccde417f7ec80b19029b4e86708fda5a1f6ebd4c68a86bfb175f8fe52e88a963","YES"
"day03/Code.7z!03_GD32_LVGL_SmartWatch/Third_Party/lvgl/src/draw/sdl/lv_draw_sdl_arc.c","projects/04-baremetal-smartwatch/course/Third_Party/lvgl/src/draw/sdl/lv_draw_sdl_arc.c","1b533f86776315e3ae814051d60ada4b11f6a625a04a9bf9efe2b6e588bedc9c","1b533f86776315e3ae814051d60ada4b11f6a625a04a9bf9efe2b6e588bedc9c","YES"
"day03/Code.7z!03_GD32_LVGL_SmartWatch/Third_Party/lvgl/src/draw/sdl/lv_draw_sdl_bg.c","projects/04-baremetal-smartwatch/course/Third_Party/lvgl/src/draw/sdl/lv_draw_sdl_bg.c","7c209e0e25ee7b9dc9c9b4b15dc7c9ffc6e1b5140b07dd6791c48fc654d65233","7c209e0e25ee7b9dc9c9b4b15dc7c9ffc6e1b5140b07dd6791c48fc654d65233","YES"
"day03/Code.7z!03_GD32_LVGL_SmartWatch/Third_Party/lvgl/src/draw/sdl/lv_draw_sdl_composite.c","projects/04-baremetal-smartwatch/course/Third_Party/lvgl/src/draw/sdl/lv_draw_sdl_composite.c","4b33ec3af09371d7283f226fbce6bd4b3f94b77822f867d73256ba1d93731b0a","4b33ec3af09371d7283f226fbce6bd4b3f94b77822f867d73256ba1d93731b0a","YES"
"day03/Code.7z!03_GD32_LVGL_SmartWatch/Third_Party/lvgl/src/draw/sdl/lv_draw_sdl_composite.h","projects/04-baremetal-smartwatch/course/Third_Party/lvgl/src/draw/sdl/lv_draw_sdl_composite.h","e9d1b425008fddadbcf22bf2def52be1a1a87eaae4ce4651ed88ea3d831997e3","e9d1b425008fddadbcf22bf2def52be1a1a87eaae4ce4651ed88ea3d831997e3","YES"
"day03/Code.7z!03_GD32_LVGL_SmartWatch/Third_Party/lvgl/src/draw/sdl/lv_draw_sdl_img.c","projects/04-baremetal-smartwatch/course/Third_Party/lvgl/src/draw/sdl/lv_draw_sdl_img.c","136c67d5164418f7270730497922177961306d741e2bed94b6da315f959a9f12","136c67d5164418f7270730497922177961306d741e2bed94b6da315f959a9f12","YES"
"day03/Code.7z!03_GD32_LVGL_SmartWatch/Third_Party/lvgl/src/draw/sdl/lv_draw_sdl_img.h","projects/04-baremetal-smartwatch/course/Third_Party/lvgl/src/draw/sdl/lv_draw_sdl_img.h","a13e28b8151ae2d0db109cd2f963d8ae9aa6b5dd6c88ea4ff91bc398115b55b1","a13e28b8151ae2d0db109cd2f963d8ae9aa6b5dd6c88ea4ff91bc398115b55b1","YES"
"day03/Code.7z!03_GD32_LVGL_SmartWatch/Third_Party/lvgl/src/draw/sdl/lv_draw_sdl_label.c","projects/04-baremetal-smartwatch/course/Third_Party/lvgl/src/draw/sdl/lv_draw_sdl_label.c","611258da6bc7cc02fc54ce104bb30e6b7a92fd847b6d191d547f84d72e503537","611258da6bc7cc02fc54ce104bb30e6b7a92fd847b6d191d547f84d72e503537","YES"
"day03/Code.7z!03_GD32_LVGL_SmartWatch/Third_Party/lvgl/src/draw/sdl/lv_draw_sdl_layer.c","projects/04-baremetal-smartwatch/course/Third_Party/lvgl/src/draw/sdl/lv_draw_sdl_layer.c","2500563005524688a233a017ab6ddb33f564dcd5e24ea0d226fb6170afd3907d","2500563005524688a233a017ab6ddb33f564dcd5e24ea0d226fb6170afd3907d","YES"
"day03/Code.7z!03_GD32_LVGL_SmartWatch/Third_Party/lvgl/src/draw/sdl/lv_draw_sdl_layer.h","projects/04-baremetal-smartwatch/course/Third_Party/lvgl/src/draw/sdl/lv_draw_sdl_layer.h","7f3bd4fe6ed337bbec597d771579d792bd1740d14b28cdd2a5067825e3ae2a6c","7f3bd4fe6ed337bbec597d771579d792bd1740d14b28cdd2a5067825e3ae2a6c","YES"
"day03/Code.7z!03_GD32_LVGL_SmartWatch/Third_Party/lvgl/src/draw/sdl/lv_draw_sdl_line.c","projects/04-baremetal-smartwatch/course/Third_Party/lvgl/src/draw/sdl/lv_draw_sdl_line.c","3a3855045b758b717cfaf6578a26dc365ab45edfafd87a2c7da95109f23144bd","3a3855045b758b717cfaf6578a26dc365ab45edfafd87a2c7da95109f23144bd","YES"
"day03/Code.7z!03_GD32_LVGL_SmartWatch/Third_Party/lvgl/src/draw/sdl/lv_draw_sdl_mask.c","projects/04-baremetal-smartwatch/course/Third_Party/lvgl/src/draw/sdl/lv_draw_sdl_mask.c","506d2c0eaf5dd3ff2405bf9bcf3f4388f71b47d66f1441395040ec33aa6330f1","506d2c0eaf5dd3ff2405bf9bcf3f4388f71b47d66f1441395040ec33aa6330f1","YES"
"day03/Code.7z!03_GD32_LVGL_SmartWatch/Third_Party/lvgl/src/draw/sdl/lv_draw_sdl_mask.h","projects/04-baremetal-smartwatch/course/Third_Party/lvgl/src/draw/sdl/lv_draw_sdl_mask.h","9db73ad1f1f6373515b52756ddcf653461796169c612d02c219f06b9c5906235","9db73ad1f1f6373515b52756ddcf653461796169c612d02c219f06b9c5906235","YES"
"day03/Code.7z!03_GD32_LVGL_SmartWatch/Third_Party/lvgl/src/draw/sdl/lv_draw_sdl_polygon.c","projects/04-baremetal-smartwatch/course/Third_Party/lvgl/src/draw/sdl/lv_draw_sdl_polygon.c","96e743fb63c24664245e076abf04be8c3cc7e7b91f066f6df73ec7ce28caf318","96e743fb63c24664245e076abf04be8c3cc7e7b91f066f6df73ec7ce28caf318","YES"
"day03/Code.7z!03_GD32_LVGL_SmartWatch/Third_Party/lvgl/src/draw/sdl/lv_draw_sdl_priv.h","projects/04-baremetal-smartwatch/course/Third_Party/lvgl/src/draw/sdl/lv_draw_sdl_priv.h","54dc0d336c528d9ada5a85fa6d44e73f3cf4dcf276ef1cff84399e574c36380f","54dc0d336c528d9ada5a85fa6d44e73f3cf4dcf276ef1cff84399e574c36380f","YES"
"day03/Code.7z!03_GD32_LVGL_SmartWatch/Third_Party/lvgl/src/draw/sdl/lv_draw_sdl_rect.c","projects/04-baremetal-smartwatch/course/Third_Party/lvgl/src/draw/sdl/lv_draw_sdl_rect.c","48192be13ba2de50ee348f62229200474a831d7ce44955d57f9a0a60d956eb75","48192be13ba2de50ee348f62229200474a831d7ce44955d57f9a0a60d956eb75","YES"
"day03/Code.7z!03_GD32_LVGL_SmartWatch/Third_Party/lvgl/src/draw/sdl/lv_draw_sdl_rect.h","projects/04-baremetal-smartwatch/course/Third_Party/lvgl/src/draw/sdl/lv_draw_sdl_rect.h","fec882d465446b7eb9c8bb1e87a9bff044f0f9096c95147a675fcfd226139c4c","fec882d465446b7eb9c8bb1e87a9bff044f0f9096c95147a675fcfd226139c4c","YES"
"day03/Code.7z!03_GD32_LVGL_SmartWatch/Third_Party/lvgl/src/draw/sdl/lv_draw_sdl_stack_blur.c","projects/04-baremetal-smartwatch/course/Third_Party/lvgl/src/draw/sdl/lv_draw_sdl_stack_blur.c","2183096746351122efba4a1098fef12cdc996c7cd3e69519de3964708a42de53","2183096746351122efba4a1098fef12cdc996c7cd3e69519de3964708a42de53","YES"
"day03/Code.7z!03_GD32_LVGL_SmartWatch/Third_Party/lvgl/src/draw/sdl/lv_draw_sdl_stack_blur.h","projects/04-baremetal-smartwatch/course/Third_Party/lvgl/src/draw/sdl/lv_draw_sdl_stack_blur.h","75cf293a98eb520407a6d99286a54c2e6e7511dba4666a92705f9d4a3f4874e9","75cf293a98eb520407a6d99286a54c2e6e7511dba4666a92705f9d4a3f4874e9","YES"
"day03/Code.7z!03_GD32_LVGL_SmartWatch/Third_Party/lvgl/src/draw/sdl/lv_draw_sdl_texture_cache.c","projects/04-baremetal-smartwatch/course/Third_Party/lvgl/src/draw/sdl/lv_draw_sdl_texture_cache.c","49dd3a2de85ca3fb03a8d497cb6b2c4d87518bf8d1036c548c2c1811db12b30f","49dd3a2de85ca3fb03a8d497cb6b2c4d87518bf8d1036c548c2c1811db12b30f","YES"
"day03/Code.7z!03_GD32_LVGL_SmartWatch/Third_Party/lvgl/src/draw/sdl/lv_draw_sdl_texture_cache.h","projects/04-baremetal-smartwatch/course/Third_Party/lvgl/src/draw/sdl/lv_draw_sdl_texture_cache.h","97c0d1837dd645aee9b923dcd1809574720221230afe7a41547d462469e33bf6","97c0d1837dd645aee9b923dcd1809574720221230afe7a41547d462469e33bf6","YES"
"day03/Code.7z!03_GD32_LVGL_SmartWatch/Third_Party/lvgl/src/draw/sdl/lv_draw_sdl_utils.c","projects/04-baremetal-smartwatch/course/Third_Party/lvgl/src/draw/sdl/lv_draw_sdl_utils.c","346a34d5ab88d28e0c01635e727f317d0640307cb090f2b3c472e2e1c45c6190","346a34d5ab88d28e0c01635e727f317d0640307cb090f2b3c472e2e1c45c6190","YES"
"day03/Code.7z!03_GD32_LVGL_SmartWatch/Third_Party/lvgl/src/draw/sdl/lv_draw_sdl_utils.h","projects/04-baremetal-smartwatch/course/Third_Party/lvgl/src/draw/sdl/lv_draw_sdl_utils.h","d6db836508504bec734855ec540ff40d4f7f0e8b20accc3ddfba76b3b3fd3512","d6db836508504bec734855ec540ff40d4f7f0e8b20accc3ddfba76b3b3fd3512","YES"
"day03/Code.7z!03_GD32_LVGL_SmartWatch/Third_Party/lvgl/src/draw/sdl/lv_draw_sdl.c","projects/04-baremetal-smartwatch/course/Third_Party/lvgl/src/draw/sdl/lv_draw_sdl.c","868dca86beedeb61fe25f21b4dac90eab2feac5be54e9b5285c9ef502672e137","868dca86beedeb61fe25f21b4dac90eab2feac5be54e9b5285c9ef502672e137","YES"
"day03/Code.7z!03_GD32_LVGL_SmartWatch/Third_Party/lvgl/src/draw/sdl/lv_draw_sdl.h","projects/04-baremetal-smartwatch/course/Third_Party/lvgl/src/draw/sdl/lv_draw_sdl.h","7a372da1a04629aeb9ff1a2c58a828c20929ba50290820d9568c7c4264ee12d3","7a372da1a04629aeb9ff1a2c58a828c20929ba50290820d9568c7c4264ee12d3","YES"
"day03/Code.7z!03_GD32_LVGL_SmartWatch/Third_Party/lvgl/src/draw/sdl/lv_draw_sdl.mk","projects/04-baremetal-smartwatch/course/Third_Party/lvgl/src/draw/sdl/lv_draw_sdl.mk","f67fdd79df2e2af986b0fcfb207b56bd4f0028c7fc9a6d2063cd2559548ab764","f67fdd79df2e2af986b0fcfb207b56bd4f0028c7fc9a6d2063cd2559548ab764","YES"
"day03/Code.7z!03_GD32_LVGL_SmartWatch/Third_Party/lvgl/src/draw/stm32_dma2d/lv_draw_stm32_dma2d.mk","projects/04-baremetal-smartwatch/course/Third_Party/lvgl/src/draw/stm32_dma2d/lv_draw_stm32_dma2d.mk","71fd7b90bd1aaa27e3fe709f8c279e5a0011f94a0d9ebd70a8b472c9734aed05","71fd7b90bd1aaa27e3fe709f8c279e5a0011f94a0d9ebd70a8b472c9734aed05","YES"
"day03/Code.7z!03_GD32_LVGL_SmartWatch/Third_Party/lvgl/src/draw/stm32_dma2d/lv_gpu_stm32_dma2d.c","projects/04-baremetal-smartwatch/course/Third_Party/lvgl/src/draw/stm32_dma2d/lv_gpu_stm32_dma2d.c","fa48f196b6f2740964caa56772fa1bf1743036d4c3ad047736ac9cb8e1eb2737","fa48f196b6f2740964caa56772fa1bf1743036d4c3ad047736ac9cb8e1eb2737","YES"
"day03/Code.7z!03_GD32_LVGL_SmartWatch/Third_Party/lvgl/src/draw/stm32_dma2d/lv_gpu_stm32_dma2d.h","projects/04-baremetal-smartwatch/course/Third_Party/lvgl/src/draw/stm32_dma2d/lv_gpu_stm32_dma2d.h","5e98c56de1b27bf005b82234f379ad9a3c05fc5e275237c9c777ec11a5734a63","5e98c56de1b27bf005b82234f379ad9a3c05fc5e275237c9c777ec11a5734a63","YES"
"day03/Code.7z!03_GD32_LVGL_SmartWatch/Third_Party/lvgl/src/draw/sw/lv_draw_sw_arc.c","projects/04-baremetal-smartwatch/course/Third_Party/lvgl/src/draw/sw/lv_draw_sw_arc.c","a7c089db1ba7be5a79953cfb9b4ef7964ef8e4165ca378a77d547d0da247bc74","a7c089db1ba7be5a79953cfb9b4ef7964ef8e4165ca378a77d547d0da247bc74","YES"
"day03/Code.7z!03_GD32_LVGL_SmartWatch/Third_Party/lvgl/src/draw/sw/lv_draw_sw_blend.c","projects/04-baremetal-smartwatch/course/Third_Party/lvgl/src/draw/sw/lv_draw_sw_blend.c","fca53b473937735d0d1af866eb149b105c6f241d67e3f06c3f1fcfdf1352ca7d","fca53b473937735d0d1af866eb149b105c6f241d67e3f06c3f1fcfdf1352ca7d","YES"
"day03/Code.7z!03_GD32_LVGL_SmartWatch/Third_Party/lvgl/src/draw/sw/lv_draw_sw_blend.h","projects/04-baremetal-smartwatch/course/Third_Party/lvgl/src/draw/sw/lv_draw_sw_blend.h","e6a2b8d2d4d34f71f0f20490169b17bb10c70769ac2e503402b2dcf29b1c037c","e6a2b8d2d4d34f71f0f20490169b17bb10c70769ac2e503402b2dcf29b1c037c","YES"
"day03/Code.7z!03_GD32_LVGL_SmartWatch/Third_Party/lvgl/src/draw/sw/lv_draw_sw_dither.c","projects/04-baremetal-smartwatch/course/Third_Party/lvgl/src/draw/sw/lv_draw_sw_dither.c","ea74f50e6abaf5ac84865cb8c4d7df668cb5f2193b4f1599b771d995adfc69e2","ea74f50e6abaf5ac84865cb8c4d7df668cb5f2193b4f1599b771d995adfc69e2","YES"
"day03/Code.7z!03_GD32_LVGL_SmartWatch/Third_Party/lvgl/src/draw/sw/lv_draw_sw_dither.h","projects/04-baremetal-smartwatch/course/Third_Party/lvgl/src/draw/sw/lv_draw_sw_dither.h","20f6da665f516bf472dcea0dd936c78be24b88d319ebd1d2e95276d2070e8a09","20f6da665f516bf472dcea0dd936c78be24b88d319ebd1d2e95276d2070e8a09","YES"
"day03/Code.7z!03_GD32_LVGL_SmartWatch/Third_Party/lvgl/src/draw/sw/lv_draw_sw_gradient.c","projects/04-baremetal-smartwatch/course/Third_Party/lvgl/src/draw/sw/lv_draw_sw_gradient.c","56bd287607c126d34171797ab5d8a4ad61b177440fa89ab2f5075caa45e830fe","56bd287607c126d34171797ab5d8a4ad61b177440fa89ab2f5075caa45e830fe","YES"
"day03/Code.7z!03_GD32_LVGL_SmartWatch/Third_Party/lvgl/src/draw/sw/lv_draw_sw_gradient.h","projects/04-baremetal-smartwatch/course/Third_Party/lvgl/src/draw/sw/lv_draw_sw_gradient.h","825530bc0aac04d898a2e7190c6d8bcbca8eb1751497aa2626eb9ff9f5b8845f","825530bc0aac04d898a2e7190c6d8bcbca8eb1751497aa2626eb9ff9f5b8845f","YES"
"day03/Code.7z!03_GD32_LVGL_SmartWatch/Third_Party/lvgl/src/draw/sw/lv_draw_sw_img.c","projects/04-baremetal-smartwatch/course/Third_Party/lvgl/src/draw/sw/lv_draw_sw_img.c","4bd9e431a8fe2ad6c1e74957d4b360ba9c11e5539e7145478f495d1353169ed9","4bd9e431a8fe2ad6c1e74957d4b360ba9c11e5539e7145478f495d1353169ed9","YES"
"day03/Code.7z!03_GD32_LVGL_SmartWatch/Third_Party/lvgl/src/draw/sw/lv_draw_sw_layer.c","projects/04-baremetal-smartwatch/course/Third_Party/lvgl/src/draw/sw/lv_draw_sw_layer.c","058a15d49e325572083e554c50661a48d1999b67d48e97cdfc24fb860f58964f","058a15d49e325572083e554c50661a48d1999b67d48e97cdfc24fb860f58964f","YES"
"day03/Code.7z!03_GD32_LVGL_SmartWatch/Third_Party/lvgl/src/draw/sw/lv_draw_sw_letter.c","projects/04-baremetal-smartwatch/course/Third_Party/lvgl/src/draw/sw/lv_draw_sw_letter.c","fb8053d795a0cec55466c40c4ee494a062ab32429cbe7c89f840e90ac8c5f565","fb8053d795a0cec55466c40c4ee494a062ab32429cbe7c89f840e90ac8c5f565","YES"
"day03/Code.7z!03_GD32_LVGL_SmartWatch/Third_Party/lvgl/src/draw/sw/lv_draw_sw_line.c","projects/04-baremetal-smartwatch/course/Third_Party/lvgl/src/draw/sw/lv_draw_sw_line.c","b4a45bb599a372785108c70f2b6b88116b039835eefd898b5b9623efc1de53d0","b4a45bb599a372785108c70f2b6b88116b039835eefd898b5b9623efc1de53d0","YES"
"day03/Code.7z!03_GD32_LVGL_SmartWatch/Third_Party/lvgl/src/draw/sw/lv_draw_sw_polygon.c","projects/04-baremetal-smartwatch/course/Third_Party/lvgl/src/draw/sw/lv_draw_sw_polygon.c","d5f82e860983c33fd1fa85f8fc5748f3dd860170cee105a57e1e28360e84600f","d5f82e860983c33fd1fa85f8fc5748f3dd860170cee105a57e1e28360e84600f","YES"
"day03/Code.7z!03_GD32_LVGL_SmartWatch/Third_Party/lvgl/src/draw/sw/lv_draw_sw_rect.c","projects/04-baremetal-smartwatch/course/Third_Party/lvgl/src/draw/sw/lv_draw_sw_rect.c","190e68e2c170539a3ba16e26a1f0e8100710c2b3ed4e4a761de234ffbe103db1","190e68e2c170539a3ba16e26a1f0e8100710c2b3ed4e4a761de234ffbe103db1","YES"
"day03/Code.7z!03_GD32_LVGL_SmartWatch/Third_Party/lvgl/src/draw/sw/lv_draw_sw_transform.c","projects/04-baremetal-smartwatch/course/Third_Party/lvgl/src/draw/sw/lv_draw_sw_transform.c","0605033c485159a7fba28f8abc629481cacc7f526c008c8ce4aa08686c49e312","0605033c485159a7fba28f8abc629481cacc7f526c008c8ce4aa08686c49e312","YES"
"day03/Code.7z!03_GD32_LVGL_SmartWatch/Third_Party/lvgl/src/draw/sw/lv_draw_sw.c","projects/04-baremetal-smartwatch/course/Third_Party/lvgl/src/draw/sw/lv_draw_sw.c","0b01c44ecde76b2666c58031ebe7608c52deb8ee479e908fd601491d086227e5","0b01c44ecde76b2666c58031ebe7608c52deb8ee479e908fd601491d086227e5","YES"
"day03/Code.7z!03_GD32_LVGL_SmartWatch/Third_Party/lvgl/src/draw/sw/lv_draw_sw.h","projects/04-baremetal-smartwatch/course/Third_Party/lvgl/src/draw/sw/lv_draw_sw.h","901dc548560ba4b9cc1863af72047f60589f1b49db28401e13e5fc637c049b93","901dc548560ba4b9cc1863af72047f60589f1b49db28401e13e5fc637c049b93","YES"
"day03/Code.7z!03_GD32_LVGL_SmartWatch/Third_Party/lvgl/src/draw/sw/lv_draw_sw.mk","projects/04-baremetal-smartwatch/course/Third_Party/lvgl/src/draw/sw/lv_draw_sw.mk","e48edb802420ea352ded29e9aaaaa2fa5d8d4e02c5bacd024902551b711e2708","e48edb802420ea352ded29e9aaaaa2fa5d8d4e02c5bacd024902551b711e2708","YES"
"day03/Code.7z!03_GD32_LVGL_SmartWatch/Third_Party/lvgl/src/draw/swm341_dma2d/lv_draw_swm341_dma2d.mk","projects/04-baremetal-smartwatch/course/Third_Party/lvgl/src/draw/swm341_dma2d/lv_draw_swm341_dma2d.mk","331ff1ff6500ed0f9c0df14a6574504d7585146327a601269a65e4f28e0ce832","331ff1ff6500ed0f9c0df14a6574504d7585146327a601269a65e4f28e0ce832","YES"
"day03/Code.7z!03_GD32_LVGL_SmartWatch/Third_Party/lvgl/src/draw/swm341_dma2d/lv_gpu_swm341_dma2d.c","projects/04-baremetal-smartwatch/course/Third_Party/lvgl/src/draw/swm341_dma2d/lv_gpu_swm341_dma2d.c","cfe9306e76e11bd74edf189c9422c5bf71c5ff90d8216acff669070d11ceb00d","cfe9306e76e11bd74edf189c9422c5bf71c5ff90d8216acff669070d11ceb00d","YES"
"day03/Code.7z!03_GD32_LVGL_SmartWatch/Third_Party/lvgl/src/draw/swm341_dma2d/lv_gpu_swm341_dma2d.h","projects/04-baremetal-smartwatch/course/Third_Party/lvgl/src/draw/swm341_dma2d/lv_gpu_swm341_dma2d.h","19c718c6c3fc9efa2d445976a76dbecffd8867fbe126298c7d3f150c5d098177","19c718c6c3fc9efa2d445976a76dbecffd8867fbe126298c7d3f150c5d098177","YES"
"day03/Code.7z!03_GD32_LVGL_SmartWatch/Third_Party/lvgl/src/extra/layouts/flex/lv_flex.c","projects/04-baremetal-smartwatch/course/Third_Party/lvgl/src/extra/layouts/flex/lv_flex.c","1d503dab4b64a36a463c97b4789178f47ac0047a0c2b9b6e85e2a7e796200e19","1d503dab4b64a36a463c97b4789178f47ac0047a0c2b9b6e85e2a7e796200e19","YES"
"day03/Code.7z!03_GD32_LVGL_SmartWatch/Third_Party/lvgl/src/extra/layouts/flex/lv_flex.h","projects/04-baremetal-smartwatch/course/Third_Party/lvgl/src/extra/layouts/flex/lv_flex.h","defd8f8803a7817942ad59b83dca2371d659316e275cf0b6c5fc31df6ae72db6","defd8f8803a7817942ad59b83dca2371d659316e275cf0b6c5fc31df6ae72db6","YES"
"day03/Code.7z!03_GD32_LVGL_SmartWatch/Third_Party/lvgl/src/extra/layouts/grid/lv_grid.c","projects/04-baremetal-smartwatch/course/Third_Party/lvgl/src/extra/layouts/grid/lv_grid.c","840a6d783464fd776e249a33834b0055803510fc80cd5b3e8f820c846ad75255","840a6d783464fd776e249a33834b0055803510fc80cd5b3e8f820c846ad75255","YES"
"day03/Code.7z!03_GD32_LVGL_SmartWatch/Third_Party/lvgl/src/extra/layouts/grid/lv_grid.h","projects/04-baremetal-smartwatch/course/Third_Party/lvgl/src/extra/layouts/grid/lv_grid.h","1ed694b99f753795e9a590b6446440ececbc7b04a69f9513b8eedccbd1ad8428","1ed694b99f753795e9a590b6446440ececbc7b04a69f9513b8eedccbd1ad8428","YES"
"day03/Code.7z!03_GD32_LVGL_SmartWatch/Third_Party/lvgl/src/extra/layouts/lv_layouts.h","projects/04-baremetal-smartwatch/course/Third_Party/lvgl/src/extra/layouts/lv_layouts.h","40ddc25a10a4bed4109f56135b56b68feccc177a78342bf7f8fee0aaa5b3c804","40ddc25a10a4bed4109f56135b56b68feccc177a78342bf7f8fee0aaa5b3c804","YES"
"day03/Code.7z!03_GD32_LVGL_SmartWatch/Third_Party/lvgl/src/extra/libs/bmp/lv_bmp.c","projects/04-baremetal-smartwatch/course/Third_Party/lvgl/src/extra/libs/bmp/lv_bmp.c","c96ef68b4ef27eda9b3fa0560b273fa97a532bb100b6f5f312dc5fb68e4a50ee","c96ef68b4ef27eda9b3fa0560b273fa97a532bb100b6f5f312dc5fb68e4a50ee","YES"
"day03/Code.7z!03_GD32_LVGL_SmartWatch/Third_Party/lvgl/src/extra/libs/bmp/lv_bmp.h","projects/04-baremetal-smartwatch/course/Third_Party/lvgl/src/extra/libs/bmp/lv_bmp.h","8356654bae055bea9ab4b8ef0408aa93bcae4423fc585029dd2ff50a887e2154","8356654bae055bea9ab4b8ef0408aa93bcae4423fc585029dd2ff50a887e2154","YES"
"day03/Code.7z!03_GD32_LVGL_SmartWatch/Third_Party/lvgl/src/extra/libs/ffmpeg/lv_ffmpeg.c","projects/04-baremetal-smartwatch/course/Third_Party/lvgl/src/extra/libs/ffmpeg/lv_ffmpeg.c","41be65484d85f87053c0c31e51082973e99e51dc39b210637547b66377a05d26","41be65484d85f87053c0c31e51082973e99e51dc39b210637547b66377a05d26","YES"
"day03/Code.7z!03_GD32_LVGL_SmartWatch/Third_Party/lvgl/src/extra/libs/ffmpeg/lv_ffmpeg.h","projects/04-baremetal-smartwatch/course/Third_Party/lvgl/src/extra/libs/ffmpeg/lv_ffmpeg.h","a0e6972d63deefb35ff309dbfebc27a6a12c3329c19c9f5f9f4968f78bf7d149","a0e6972d63deefb35ff309dbfebc27a6a12c3329c19c9f5f9f4968f78bf7d149","YES"
"day03/Code.7z!03_GD32_LVGL_SmartWatch/Third_Party/lvgl/src/extra/libs/freetype/lv_freetype.c","projects/04-baremetal-smartwatch/course/Third_Party/lvgl/src/extra/libs/freetype/lv_freetype.c","d6787432256d425bd2d2db12ab64b364deaa37d965bb89026435ecb07abea971","d6787432256d425bd2d2db12ab64b364deaa37d965bb89026435ecb07abea971","YES"
"day03/Code.7z!03_GD32_LVGL_SmartWatch/Third_Party/lvgl/src/extra/libs/freetype/lv_freetype.h","projects/04-baremetal-smartwatch/course/Third_Party/lvgl/src/extra/libs/freetype/lv_freetype.h","b3426c118996f1567abc652c1f2ce4d9ac225415c6dbc2eab0115afd8a6386e8","b3426c118996f1567abc652c1f2ce4d9ac225415c6dbc2eab0115afd8a6386e8","YES"
"day03/Code.7z!03_GD32_LVGL_SmartWatch/Third_Party/lvgl/src/extra/libs/fsdrv/lv_fs_fatfs.c","projects/04-baremetal-smartwatch/course/Third_Party/lvgl/src/extra/libs/fsdrv/lv_fs_fatfs.c","b9ce0ee2c0ff22c8dec159c805d44a44929b42ab251eba30ad429719780134bf","b9ce0ee2c0ff22c8dec159c805d44a44929b42ab251eba30ad429719780134bf","YES"
"day03/Code.7z!03_GD32_LVGL_SmartWatch/Third_Party/lvgl/src/extra/libs/fsdrv/lv_fs_littlefs.c","projects/04-baremetal-smartwatch/course/Third_Party/lvgl/src/extra/libs/fsdrv/lv_fs_littlefs.c","e414048fd02add6714a5f7872de3d2c0c94db2bb5a9f152960c558fbc2546a18","e414048fd02add6714a5f7872de3d2c0c94db2bb5a9f152960c558fbc2546a18","YES"
"day03/Code.7z!03_GD32_LVGL_SmartWatch/Third_Party/lvgl/src/extra/libs/fsdrv/lv_fs_posix.c","projects/04-baremetal-smartwatch/course/Third_Party/lvgl/src/extra/libs/fsdrv/lv_fs_posix.c","3e3b1d652f3c9f567ecaf2914ac4f141804b55f2bae3276ae7895d278b5f88d3","3e3b1d652f3c9f567ecaf2914ac4f141804b55f2bae3276ae7895d278b5f88d3","YES"
"day03/Code.7z!03_GD32_LVGL_SmartWatch/Third_Party/lvgl/src/extra/libs/fsdrv/lv_fs_stdio.c","projects/04-baremetal-smartwatch/course/Third_Party/lvgl/src/extra/libs/fsdrv/lv_fs_stdio.c","04fe71576bb90b52f5c1d41bd3b526682e2baa9d0fdb1f1971d13f939ef704ca","04fe71576bb90b52f5c1d41bd3b526682e2baa9d0fdb1f1971d13f939ef704ca","YES"
"day03/Code.7z!03_GD32_LVGL_SmartWatch/Third_Party/lvgl/src/extra/libs/fsdrv/lv_fs_win32.c","projects/04-baremetal-smartwatch/course/Third_Party/lvgl/src/extra/libs/fsdrv/lv_fs_win32.c","0fbd352154d630fd89dbda267928316e6076b7d849fd2517fc78250348d9be7e","0fbd352154d630fd89dbda267928316e6076b7d849fd2517fc78250348d9be7e","YES"
"day03/Code.7z!03_GD32_LVGL_SmartWatch/Third_Party/lvgl/src/extra/libs/fsdrv/lv_fsdrv.h","projects/04-baremetal-smartwatch/course/Third_Party/lvgl/src/extra/libs/fsdrv/lv_fsdrv.h","7cb90afe7cfceb610c6579faffa3f49ab7353b8975e5a181af894deb50fd879f","7cb90afe7cfceb610c6579faffa3f49ab7353b8975e5a181af894deb50fd879f","YES"
"day03/Code.7z!03_GD32_LVGL_SmartWatch/Third_Party/lvgl/src/extra/libs/gif/gifdec.c","projects/04-baremetal-smartwatch/course/Third_Party/lvgl/src/extra/libs/gif/gifdec.c","79a6e6db19855b86394b5d44a98208f834aa8713b0ea7f3a1cc89c88936a54e6","79a6e6db19855b86394b5d44a98208f834aa8713b0ea7f3a1cc89c88936a54e6","YES"
"day03/Code.7z!03_GD32_LVGL_SmartWatch/Third_Party/lvgl/src/extra/libs/gif/gifdec.h","projects/04-baremetal-smartwatch/course/Third_Party/lvgl/src/extra/libs/gif/gifdec.h","3cea320ff7ef0a2d3f4c380e2bf3d2457b27aac00d6f28b7446ba5e42da26311","3cea320ff7ef0a2d3f4c380e2bf3d2457b27aac00d6f28b7446ba5e42da26311","YES"
"day03/Code.7z!03_GD32_LVGL_SmartWatch/Third_Party/lvgl/src/extra/libs/gif/lv_gif.c","projects/04-baremetal-smartwatch/course/Third_Party/lvgl/src/extra/libs/gif/lv_gif.c","ab8e302ea0390f4615a8b18857d8dcf47f1c7673cbe5eff1f3146de417a37456","ab8e302ea0390f4615a8b18857d8dcf47f1c7673cbe5eff1f3146de417a37456","YES"
"day03/Code.7z!03_GD32_LVGL_SmartWatch/Third_Party/lvgl/src/extra/libs/gif/lv_gif.h","projects/04-baremetal-smartwatch/course/Third_Party/lvgl/src/extra/libs/gif/lv_gif.h","3a03cc3b17e8874b7cc76054e8bc7d6d7f6ac89df02ee85db800cd6dc9463a91","3a03cc3b17e8874b7cc76054e8bc7d6d7f6ac89df02ee85db800cd6dc9463a91","YES"
"day03/Code.7z!03_GD32_LVGL_SmartWatch/Third_Party/lvgl/src/extra/libs/lv_libs.h","projects/04-baremetal-smartwatch/course/Third_Party/lvgl/src/extra/libs/lv_libs.h","4659754ae011ea460e2198fc3a5d1245a082e12450da170916a466953d240c8e","4659754ae011ea460e2198fc3a5d1245a082e12450da170916a466953d240c8e","YES"
"day03/Code.7z!03_GD32_LVGL_SmartWatch/Third_Party/lvgl/src/extra/libs/png/lodepng.c","projects/04-baremetal-smartwatch/course/Third_Party/lvgl/src/extra/libs/png/lodepng.c","30e81965693f904bf02ffc8a4f000632d8d59bffec0c88e52090ad85534daf2f","30e81965693f904bf02ffc8a4f000632d8d59bffec0c88e52090ad85534daf2f","YES"
"day03/Code.7z!03_GD32_LVGL_SmartWatch/Third_Party/lvgl/src/extra/libs/png/lodepng.h","projects/04-baremetal-smartwatch/course/Third_Party/lvgl/src/extra/libs/png/lodepng.h","35d980fde4725566bda493e9e358588b96e27ad17b768b2b4f8c3345c0e2dd24","35d980fde4725566bda493e9e358588b96e27ad17b768b2b4f8c3345c0e2dd24","YES"
"day03/Code.7z!03_GD32_LVGL_SmartWatch/Third_Party/lvgl/src/extra/libs/png/lv_png.c","projects/04-baremetal-smartwatch/course/Third_Party/lvgl/src/extra/libs/png/lv_png.c","7bf3bcd34dcf1ca3fb8ab03331151b2b14ebc7765ce1c6bb7f5d2fd80f751552","7bf3bcd34dcf1ca3fb8ab03331151b2b14ebc7765ce1c6bb7f5d2fd80f751552","YES"
"day03/Code.7z!03_GD32_LVGL_SmartWatch/Third_Party/lvgl/src/extra/libs/png/lv_png.h","projects/04-baremetal-smartwatch/course/Third_Party/lvgl/src/extra/libs/png/lv_png.h","b1462d8d3733e56f6a5563fbad4bec3eeedd2fec8c8307361cb1b79a32d1245e","b1462d8d3733e56f6a5563fbad4bec3eeedd2fec8c8307361cb1b79a32d1245e","YES"
"day03/Code.7z!03_GD32_LVGL_SmartWatch/Third_Party/lvgl/src/extra/libs/qrcode/lv_qrcode.c","projects/04-baremetal-smartwatch/course/Third_Party/lvgl/src/extra/libs/qrcode/lv_qrcode.c","22a167653fd70357a790eeeb2adb8cf9d4e260aa0d6bc7587087a6644274c267","22a167653fd70357a790eeeb2adb8cf9d4e260aa0d6bc7587087a6644274c267","YES"
"day03/Code.7z!03_GD32_LVGL_SmartWatch/Third_Party/lvgl/src/extra/libs/qrcode/lv_qrcode.h","projects/04-baremetal-smartwatch/course/Third_Party/lvgl/src/extra/libs/qrcode/lv_qrcode.h","0691418fc476fd815dac61f2194d6a9cce9db95b6fa0d57828e4319884d263a5","0691418fc476fd815dac61f2194d6a9cce9db95b6fa0d57828e4319884d263a5","YES"
"day03/Code.7z!03_GD32_LVGL_SmartWatch/Third_Party/lvgl/src/extra/libs/qrcode/qrcodegen.c","projects/04-baremetal-smartwatch/course/Third_Party/lvgl/src/extra/libs/qrcode/qrcodegen.c","9f1f23b8f800784740da16b9fff08ad0b75072dedb00caed2ae0d4475419cd34","9f1f23b8f800784740da16b9fff08ad0b75072dedb00caed2ae0d4475419cd34","YES"
"day03/Code.7z!03_GD32_LVGL_SmartWatch/Third_Party/lvgl/src/extra/libs/qrcode/qrcodegen.h","projects/04-baremetal-smartwatch/course/Third_Party/lvgl/src/extra/libs/qrcode/qrcodegen.h","aae0f724eda6c4dec74804b66f35d03d256f25e19cdb1411db94398754dd466c","aae0f724eda6c4dec74804b66f35d03d256f25e19cdb1411db94398754dd466c","YES"
"day03/Code.7z!03_GD32_LVGL_SmartWatch/Third_Party/lvgl/src/extra/libs/rlottie/lv_rlottie.c","projects/04-baremetal-smartwatch/course/Third_Party/lvgl/src/extra/libs/rlottie/lv_rlottie.c","88ae411ba9e8f356c39e9c279d13eba1fb32fd956a78503845251908fe5bc07c","88ae411ba9e8f356c39e9c279d13eba1fb32fd956a78503845251908fe5bc07c","YES"
"day03/Code.7z!03_GD32_LVGL_SmartWatch/Third_Party/lvgl/src/extra/libs/rlottie/lv_rlottie.h","projects/04-baremetal-smartwatch/course/Third_Party/lvgl/src/extra/libs/rlottie/lv_rlottie.h","97411dd1108d2cd293d024338497ea8fb48841131ddcfb56ec16d424831ecfe6","97411dd1108d2cd293d024338497ea8fb48841131ddcfb56ec16d424831ecfe6","YES"
"day03/Code.7z!03_GD32_LVGL_SmartWatch/Third_Party/lvgl/src/extra/libs/sjpg/lv_sjpg.c","projects/04-baremetal-smartwatch/course/Third_Party/lvgl/src/extra/libs/sjpg/lv_sjpg.c","2016d35ef13b1707640ff9faa30e33435252dc22efe18644110d6b0c9fa10850","2016d35ef13b1707640ff9faa30e33435252dc22efe18644110d6b0c9fa10850","YES"
"day03/Code.7z!03_GD32_LVGL_SmartWatch/Third_Party/lvgl/src/extra/libs/sjpg/lv_sjpg.h","projects/04-baremetal-smartwatch/course/Third_Party/lvgl/src/extra/libs/sjpg/lv_sjpg.h","b0806c7f350bca0a313f40b23ef48557086ab634ae4ec68b487f013f23c5da49","b0806c7f350bca0a313f40b23ef48557086ab634ae4ec68b487f013f23c5da49","YES"
"day03/Code.7z!03_GD32_LVGL_SmartWatch/Third_Party/lvgl/src/extra/libs/sjpg/tjpgd.c","projects/04-baremetal-smartwatch/course/Third_Party/lvgl/src/extra/libs/sjpg/tjpgd.c","a7f81e1292919d2055afad873afd878a6114fc73ee54feafbea2498045cbe30a","a7f81e1292919d2055afad873afd878a6114fc73ee54feafbea2498045cbe30a","YES"
"day03/Code.7z!03_GD32_LVGL_SmartWatch/Third_Party/lvgl/src/extra/libs/sjpg/tjpgd.h","projects/04-baremetal-smartwatch/course/Third_Party/lvgl/src/extra/libs/sjpg/tjpgd.h","4ca94b17864633b93cf21b1ab7585b484f5979ba4a6299cff7fa64f7322e9a77","4ca94b17864633b93cf21b1ab7585b484f5979ba4a6299cff7fa64f7322e9a77","YES"
"day03/Code.7z!03_GD32_LVGL_SmartWatch/Third_Party/lvgl/src/extra/libs/sjpg/tjpgdcnf.h","projects/04-baremetal-smartwatch/course/Third_Party/lvgl/src/extra/libs/sjpg/tjpgdcnf.h","59d5a581fd37b195eef562cc0599ee2d253b146dbef0b3cbccf897b7c560775b","59d5a581fd37b195eef562cc0599ee2d253b146dbef0b3cbccf897b7c560775b","YES"
"day03/Code.7z!03_GD32_LVGL_SmartWatch/Third_Party/lvgl/src/extra/libs/tiny_ttf/lv_tiny_ttf.c","projects/04-baremetal-smartwatch/course/Third_Party/lvgl/src/extra/libs/tiny_ttf/lv_tiny_ttf.c","71eebe2086b00575e1a69df44860e50665d02c6ef61baffcc7f4f5b511920f30","71eebe2086b00575e1a69df44860e50665d02c6ef61baffcc7f4f5b511920f30","YES"
"day03/Code.7z!03_GD32_LVGL_SmartWatch/Third_Party/lvgl/src/extra/libs/tiny_ttf/lv_tiny_ttf.h","projects/04-baremetal-smartwatch/course/Third_Party/lvgl/src/extra/libs/tiny_ttf/lv_tiny_ttf.h","ea35337ac50f6d4d818f1975e7ada8c13f76eb1d9003ea748dffb7d9406db8f4","ea35337ac50f6d4d818f1975e7ada8c13f76eb1d9003ea748dffb7d9406db8f4","YES"
"day03/Code.7z!03_GD32_LVGL_SmartWatch/Third_Party/lvgl/src/extra/libs/tiny_ttf/stb_rect_pack.h","projects/04-baremetal-smartwatch/course/Third_Party/lvgl/src/extra/libs/tiny_ttf/stb_rect_pack.h","463343566b8ca8574e871961303f71fbdeee358c60c44384fbccd273efdc488f","463343566b8ca8574e871961303f71fbdeee358c60c44384fbccd273efdc488f","YES"
"day03/Code.7z!03_GD32_LVGL_SmartWatch/Third_Party/lvgl/src/extra/libs/tiny_ttf/stb_truetype_htcw.h","projects/04-baremetal-smartwatch/course/Third_Party/lvgl/src/extra/libs/tiny_ttf/stb_truetype_htcw.h","676e5962e0256fe4e1f6cb1349882fc7b7bd6f1d5d44190897c00e865a5b1aa2","676e5962e0256fe4e1f6cb1349882fc7b7bd6f1d5d44190897c00e865a5b1aa2","YES"
"day03/Code.7z!03_GD32_LVGL_SmartWatch/Third_Party/lvgl/src/extra/lv_extra.c","projects/04-baremetal-smartwatch/course/Third_Party/lvgl/src/extra/lv_extra.c","63a0105ee636b067024c6e087d32775afc8f25422ae2a5a52b92387f7c7ae29a","63a0105ee636b067024c6e087d32775afc8f25422ae2a5a52b92387f7c7ae29a","YES"
"day03/Code.7z!03_GD32_LVGL_SmartWatch/Third_Party/lvgl/src/extra/lv_extra.h","projects/04-baremetal-smartwatch/course/Third_Party/lvgl/src/extra/lv_extra.h","080683f4a3a538f42f61d4cb8725f4d9515ed08a7d1314c3be63dbad355dede4","080683f4a3a538f42f61d4cb8725f4d9515ed08a7d1314c3be63dbad355dede4","YES"
"day03/Code.7z!03_GD32_LVGL_SmartWatch/Third_Party/lvgl/src/extra/lv_extra.mk","projects/04-baremetal-smartwatch/course/Third_Party/lvgl/src/extra/lv_extra.mk","3dcaa09e7af31a8214f6a13158bf3d6f6169beaf32478d021598d4ecb9cc8876","3dcaa09e7af31a8214f6a13158bf3d6f6169beaf32478d021598d4ecb9cc8876","YES"
"day03/Code.7z!03_GD32_LVGL_SmartWatch/Third_Party/lvgl/src/extra/others/fragment/lv_fragment_manager.c","projects/04-baremetal-smartwatch/course/Third_Party/lvgl/src/extra/others/fragment/lv_fragment_manager.c","c781378e9aafcac6a16e04b9aeb668674ef520b0e803464bb3fec1718bb65110","c781378e9aafcac6a16e04b9aeb668674ef520b0e803464bb3fec1718bb65110","YES"
"day03/Code.7z!03_GD32_LVGL_SmartWatch/Third_Party/lvgl/src/extra/others/fragment/lv_fragment.c","projects/04-baremetal-smartwatch/course/Third_Party/lvgl/src/extra/others/fragment/lv_fragment.c","74122af380487b3010bae82057e191324b379ad87372ecb594e228e57801967a","74122af380487b3010bae82057e191324b379ad87372ecb594e228e57801967a","YES"
"day03/Code.7z!03_GD32_LVGL_SmartWatch/Third_Party/lvgl/src/extra/others/fragment/lv_fragment.h","projects/04-baremetal-smartwatch/course/Third_Party/lvgl/src/extra/others/fragment/lv_fragment.h","4d0c1093928fd3d911a4e5a6d3c33fc4368a34fcbef9f43f40fdd8d223f06211","4d0c1093928fd3d911a4e5a6d3c33fc4368a34fcbef9f43f40fdd8d223f06211","YES"
"day03/Code.7z!03_GD32_LVGL_SmartWatch/Third_Party/lvgl/src/extra/others/gridnav/lv_gridnav.c","projects/04-baremetal-smartwatch/course/Third_Party/lvgl/src/extra/others/gridnav/lv_gridnav.c","eeff92c5f0f79263954ac5397a67521f66372369e431981b16c874c15e6433a1","eeff92c5f0f79263954ac5397a67521f66372369e431981b16c874c15e6433a1","YES"
"day03/Code.7z!03_GD32_LVGL_SmartWatch/Third_Party/lvgl/src/extra/others/gridnav/lv_gridnav.h","projects/04-baremetal-smartwatch/course/Third_Party/lvgl/src/extra/others/gridnav/lv_gridnav.h","02b71a9d23ee3b01382b879310fbfff4bdfa8db27fb97548b7eaa7acbae14a26","02b71a9d23ee3b01382b879310fbfff4bdfa8db27fb97548b7eaa7acbae14a26","YES"
"day03/Code.7z!03_GD32_LVGL_SmartWatch/Third_Party/lvgl/src/extra/others/ime/lv_ime_pinyin.c","projects/04-baremetal-smartwatch/course/Third_Party/lvgl/src/extra/others/ime/lv_ime_pinyin.c","60e372305722f7a135db0406a98a26fb95c355b0125e0960418b62929b95eed6","60e372305722f7a135db0406a98a26fb95c355b0125e0960418b62929b95eed6","YES"
"day03/Code.7z!03_GD32_LVGL_SmartWatch/Third_Party/lvgl/src/extra/others/ime/lv_ime_pinyin.h","projects/04-baremetal-smartwatch/course/Third_Party/lvgl/src/extra/others/ime/lv_ime_pinyin.h","a74b063370c5e1695eab2b6853f5b798c1bee56ae261be399a9d8eddc132ca2a","a74b063370c5e1695eab2b6853f5b798c1bee56ae261be399a9d8eddc132ca2a","YES"
"day03/Code.7z!03_GD32_LVGL_SmartWatch/Third_Party/lvgl/src/extra/others/imgfont/lv_imgfont.c","projects/04-baremetal-smartwatch/course/Third_Party/lvgl/src/extra/others/imgfont/lv_imgfont.c","5aa882a7043fbe4e3415bffbd1ccf284544eb76aee16381d03308bd52223180c","5aa882a7043fbe4e3415bffbd1ccf284544eb76aee16381d03308bd52223180c","YES"
"day03/Code.7z!03_GD32_LVGL_SmartWatch/Third_Party/lvgl/src/extra/others/imgfont/lv_imgfont.h","projects/04-baremetal-smartwatch/course/Third_Party/lvgl/src/extra/others/imgfont/lv_imgfont.h","902b04d0fad3a2caa8b0b60bf4827afa1ae3712273f38b696fbc3384318601d6","902b04d0fad3a2caa8b0b60bf4827afa1ae3712273f38b696fbc3384318601d6","YES"
"day03/Code.7z!03_GD32_LVGL_SmartWatch/Third_Party/lvgl/src/extra/others/lv_others.h","projects/04-baremetal-smartwatch/course/Third_Party/lvgl/src/extra/others/lv_others.h","c522dadef814b8b6ce02f36bd8bd0a4bbeff54dc2b5f88f7ed4700289a4a7e9f","c522dadef814b8b6ce02f36bd8bd0a4bbeff54dc2b5f88f7ed4700289a4a7e9f","YES"
"day03/Code.7z!03_GD32_LVGL_SmartWatch/Third_Party/lvgl/src/extra/others/monkey/lv_monkey.c","projects/04-baremetal-smartwatch/course/Third_Party/lvgl/src/extra/others/monkey/lv_monkey.c","33ba8f015b70d65d9220b2bde913870567b097077cd34c14801d3e6429c48308","33ba8f015b70d65d9220b2bde913870567b097077cd34c14801d3e6429c48308","YES"
"day03/Code.7z!03_GD32_LVGL_SmartWatch/Third_Party/lvgl/src/extra/others/monkey/lv_monkey.h","projects/04-baremetal-smartwatch/course/Third_Party/lvgl/src/extra/others/monkey/lv_monkey.h","9d43c46ed15f4d867da5ba4b1896a245e33701d3190aa801d673ee7c077dedea","9d43c46ed15f4d867da5ba4b1896a245e33701d3190aa801d673ee7c077dedea","YES"
"day03/Code.7z!03_GD32_LVGL_SmartWatch/Third_Party/lvgl/src/extra/others/msg/lv_msg.c","projects/04-baremetal-smartwatch/course/Third_Party/lvgl/src/extra/others/msg/lv_msg.c","e0ba67531a7b62b093f2f7a7921301b89ba59086aef9a89b6ada05bc0b2352b7","e0ba67531a7b62b093f2f7a7921301b89ba59086aef9a89b6ada05bc0b2352b7","YES"
"day03/Code.7z!03_GD32_LVGL_SmartWatch/Third_Party/lvgl/src/extra/others/msg/lv_msg.h","projects/04-baremetal-smartwatch/course/Third_Party/lvgl/src/extra/others/msg/lv_msg.h","3c227d6004650ef7effe436073294dbc9df3c3db9a2c460c2b1d7f3e3af7ea6d","3c227d6004650ef7effe436073294dbc9df3c3db9a2c460c2b1d7f3e3af7ea6d","YES"
"day03/Code.7z!03_GD32_LVGL_SmartWatch/Third_Party/lvgl/src/extra/others/snapshot/lv_snapshot.c","projects/04-baremetal-smartwatch/course/Third_Party/lvgl/src/extra/others/snapshot/lv_snapshot.c","569b92eefe7dad0abb40114d1476d771998d2d2f815face3e13412b579cd14cb","569b92eefe7dad0abb40114d1476d771998d2d2f815face3e13412b579cd14cb","YES"
"day03/Code.7z!03_GD32_LVGL_SmartWatch/Third_Party/lvgl/src/extra/others/snapshot/lv_snapshot.h","projects/04-baremetal-smartwatch/course/Third_Party/lvgl/src/extra/others/snapshot/lv_snapshot.h","ab7c0ef7336a2383e09924d4d7eae5ffb724ce6a5df429c24000e85e99d59ec0","ab7c0ef7336a2383e09924d4d7eae5ffb724ce6a5df429c24000e85e99d59ec0","YES"
"day03/Code.7z!03_GD32_LVGL_SmartWatch/Third_Party/lvgl/src/extra/themes/basic/lv_theme_basic.c","projects/04-baremetal-smartwatch/course/Third_Party/lvgl/src/extra/themes/basic/lv_theme_basic.c","c69e1169f5ac55e66da6f4209583c3d3862f1327a0c7fbf0bd2d1b7a723d2aef","c69e1169f5ac55e66da6f4209583c3d3862f1327a0c7fbf0bd2d1b7a723d2aef","YES"
"day03/Code.7z!03_GD32_LVGL_SmartWatch/Third_Party/lvgl/src/extra/themes/basic/lv_theme_basic.h","projects/04-baremetal-smartwatch/course/Third_Party/lvgl/src/extra/themes/basic/lv_theme_basic.h","22324fd976d2f7cdce7eaf013d6aecd3b64411880d3fec06de5141fac9156ab2","22324fd976d2f7cdce7eaf013d6aecd3b64411880d3fec06de5141fac9156ab2","YES"
"day03/Code.7z!03_GD32_LVGL_SmartWatch/Third_Party/lvgl/src/extra/themes/default/lv_theme_default.c","projects/04-baremetal-smartwatch/course/Third_Party/lvgl/src/extra/themes/default/lv_theme_default.c","3db0ed9be596f72aeafe402e21f9ae9359426483f25d13699b9ce69f9384f638","3db0ed9be596f72aeafe402e21f9ae9359426483f25d13699b9ce69f9384f638","YES"
"day03/Code.7z!03_GD32_LVGL_SmartWatch/Third_Party/lvgl/src/extra/themes/default/lv_theme_default.h","projects/04-baremetal-smartwatch/course/Third_Party/lvgl/src/extra/themes/default/lv_theme_default.h","0a37f03ce292fb41a6d9494ac08533fe96c92d896990bb5d924b1f1fae645a76","0a37f03ce292fb41a6d9494ac08533fe96c92d896990bb5d924b1f1fae645a76","YES"
"day03/Code.7z!03_GD32_LVGL_SmartWatch/Third_Party/lvgl/src/extra/themes/lv_themes.h","projects/04-baremetal-smartwatch/course/Third_Party/lvgl/src/extra/themes/lv_themes.h","816cc45e064bc5b828b1f97a2be8b04558c7b2fd44bd243b6b9a29cc74bc3ec3","816cc45e064bc5b828b1f97a2be8b04558c7b2fd44bd243b6b9a29cc74bc3ec3","YES"
"day03/Code.7z!03_GD32_LVGL_SmartWatch/Third_Party/lvgl/src/extra/themes/mono/lv_theme_mono.c","projects/04-baremetal-smartwatch/course/Third_Party/lvgl/src/extra/themes/mono/lv_theme_mono.c","413b11c8c51dd9ba5d82cb52d261e9d5b1b7411d16c1ca882a47b077e84cf01d","413b11c8c51dd9ba5d82cb52d261e9d5b1b7411d16c1ca882a47b077e84cf01d","YES"
"day03/Code.7z!03_GD32_LVGL_SmartWatch/Third_Party/lvgl/src/extra/themes/mono/lv_theme_mono.h","projects/04-baremetal-smartwatch/course/Third_Party/lvgl/src/extra/themes/mono/lv_theme_mono.h","a60ad7fe77b385c303c97b99a2b88c54624cac82e73bf59ad337a3a3f0f730bc","a60ad7fe77b385c303c97b99a2b88c54624cac82e73bf59ad337a3a3f0f730bc","YES"
"day03/Code.7z!03_GD32_LVGL_SmartWatch/Third_Party/lvgl/src/extra/widgets/animimg/lv_animimg.c","projects/04-baremetal-smartwatch/course/Third_Party/lvgl/src/extra/widgets/animimg/lv_animimg.c","1868187f621163969c5c508d5b08a92f17cacaf25460208d29540ceaad39be98","1868187f621163969c5c508d5b08a92f17cacaf25460208d29540ceaad39be98","YES"
"day03/Code.7z!03_GD32_LVGL_SmartWatch/Third_Party/lvgl/src/extra/widgets/animimg/lv_animimg.h","projects/04-baremetal-smartwatch/course/Third_Party/lvgl/src/extra/widgets/animimg/lv_animimg.h","6a91a483cc622afe81b982df5daaa5c184ddc52bbb19a647d501346f64c990bb","6a91a483cc622afe81b982df5daaa5c184ddc52bbb19a647d501346f64c990bb","YES"
"day03/Code.7z!03_GD32_LVGL_SmartWatch/Third_Party/lvgl/src/extra/widgets/calendar/lv_calendar_header_arrow.c","projects/04-baremetal-smartwatch/course/Third_Party/lvgl/src/extra/widgets/calendar/lv_calendar_header_arrow.c","44f67da3a84e8521d893768c853cb8ccd02ccd32893171bdd50f0c74d66451d1","44f67da3a84e8521d893768c853cb8ccd02ccd32893171bdd50f0c74d66451d1","YES"
"day03/Code.7z!03_GD32_LVGL_SmartWatch/Third_Party/lvgl/src/extra/widgets/calendar/lv_calendar_header_arrow.h","projects/04-baremetal-smartwatch/course/Third_Party/lvgl/src/extra/widgets/calendar/lv_calendar_header_arrow.h","bd131ba8a4660c2a07b87342625beb09c183f3f8e5956dea849ccc60113cf0dd","bd131ba8a4660c2a07b87342625beb09c183f3f8e5956dea849ccc60113cf0dd","YES"
"day03/Code.7z!03_GD32_LVGL_SmartWatch/Third_Party/lvgl/src/extra/widgets/calendar/lv_calendar_header_dropdown.c","projects/04-baremetal-smartwatch/course/Third_Party/lvgl/src/extra/widgets/calendar/lv_calendar_header_dropdown.c","327c32387afb766656a5b0a68e8180cddde6f60e691abd98dddfee8355f8c7a5","327c32387afb766656a5b0a68e8180cddde6f60e691abd98dddfee8355f8c7a5","YES"
"day03/Code.7z!03_GD32_LVGL_SmartWatch/Third_Party/lvgl/src/extra/widgets/calendar/lv_calendar_header_dropdown.h","projects/04-baremetal-smartwatch/course/Third_Party/lvgl/src/extra/widgets/calendar/lv_calendar_header_dropdown.h","1eed6b8cc71588c7129f16880304eabfa9f855fdc55e6ac8f7bb422e9b47bd59","1eed6b8cc71588c7129f16880304eabfa9f855fdc55e6ac8f7bb422e9b47bd59","YES"
"day03/Code.7z!03_GD32_LVGL_SmartWatch/Third_Party/lvgl/src/extra/widgets/calendar/lv_calendar.c","projects/04-baremetal-smartwatch/course/Third_Party/lvgl/src/extra/widgets/calendar/lv_calendar.c","60cfac162cb55fb32cc411446b11d713b90899c3a789d49ef600dc965d892684","60cfac162cb55fb32cc411446b11d713b90899c3a789d49ef600dc965d892684","YES"
"day03/Code.7z!03_GD32_LVGL_SmartWatch/Third_Party/lvgl/src/extra/widgets/calendar/lv_calendar.h","projects/04-baremetal-smartwatch/course/Third_Party/lvgl/src/extra/widgets/calendar/lv_calendar.h","3712e3e3cbf79775d7bde60c68221f1be529c943ecf70a35f7108d0504735a18","3712e3e3cbf79775d7bde60c68221f1be529c943ecf70a35f7108d0504735a18","YES"
"day03/Code.7z!03_GD32_LVGL_SmartWatch/Third_Party/lvgl/src/extra/widgets/chart/lv_chart.c","projects/04-baremetal-smartwatch/course/Third_Party/lvgl/src/extra/widgets/chart/lv_chart.c","f126181c74319efc0b258e898c722b4457cb524b32b30c7ce848e5a86ac607c5","f126181c74319efc0b258e898c722b4457cb524b32b30c7ce848e5a86ac607c5","YES"
"day03/Code.7z!03_GD32_LVGL_SmartWatch/Third_Party/lvgl/src/extra/widgets/chart/lv_chart.h","projects/04-baremetal-smartwatch/course/Third_Party/lvgl/src/extra/widgets/chart/lv_chart.h","2ec992d7a0055aaaa82d29f110bf60c400c0c9692eede8c6e385ae869857ee37","2ec992d7a0055aaaa82d29f110bf60c400c0c9692eede8c6e385ae869857ee37","YES"
"day03/Code.7z!03_GD32_LVGL_SmartWatch/Third_Party/lvgl/src/extra/widgets/colorwheel/lv_colorwheel.c","projects/04-baremetal-smartwatch/course/Third_Party/lvgl/src/extra/widgets/colorwheel/lv_colorwheel.c","a57caedf5060d08bf88904ceeb7fa6e22cf196ad4fc33be376a11f0044e704ba","a57caedf5060d08bf88904ceeb7fa6e22cf196ad4fc33be376a11f0044e704ba","YES"
"day03/Code.7z!03_GD32_LVGL_SmartWatch/Third_Party/lvgl/src/extra/widgets/colorwheel/lv_colorwheel.h","projects/04-baremetal-smartwatch/course/Third_Party/lvgl/src/extra/widgets/colorwheel/lv_colorwheel.h","676b899fff4c21e0f798d828c554eecec6b23ed8614f72a6744b5ec3b2533e7b","676b899fff4c21e0f798d828c554eecec6b23ed8614f72a6744b5ec3b2533e7b","YES"
"day03/Code.7z!03_GD32_LVGL_SmartWatch/Third_Party/lvgl/src/extra/widgets/imgbtn/lv_imgbtn.c","projects/04-baremetal-smartwatch/course/Third_Party/lvgl/src/extra/widgets/imgbtn/lv_imgbtn.c","759cc19ea43a102d9143ceebfb76c5dfd28568d6de8f97635ddae99c3a9125b3","759cc19ea43a102d9143ceebfb76c5dfd28568d6de8f97635ddae99c3a9125b3","YES"
"day03/Code.7z!03_GD32_LVGL_SmartWatch/Third_Party/lvgl/src/extra/widgets/imgbtn/lv_imgbtn.h","projects/04-baremetal-smartwatch/course/Third_Party/lvgl/src/extra/widgets/imgbtn/lv_imgbtn.h","69c5dad9d4b279b2284af45c5a2bbc25768ad692275b8eba0f39d5315c8c514f","69c5dad9d4b279b2284af45c5a2bbc25768ad692275b8eba0f39d5315c8c514f","YES"
"day03/Code.7z!03_GD32_LVGL_SmartWatch/Third_Party/lvgl/src/extra/widgets/keyboard/lv_keyboard.c","projects/04-baremetal-smartwatch/course/Third_Party/lvgl/src/extra/widgets/keyboard/lv_keyboard.c","8b49b3c48aec70ea4d5de05921b8acaaea3a57327a32d1174fde919647bbf121","8b49b3c48aec70ea4d5de05921b8acaaea3a57327a32d1174fde919647bbf121","YES"
"day03/Code.7z!03_GD32_LVGL_SmartWatch/Third_Party/lvgl/src/extra/widgets/keyboard/lv_keyboard.h","projects/04-baremetal-smartwatch/course/Third_Party/lvgl/src/extra/widgets/keyboard/lv_keyboard.h","fc63985a37a611065d51fc523b688aafe5a725acddaf195c7980fb53108e7947","fc63985a37a611065d51fc523b688aafe5a725acddaf195c7980fb53108e7947","YES"
"day03/Code.7z!03_GD32_LVGL_SmartWatch/Third_Party/lvgl/src/extra/widgets/led/lv_led.c","projects/04-baremetal-smartwatch/course/Third_Party/lvgl/src/extra/widgets/led/lv_led.c","7a7c2ce1a47f647e844525507e911f833715c54e46188d77b4d54fda862745ec","7a7c2ce1a47f647e844525507e911f833715c54e46188d77b4d54fda862745ec","YES"
"day03/Code.7z!03_GD32_LVGL_SmartWatch/Third_Party/lvgl/src/extra/widgets/led/lv_led.h","projects/04-baremetal-smartwatch/course/Third_Party/lvgl/src/extra/widgets/led/lv_led.h","b693261dbf41e184166a948de9415f578cca226dab664d9fe63c8b9898581a41","b693261dbf41e184166a948de9415f578cca226dab664d9fe63c8b9898581a41","YES"
"day03/Code.7z!03_GD32_LVGL_SmartWatch/Third_Party/lvgl/src/extra/widgets/list/lv_list.c","projects/04-baremetal-smartwatch/course/Third_Party/lvgl/src/extra/widgets/list/lv_list.c","88f6a9ba599a29e8b4ae854876f307974059769b40508679825d0b1278d0a144","88f6a9ba599a29e8b4ae854876f307974059769b40508679825d0b1278d0a144","YES"
"day03/Code.7z!03_GD32_LVGL_SmartWatch/Third_Party/lvgl/src/extra/widgets/list/lv_list.h","projects/04-baremetal-smartwatch/course/Third_Party/lvgl/src/extra/widgets/list/lv_list.h","bc4d9ab84c9b1326775461e68ce575c1a4c1199ec4eed2e44ff5d25d228d696a","bc4d9ab84c9b1326775461e68ce575c1a4c1199ec4eed2e44ff5d25d228d696a","YES"
"day03/Code.7z!03_GD32_LVGL_SmartWatch/Third_Party/lvgl/src/extra/widgets/lv_widgets.h","projects/04-baremetal-smartwatch/course/Third_Party/lvgl/src/extra/widgets/lv_widgets.h","c43f5f1e085f572b7c11f2f9a061e5fc1a19614e82f7999469d7b4f1e5005634","c43f5f1e085f572b7c11f2f9a061e5fc1a19614e82f7999469d7b4f1e5005634","YES"
"day03/Code.7z!03_GD32_LVGL_SmartWatch/Third_Party/lvgl/src/extra/widgets/menu/lv_menu.c","projects/04-baremetal-smartwatch/course/Third_Party/lvgl/src/extra/widgets/menu/lv_menu.c","1d9bdf9be01093315a9efd19e79fb7f6f695b3c32d0d63a9083f8044bac3ff88","1d9bdf9be01093315a9efd19e79fb7f6f695b3c32d0d63a9083f8044bac3ff88","YES"
"day03/Code.7z!03_GD32_LVGL_SmartWatch/Third_Party/lvgl/src/extra/widgets/menu/lv_menu.h","projects/04-baremetal-smartwatch/course/Third_Party/lvgl/src/extra/widgets/menu/lv_menu.h","4a54f55e99ddd59ff5e22a0c997cc30723f0fe2911d2f538450eb72b49f7c94f","4a54f55e99ddd59ff5e22a0c997cc30723f0fe2911d2f538450eb72b49f7c94f","YES"
"day03/Code.7z!03_GD32_LVGL_SmartWatch/Third_Party/lvgl/src/extra/widgets/meter/lv_meter.c","projects/04-baremetal-smartwatch/course/Third_Party/lvgl/src/extra/widgets/meter/lv_meter.c","a59ebdf418c7fc16896283f5624667d10b0b7293113238df0a30cd5a6cc98121","a59ebdf418c7fc16896283f5624667d10b0b7293113238df0a30cd5a6cc98121","YES"
"day03/Code.7z!03_GD32_LVGL_SmartWatch/Third_Party/lvgl/src/extra/widgets/meter/lv_meter.h","projects/04-baremetal-smartwatch/course/Third_Party/lvgl/src/extra/widgets/meter/lv_meter.h","17a20f6b6e9ad37b00490112b01702cdbe68eaa2b4ecb7aafddfed30f6df913a","17a20f6b6e9ad37b00490112b01702cdbe68eaa2b4ecb7aafddfed30f6df913a","YES"
"day03/Code.7z!03_GD32_LVGL_SmartWatch/Third_Party/lvgl/src/extra/widgets/msgbox/lv_msgbox.c","projects/04-baremetal-smartwatch/course/Third_Party/lvgl/src/extra/widgets/msgbox/lv_msgbox.c","0e8504debd8881cf4bea717160b4eefe821ca31f35391a8450e8829cd95c09db","0e8504debd8881cf4bea717160b4eefe821ca31f35391a8450e8829cd95c09db","YES"
"day03/Code.7z!03_GD32_LVGL_SmartWatch/Third_Party/lvgl/src/extra/widgets/msgbox/lv_msgbox.h","projects/04-baremetal-smartwatch/course/Third_Party/lvgl/src/extra/widgets/msgbox/lv_msgbox.h","a50dda137cbcd84b7a34d86fa00a84c0a9b85afc17c553cf6472dc2310715528","a50dda137cbcd84b7a34d86fa00a84c0a9b85afc17c553cf6472dc2310715528","YES"
"day03/Code.7z!03_GD32_LVGL_SmartWatch/Third_Party/lvgl/src/extra/widgets/span/lv_span.c","projects/04-baremetal-smartwatch/course/Third_Party/lvgl/src/extra/widgets/span/lv_span.c","4fc9da9c70c9bde0350c9f4ce6328958b8726815e789d80db5f82aafcb549716","4fc9da9c70c9bde0350c9f4ce6328958b8726815e789d80db5f82aafcb549716","YES"
"day03/Code.7z!03_GD32_LVGL_SmartWatch/Third_Party/lvgl/src/extra/widgets/span/lv_span.h","projects/04-baremetal-smartwatch/course/Third_Party/lvgl/src/extra/widgets/span/lv_span.h","ebd64e056662da901097a4b88c8f6098871ac8118a00f9953e66f4a994e7a6fa","ebd64e056662da901097a4b88c8f6098871ac8118a00f9953e66f4a994e7a6fa","YES"
"day03/Code.7z!03_GD32_LVGL_SmartWatch/Third_Party/lvgl/src/extra/widgets/spinbox/lv_spinbox.c","projects/04-baremetal-smartwatch/course/Third_Party/lvgl/src/extra/widgets/spinbox/lv_spinbox.c","0109c88f9f53467d7364eb3fa4c903690ed345438aa527fc3acdd5e810b9b0c4","0109c88f9f53467d7364eb3fa4c903690ed345438aa527fc3acdd5e810b9b0c4","YES"
"day03/Code.7z!03_GD32_LVGL_SmartWatch/Third_Party/lvgl/src/extra/widgets/spinbox/lv_spinbox.h","projects/04-baremetal-smartwatch/course/Third_Party/lvgl/src/extra/widgets/spinbox/lv_spinbox.h","803320448674253779bfb5930f81f9289bfbe41d00572e0724ca8054ceb7c659","803320448674253779bfb5930f81f9289bfbe41d00572e0724ca8054ceb7c659","YES"
"day03/Code.7z!03_GD32_LVGL_SmartWatch/Third_Party/lvgl/src/extra/widgets/spinner/lv_spinner.c","projects/04-baremetal-smartwatch/course/Third_Party/lvgl/src/extra/widgets/spinner/lv_spinner.c","9b9829f3f14c345fa245c976f0fede94fbedfd1a79642ce60ced0018d14ffa7e","9b9829f3f14c345fa245c976f0fede94fbedfd1a79642ce60ced0018d14ffa7e","YES"
"day03/Code.7z!03_GD32_LVGL_SmartWatch/Third_Party/lvgl/src/extra/widgets/spinner/lv_spinner.h","projects/04-baremetal-smartwatch/course/Third_Party/lvgl/src/extra/widgets/spinner/lv_spinner.h","978fa12fa473abc96456de30bcf3564adf9fad691fea1d86a8ec0d044c9a1930","978fa12fa473abc96456de30bcf3564adf9fad691fea1d86a8ec0d044c9a1930","YES"
"day03/Code.7z!03_GD32_LVGL_SmartWatch/Third_Party/lvgl/src/extra/widgets/tabview/lv_tabview.c","projects/04-baremetal-smartwatch/course/Third_Party/lvgl/src/extra/widgets/tabview/lv_tabview.c","f6c96d4f1da9408cb7979e886fd3cfed3dc00cb1d28cd24bd67bf11f72a8ad61","f6c96d4f1da9408cb7979e886fd3cfed3dc00cb1d28cd24bd67bf11f72a8ad61","YES"
"day03/Code.7z!03_GD32_LVGL_SmartWatch/Third_Party/lvgl/src/extra/widgets/tabview/lv_tabview.h","projects/04-baremetal-smartwatch/course/Third_Party/lvgl/src/extra/widgets/tabview/lv_tabview.h","aeb30ab101f0fd0bdbb48472054d1cd4c7fbfbfa6bbf83d5c3066348fc708919","aeb30ab101f0fd0bdbb48472054d1cd4c7fbfbfa6bbf83d5c3066348fc708919","YES"
"day03/Code.7z!03_GD32_LVGL_SmartWatch/Third_Party/lvgl/src/extra/widgets/tileview/lv_tileview.c","projects/04-baremetal-smartwatch/course/Third_Party/lvgl/src/extra/widgets/tileview/lv_tileview.c","4308638c69852ab22f7a5e18537e79014add33ae905c941039e9649f067ac47d","4308638c69852ab22f7a5e18537e79014add33ae905c941039e9649f067ac47d","YES"
"day03/Code.7z!03_GD32_LVGL_SmartWatch/Third_Party/lvgl/src/extra/widgets/tileview/lv_tileview.h","projects/04-baremetal-smartwatch/course/Third_Party/lvgl/src/extra/widgets/tileview/lv_tileview.h","d8d5a711989a89b0faa07f574f45180b3f9dfe0460b9ceafe6ece66f86cb3554","d8d5a711989a89b0faa07f574f45180b3f9dfe0460b9ceafe6ece66f86cb3554","YES"
"day03/Code.7z!03_GD32_LVGL_SmartWatch/Third_Party/lvgl/src/extra/widgets/win/lv_win.c","projects/04-baremetal-smartwatch/course/Third_Party/lvgl/src/extra/widgets/win/lv_win.c","cd2d7b4e00fa3ed153ecc643694bf7d570dca31d75dced806339092a4234e506","cd2d7b4e00fa3ed153ecc643694bf7d570dca31d75dced806339092a4234e506","YES"
"day03/Code.7z!03_GD32_LVGL_SmartWatch/Third_Party/lvgl/src/extra/widgets/win/lv_win.h","projects/04-baremetal-smartwatch/course/Third_Party/lvgl/src/extra/widgets/win/lv_win.h","c2641208ea99475c1e2fff0a04a654a73737ad586de8f65cef710a7de792cda1","c2641208ea99475c1e2fff0a04a654a73737ad586de8f65cef710a7de792cda1","YES"
"day03/Code.7z!03_GD32_LVGL_SmartWatch/Third_Party/lvgl/src/font/lv_font_fmt_txt.c","projects/04-baremetal-smartwatch/course/Third_Party/lvgl/src/font/lv_font_fmt_txt.c","310ec9757ce6e5196a9246b4aa7d8e6a0209c89dc8c07c34f6209efdc7443a72","310ec9757ce6e5196a9246b4aa7d8e6a0209c89dc8c07c34f6209efdc7443a72","YES"
"day03/Code.7z!03_GD32_LVGL_SmartWatch/Third_Party/lvgl/src/font/lv_font_fmt_txt.h","projects/04-baremetal-smartwatch/course/Third_Party/lvgl/src/font/lv_font_fmt_txt.h","da8a92d80c1aec21330efb5cbc8b2ca7576436fb7bb5c139ce6d3bbe8879d4e5","da8a92d80c1aec21330efb5cbc8b2ca7576436fb7bb5c139ce6d3bbe8879d4e5","YES"
"day03/Code.7z!03_GD32_LVGL_SmartWatch/Third_Party/lvgl/src/font/lv_font_loader.c","projects/04-baremetal-smartwatch/course/Third_Party/lvgl/src/font/lv_font_loader.c","6d4f12094fa8cf93971e58f69ce4d11e90071c45cd5293c127e3bcbbbd222b09","6d4f12094fa8cf93971e58f69ce4d11e90071c45cd5293c127e3bcbbbd222b09","YES"
"day03/Code.7z!03_GD32_LVGL_SmartWatch/Third_Party/lvgl/src/font/lv_font_loader.h","projects/04-baremetal-smartwatch/course/Third_Party/lvgl/src/font/lv_font_loader.h","96fa281420d31e2ffcf04218311716cb1139e41b0bf75c3c930e183fb93f4362","96fa281420d31e2ffcf04218311716cb1139e41b0bf75c3c930e183fb93f4362","YES"
"day03/Code.7z!03_GD32_LVGL_SmartWatch/Third_Party/lvgl/src/font/lv_font_unscii_16.c","projects/04-baremetal-smartwatch/course/Third_Party/lvgl/src/font/lv_font_unscii_16.c","a289c5d007b5796baf5301a521079a66498978815f7c2655db1be8c5bb830dda","a289c5d007b5796baf5301a521079a66498978815f7c2655db1be8c5bb830dda","YES"
"day03/Code.7z!03_GD32_LVGL_SmartWatch/Third_Party/lvgl/src/font/lv_font_unscii_8.c","projects/04-baremetal-smartwatch/course/Third_Party/lvgl/src/font/lv_font_unscii_8.c","e158311736de6bbf90b4e513ee0f586a113798ec69feca49ecf1220b491c9c56","e158311736de6bbf90b4e513ee0f586a113798ec69feca49ecf1220b491c9c56","YES"
"day03/Code.7z!03_GD32_LVGL_SmartWatch/Third_Party/lvgl/src/font/lv_font.c","projects/04-baremetal-smartwatch/course/Third_Party/lvgl/src/font/lv_font.c","5289eb2923c4f7a947b2d8a9fb7a7398f9acd01ebbd2297e048cb1dd39d2a20e","5289eb2923c4f7a947b2d8a9fb7a7398f9acd01ebbd2297e048cb1dd39d2a20e","YES"
"day03/Code.7z!03_GD32_LVGL_SmartWatch/Third_Party/lvgl/src/font/lv_font.h","projects/04-baremetal-smartwatch/course/Third_Party/lvgl/src/font/lv_font.h","1c29529613fc27d8b72d21016b1298ff828ea098069319beb60cb3c6ed90a982","1c29529613fc27d8b72d21016b1298ff828ea098069319beb60cb3c6ed90a982","YES"
"day03/Code.7z!03_GD32_LVGL_SmartWatch/Third_Party/lvgl/src/font/lv_font.mk","projects/04-baremetal-smartwatch/course/Third_Party/lvgl/src/font/lv_font.mk","350ff0e74e814cc6a12759f94741fa8aad50629e72ad8d9707c156f4d67acfd1","350ff0e74e814cc6a12759f94741fa8aad50629e72ad8d9707c156f4d67acfd1","YES"
"day03/Code.7z!03_GD32_LVGL_SmartWatch/Third_Party/lvgl/src/font/lv_symbol_def.h","projects/04-baremetal-smartwatch/course/Third_Party/lvgl/src/font/lv_symbol_def.h","e17a46adbf17e5f1a3ae9701c10c9fceb6c692a20755eac6c4a8bf5341f3521d","e17a46adbf17e5f1a3ae9701c10c9fceb6c692a20755eac6c4a8bf5341f3521d","YES"
"day03/Code.7z!03_GD32_LVGL_SmartWatch/Third_Party/lvgl/src/hal/lv_hal_disp.c","projects/04-baremetal-smartwatch/course/Third_Party/lvgl/src/hal/lv_hal_disp.c","042607aab514f55fc69e54bb6c02187ead284cd8bb13e686fe11635c7b14c0d5","042607aab514f55fc69e54bb6c02187ead284cd8bb13e686fe11635c7b14c0d5","YES"
"day03/Code.7z!03_GD32_LVGL_SmartWatch/Third_Party/lvgl/src/hal/lv_hal_disp.h","projects/04-baremetal-smartwatch/course/Third_Party/lvgl/src/hal/lv_hal_disp.h","75a11947fab461d80e1b08f47883cd9f5fe15d2c1c42b7408b0339d5f96a9469","75a11947fab461d80e1b08f47883cd9f5fe15d2c1c42b7408b0339d5f96a9469","YES"
"day03/Code.7z!03_GD32_LVGL_SmartWatch/Third_Party/lvgl/src/hal/lv_hal_indev.c","projects/04-baremetal-smartwatch/course/Third_Party/lvgl/src/hal/lv_hal_indev.c","1cacaaf4933e0777ef8ef71578dc6680b4f7bea129cd3823224da99d609ac99d","1cacaaf4933e0777ef8ef71578dc6680b4f7bea129cd3823224da99d609ac99d","YES"
"day03/Code.7z!03_GD32_LVGL_SmartWatch/Third_Party/lvgl/src/hal/lv_hal_indev.h","projects/04-baremetal-smartwatch/course/Third_Party/lvgl/src/hal/lv_hal_indev.h","5f71df9d70292a8d816f0ac4a57cd4069e7522e3e70f3348816271c2f079b400","5f71df9d70292a8d816f0ac4a57cd4069e7522e3e70f3348816271c2f079b400","YES"
"day03/Code.7z!03_GD32_LVGL_SmartWatch/Third_Party/lvgl/src/hal/lv_hal_tick.c","projects/04-baremetal-smartwatch/course/Third_Party/lvgl/src/hal/lv_hal_tick.c","45dc1fc8486561994d4e7e09a06faeede0edb576788bc32b8908ae0dcd6daec3","45dc1fc8486561994d4e7e09a06faeede0edb576788bc32b8908ae0dcd6daec3","YES"
"day03/Code.7z!03_GD32_LVGL_SmartWatch/Third_Party/lvgl/src/hal/lv_hal_tick.h","projects/04-baremetal-smartwatch/course/Third_Party/lvgl/src/hal/lv_hal_tick.h","9b8de58e1af3899a34745d986da35805501e6e3790deeafef0a2f02bd234ebbc","9b8de58e1af3899a34745d986da35805501e6e3790deeafef0a2f02bd234ebbc","YES"
"day03/Code.7z!03_GD32_LVGL_SmartWatch/Third_Party/lvgl/src/hal/lv_hal.h","projects/04-baremetal-smartwatch/course/Third_Party/lvgl/src/hal/lv_hal.h","231945a3c4ba8a6b94960d993a50912f39efe5ae6e892bfe2671f180fc021462","231945a3c4ba8a6b94960d993a50912f39efe5ae6e892bfe2671f180fc021462","YES"
"day03/Code.7z!03_GD32_LVGL_SmartWatch/Third_Party/lvgl/src/hal/lv_hal.mk","projects/04-baremetal-smartwatch/course/Third_Party/lvgl/src/hal/lv_hal.mk","eff6f3bf7bea05c20deace70258cd579752961353d6456ff2aa18f61b1268e50","eff6f3bf7bea05c20deace70258cd579752961353d6456ff2aa18f61b1268e50","YES"
"day03/Code.7z!03_GD32_LVGL_SmartWatch/Third_Party/lvgl/src/lv_api_map.h","projects/04-baremetal-smartwatch/course/Third_Party/lvgl/src/lv_api_map.h","24e2b845f46c78ff12adcacb438fa17dbab9ccb734fdd0e577d9f80cec366b47","24e2b845f46c78ff12adcacb438fa17dbab9ccb734fdd0e577d9f80cec366b47","YES"
"day03/Code.7z!03_GD32_LVGL_SmartWatch/Third_Party/lvgl/src/lv_conf_internal.h","projects/04-baremetal-smartwatch/course/Third_Party/lvgl/src/lv_conf_internal.h","87bd94e9f27939b1feee45b2a5f022654f96b9394d53cd1833f2f3d438e7ca5f","87bd94e9f27939b1feee45b2a5f022654f96b9394d53cd1833f2f3d438e7ca5f","YES"
"day03/Code.7z!03_GD32_LVGL_SmartWatch/Third_Party/lvgl/src/lv_conf_kconfig.h","projects/04-baremetal-smartwatch/course/Third_Party/lvgl/src/lv_conf_kconfig.h","d7419d46f8a45156f7cc3fc3bf3bf7c399de98e3b78003e84d49443913b7c15c","d7419d46f8a45156f7cc3fc3bf3bf7c399de98e3b78003e84d49443913b7c15c","YES"
"day03/Code.7z!03_GD32_LVGL_SmartWatch/Third_Party/lvgl/src/lvgl.h","projects/04-baremetal-smartwatch/course/Third_Party/lvgl/src/lvgl.h","68f18aa6f024c7aa88d32061fee5e620dbcee527e251454db34acd9438517465","68f18aa6f024c7aa88d32061fee5e620dbcee527e251454db34acd9438517465","YES"
"day03/Code.7z!03_GD32_LVGL_SmartWatch/Third_Party/lvgl/src/misc/lv_anim_timeline.c","projects/04-baremetal-smartwatch/course/Third_Party/lvgl/src/misc/lv_anim_timeline.c","b32a4817ed58834373d8b1f4da6710d8156702e95b6a3121e2b793074d93fbc5","b32a4817ed58834373d8b1f4da6710d8156702e95b6a3121e2b793074d93fbc5","YES"
"day03/Code.7z!03_GD32_LVGL_SmartWatch/Third_Party/lvgl/src/misc/lv_anim_timeline.h","projects/04-baremetal-smartwatch/course/Third_Party/lvgl/src/misc/lv_anim_timeline.h","4efd064cc64bd1b49a697719e6804250b93f22f45b2f8afb0e9ca76b7176a5f6","4efd064cc64bd1b49a697719e6804250b93f22f45b2f8afb0e9ca76b7176a5f6","YES"
"day03/Code.7z!03_GD32_LVGL_SmartWatch/Third_Party/lvgl/src/misc/lv_anim.c","projects/04-baremetal-smartwatch/course/Third_Party/lvgl/src/misc/lv_anim.c","f02e19ea08d3474d61893d651b21fee7ee4286979769eacc3b8abdc1c099f408","f02e19ea08d3474d61893d651b21fee7ee4286979769eacc3b8abdc1c099f408","YES"
"day03/Code.7z!03_GD32_LVGL_SmartWatch/Third_Party/lvgl/src/misc/lv_anim.h","projects/04-baremetal-smartwatch/course/Third_Party/lvgl/src/misc/lv_anim.h","7335cc0563f191bcf07f6a5211c4ed65cf6102c6062e1d175088fe1453e87b4d","7335cc0563f191bcf07f6a5211c4ed65cf6102c6062e1d175088fe1453e87b4d","YES"
"day03/Code.7z!03_GD32_LVGL_SmartWatch/Third_Party/lvgl/src/misc/lv_area.c","projects/04-baremetal-smartwatch/course/Third_Party/lvgl/src/misc/lv_area.c","a0e1332853e1f595fb7e052050d4320e263ebe965df5ed88d2993212aba91cee","a0e1332853e1f595fb7e052050d4320e263ebe965df5ed88d2993212aba91cee","YES"
"day03/Code.7z!03_GD32_LVGL_SmartWatch/Third_Party/lvgl/src/misc/lv_area.h","projects/04-baremetal-smartwatch/course/Third_Party/lvgl/src/misc/lv_area.h","b5acddf9c0e2bc4cf09f78b8442c50de34a4ece0750a465a10ef6b698e2ef769","b5acddf9c0e2bc4cf09f78b8442c50de34a4ece0750a465a10ef6b698e2ef769","YES"
"day03/Code.7z!03_GD32_LVGL_SmartWatch/Third_Party/lvgl/src/misc/lv_assert.h","projects/04-baremetal-smartwatch/course/Third_Party/lvgl/src/misc/lv_assert.h","db8794dc8de027f256895d25b900cc920e92552d5f073b47111aadcac2015e52","db8794dc8de027f256895d25b900cc920e92552d5f073b47111aadcac2015e52","YES"
"day03/Code.7z!03_GD32_LVGL_SmartWatch/Third_Party/lvgl/src/misc/lv_async.c","projects/04-baremetal-smartwatch/course/Third_Party/lvgl/src/misc/lv_async.c","7d10fbeb87cb8918a6db488675f5ececb570794ee8dfc7e1bdc2e0e91aecf552","7d10fbeb87cb8918a6db488675f5ececb570794ee8dfc7e1bdc2e0e91aecf552","YES"
"day03/Code.7z!03_GD32_LVGL_SmartWatch/Third_Party/lvgl/src/misc/lv_async.h","projects/04-baremetal-smartwatch/course/Third_Party/lvgl/src/misc/lv_async.h","fd2de00ca9b113d487ba291fa0870c2f9cc09017c0c5431e7f99c70664b0883f","fd2de00ca9b113d487ba291fa0870c2f9cc09017c0c5431e7f99c70664b0883f","YES"
"day03/Code.7z!03_GD32_LVGL_SmartWatch/Third_Party/lvgl/src/misc/lv_bidi.c","projects/04-baremetal-smartwatch/course/Third_Party/lvgl/src/misc/lv_bidi.c","a6f2dceda498358fe9cb797d4647b41b80d9ab0162113e656f822f029487d7ca","a6f2dceda498358fe9cb797d4647b41b80d9ab0162113e656f822f029487d7ca","YES"
"day03/Code.7z!03_GD32_LVGL_SmartWatch/Third_Party/lvgl/src/misc/lv_bidi.h","projects/04-baremetal-smartwatch/course/Third_Party/lvgl/src/misc/lv_bidi.h","41aa79435ddad5521e9d5fb4aa2058069d48431c0dace98ddfdcdbd0373edad8","41aa79435ddad5521e9d5fb4aa2058069d48431c0dace98ddfdcdbd0373edad8","YES"
"day03/Code.7z!03_GD32_LVGL_SmartWatch/Third_Party/lvgl/src/misc/lv_color.c","projects/04-baremetal-smartwatch/course/Third_Party/lvgl/src/misc/lv_color.c","e49eeebc2e3e85d5b48e44772a5c9adcdf4f69472ae0014b207cb614775c55ec","e49eeebc2e3e85d5b48e44772a5c9adcdf4f69472ae0014b207cb614775c55ec","YES"
"day03/Code.7z!03_GD32_LVGL_SmartWatch/Third_Party/lvgl/src/misc/lv_color.h","projects/04-baremetal-smartwatch/course/Third_Party/lvgl/src/misc/lv_color.h","7b7ef976bb4fa02449b211b657fa971dbfc550faa0cfbebaf08136078151fbcc","7b7ef976bb4fa02449b211b657fa971dbfc550faa0cfbebaf08136078151fbcc","YES"
"day03/Code.7z!03_GD32_LVGL_SmartWatch/Third_Party/lvgl/src/misc/lv_fs.c","projects/04-baremetal-smartwatch/course/Third_Party/lvgl/src/misc/lv_fs.c","d6df7c889ce372f8396b601eb919cf372973e1a508f71ddbd5d812c9f10caba9","d6df7c889ce372f8396b601eb919cf372973e1a508f71ddbd5d812c9f10caba9","YES"
"day03/Code.7z!03_GD32_LVGL_SmartWatch/Third_Party/lvgl/src/misc/lv_fs.h","projects/04-baremetal-smartwatch/course/Third_Party/lvgl/src/misc/lv_fs.h","8bfd04a93f2f360adb50702588931555006ac78095d5c74c32bd865ab0709d07","8bfd04a93f2f360adb50702588931555006ac78095d5c74c32bd865ab0709d07","YES"
"day03/Code.7z!03_GD32_LVGL_SmartWatch/Third_Party/lvgl/src/misc/lv_gc.c","projects/04-baremetal-smartwatch/course/Third_Party/lvgl/src/misc/lv_gc.c","61f35daaec0a2770c978e8dd35028f040693b569c6d3418b8cefa4a2716fa82d","61f35daaec0a2770c978e8dd35028f040693b569c6d3418b8cefa4a2716fa82d","YES"
"day03/Code.7z!03_GD32_LVGL_SmartWatch/Third_Party/lvgl/src/misc/lv_gc.h","projects/04-baremetal-smartwatch/course/Third_Party/lvgl/src/misc/lv_gc.h","f1b5419a1fac85d533f44c85de7a87ed1bdcd5df4223f2d4c2f04dae6a6a8879","f1b5419a1fac85d533f44c85de7a87ed1bdcd5df4223f2d4c2f04dae6a6a8879","YES"
"day03/Code.7z!03_GD32_LVGL_SmartWatch/Third_Party/lvgl/src/misc/lv_ll.c","projects/04-baremetal-smartwatch/course/Third_Party/lvgl/src/misc/lv_ll.c","0b958b85b44e176075ebb164e22546a61003ef5f3587cea20face78a563b37fe","0b958b85b44e176075ebb164e22546a61003ef5f3587cea20face78a563b37fe","YES"
"day03/Code.7z!03_GD32_LVGL_SmartWatch/Third_Party/lvgl/src/misc/lv_ll.h","projects/04-baremetal-smartwatch/course/Third_Party/lvgl/src/misc/lv_ll.h","22465ed3ceb42a354278c576cc22162232ef93448efbf5f22542284b1e77d135","22465ed3ceb42a354278c576cc22162232ef93448efbf5f22542284b1e77d135","YES"
"day03/Code.7z!03_GD32_LVGL_SmartWatch/Third_Party/lvgl/src/misc/lv_log.c","projects/04-baremetal-smartwatch/course/Third_Party/lvgl/src/misc/lv_log.c","e2ff38631c20cb63a05353d8e254bfc2ab273dd921c392f00cdaa7fb06935c5b","e2ff38631c20cb63a05353d8e254bfc2ab273dd921c392f00cdaa7fb06935c5b","YES"
"day03/Code.7z!03_GD32_LVGL_SmartWatch/Third_Party/lvgl/src/misc/lv_log.h","projects/04-baremetal-smartwatch/course/Third_Party/lvgl/src/misc/lv_log.h","db295695e48285757a18ce9ec8c96b84ec022a9e85ab9121f7fb1a19f2f836ae","db295695e48285757a18ce9ec8c96b84ec022a9e85ab9121f7fb1a19f2f836ae","YES"
"day03/Code.7z!03_GD32_LVGL_SmartWatch/Third_Party/lvgl/src/misc/lv_lru.c","projects/04-baremetal-smartwatch/course/Third_Party/lvgl/src/misc/lv_lru.c","f02d06a7a264f7dfe2f9a79cc1f970226806356bf0b652ee0a1169b0afa527c5","f02d06a7a264f7dfe2f9a79cc1f970226806356bf0b652ee0a1169b0afa527c5","YES"
"day03/Code.7z!03_GD32_LVGL_SmartWatch/Third_Party/lvgl/src/misc/lv_lru.h","projects/04-baremetal-smartwatch/course/Third_Party/lvgl/src/misc/lv_lru.h","2dc5be3d6159f37d69c10215578a4b3afc910ef1418e8be129330dd5a755455b","2dc5be3d6159f37d69c10215578a4b3afc910ef1418e8be129330dd5a755455b","YES"
"day03/Code.7z!03_GD32_LVGL_SmartWatch/Third_Party/lvgl/src/misc/lv_math.c","projects/04-baremetal-smartwatch/course/Third_Party/lvgl/src/misc/lv_math.c","73c06546e127e3340de267334f81f02980f6c3ca81d78d2a42786009c35bd879","73c06546e127e3340de267334f81f02980f6c3ca81d78d2a42786009c35bd879","YES"
"day03/Code.7z!03_GD32_LVGL_SmartWatch/Third_Party/lvgl/src/misc/lv_math.h","projects/04-baremetal-smartwatch/course/Third_Party/lvgl/src/misc/lv_math.h","309870dacdd2761f8aea36b521a3cab829a80db4cb2c49aae15ba3fa8a645362","309870dacdd2761f8aea36b521a3cab829a80db4cb2c49aae15ba3fa8a645362","YES"
"day03/Code.7z!03_GD32_LVGL_SmartWatch/Third_Party/lvgl/src/misc/lv_mem.c","projects/04-baremetal-smartwatch/course/Third_Party/lvgl/src/misc/lv_mem.c","b0df6e8e287adf65152527777e5c78a8e877481e7a08828380f5dfb8741b30da","b0df6e8e287adf65152527777e5c78a8e877481e7a08828380f5dfb8741b30da","YES"
"day03/Code.7z!03_GD32_LVGL_SmartWatch/Third_Party/lvgl/src/misc/lv_mem.h","projects/04-baremetal-smartwatch/course/Third_Party/lvgl/src/misc/lv_mem.h","f6ed296d6e31aff882f407920464186464a163f2f4b5b629e784322e7412defd","f6ed296d6e31aff882f407920464186464a163f2f4b5b629e784322e7412defd","YES"
"day03/Code.7z!03_GD32_LVGL_SmartWatch/Third_Party/lvgl/src/misc/lv_misc.mk","projects/04-baremetal-smartwatch/course/Third_Party/lvgl/src/misc/lv_misc.mk","e0243baba11ab40a1bbd4446751d469b8668a7018eae41a24ef00713c553906b","e0243baba11ab40a1bbd4446751d469b8668a7018eae41a24ef00713c553906b","YES"
"day03/Code.7z!03_GD32_LVGL_SmartWatch/Third_Party/lvgl/src/misc/lv_printf.c","projects/04-baremetal-smartwatch/course/Third_Party/lvgl/src/misc/lv_printf.c","9c282c81e9fcee59d90a3a7fee3381a08b251ca95f42d3c77e6f01612ffd8ad1","9c282c81e9fcee59d90a3a7fee3381a08b251ca95f42d3c77e6f01612ffd8ad1","YES"
"day03/Code.7z!03_GD32_LVGL_SmartWatch/Third_Party/lvgl/src/misc/lv_printf.h","projects/04-baremetal-smartwatch/course/Third_Party/lvgl/src/misc/lv_printf.h","639b6dc6903230106561819099e4dd064a405768ff92fb6ecc9d3837c1596d36","639b6dc6903230106561819099e4dd064a405768ff92fb6ecc9d3837c1596d36","YES"
"day03/Code.7z!03_GD32_LVGL_SmartWatch/Third_Party/lvgl/src/misc/lv_style_gen.c","projects/04-baremetal-smartwatch/course/Third_Party/lvgl/src/misc/lv_style_gen.c","337d987f4287c99fda6b24b50eba6e7461933b6597da699b230b14fa11b13e18","337d987f4287c99fda6b24b50eba6e7461933b6597da699b230b14fa11b13e18","YES"
"day03/Code.7z!03_GD32_LVGL_SmartWatch/Third_Party/lvgl/src/misc/lv_style_gen.h","projects/04-baremetal-smartwatch/course/Third_Party/lvgl/src/misc/lv_style_gen.h","7af1f66cac668af2c55affec59bbe2b85baef2f295b41b00e724d3afd51df6ab","7af1f66cac668af2c55affec59bbe2b85baef2f295b41b00e724d3afd51df6ab","YES"
"day03/Code.7z!03_GD32_LVGL_SmartWatch/Third_Party/lvgl/src/misc/lv_style.c","projects/04-baremetal-smartwatch/course/Third_Party/lvgl/src/misc/lv_style.c","e6f0ab02ef84d1429cb9d74396a9a57ade168f0740b2075bbffdd48e0898392f","e6f0ab02ef84d1429cb9d74396a9a57ade168f0740b2075bbffdd48e0898392f","YES"
"day03/Code.7z!03_GD32_LVGL_SmartWatch/Third_Party/lvgl/src/misc/lv_style.h","projects/04-baremetal-smartwatch/course/Third_Party/lvgl/src/misc/lv_style.h","2edfee52db13c67e103fa9651223534189a0fcdbae3b27ce2af92a4725c2bf3b","2edfee52db13c67e103fa9651223534189a0fcdbae3b27ce2af92a4725c2bf3b","YES"
"day03/Code.7z!03_GD32_LVGL_SmartWatch/Third_Party/lvgl/src/misc/lv_templ.c","projects/04-baremetal-smartwatch/course/Third_Party/lvgl/src/misc/lv_templ.c","40d1b3dab81753f66ebca0b6d0b3065bc92d317c3c54e1809628d666dbeff767","40d1b3dab81753f66ebca0b6d0b3065bc92d317c3c54e1809628d666dbeff767","YES"
"day03/Code.7z!03_GD32_LVGL_SmartWatch/Third_Party/lvgl/src/misc/lv_templ.h","projects/04-baremetal-smartwatch/course/Third_Party/lvgl/src/misc/lv_templ.h","7cc6e2a787852952c13d4d42b1e9b3967bcac6c27341390a58cf470e868c30a4","7cc6e2a787852952c13d4d42b1e9b3967bcac6c27341390a58cf470e868c30a4","YES"
"day03/Code.7z!03_GD32_LVGL_SmartWatch/Third_Party/lvgl/src/misc/lv_timer.c","projects/04-baremetal-smartwatch/course/Third_Party/lvgl/src/misc/lv_timer.c","06ff14356e1a74fc8bd5e542de142038040fe32f45eef16d01ad9f3d16e86be4","06ff14356e1a74fc8bd5e542de142038040fe32f45eef16d01ad9f3d16e86be4","YES"
"day03/Code.7z!03_GD32_LVGL_SmartWatch/Third_Party/lvgl/src/misc/lv_timer.h","projects/04-baremetal-smartwatch/course/Third_Party/lvgl/src/misc/lv_timer.h","0d9d672b4d13580dd2dc125243cc1f00ca50ef29bfefe72b2a7c8684a561091f","0d9d672b4d13580dd2dc125243cc1f00ca50ef29bfefe72b2a7c8684a561091f","YES"
"day03/Code.7z!03_GD32_LVGL_SmartWatch/Third_Party/lvgl/src/misc/lv_tlsf.c","projects/04-baremetal-smartwatch/course/Third_Party/lvgl/src/misc/lv_tlsf.c","6a3047103046b300ce34f52a153147838072ac003530433914b508f91ddf7f54","6a3047103046b300ce34f52a153147838072ac003530433914b508f91ddf7f54","YES"
"day03/Code.7z!03_GD32_LVGL_SmartWatch/Third_Party/lvgl/src/misc/lv_tlsf.h","projects/04-baremetal-smartwatch/course/Third_Party/lvgl/src/misc/lv_tlsf.h","e59c01b34c9d02ceb74c86b37239f8bf98d0ec62695f290513f0164502dc1202","e59c01b34c9d02ceb74c86b37239f8bf98d0ec62695f290513f0164502dc1202","YES"
"day03/Code.7z!03_GD32_LVGL_SmartWatch/Third_Party/lvgl/src/misc/lv_txt_ap.c","projects/04-baremetal-smartwatch/course/Third_Party/lvgl/src/misc/lv_txt_ap.c","d43b6d8d47f5ad8240e87045ecc12317542eb4014259ccddd06463d19dd8b268","d43b6d8d47f5ad8240e87045ecc12317542eb4014259ccddd06463d19dd8b268","YES"
"day03/Code.7z!03_GD32_LVGL_SmartWatch/Third_Party/lvgl/src/misc/lv_txt_ap.h","projects/04-baremetal-smartwatch/course/Third_Party/lvgl/src/misc/lv_txt_ap.h","2e90f30ddbaba0aa765b456873671044714590518fbfcce373ce672f4cdf147c","2e90f30ddbaba0aa765b456873671044714590518fbfcce373ce672f4cdf147c","YES"
"day03/Code.7z!03_GD32_LVGL_SmartWatch/Third_Party/lvgl/src/misc/lv_txt.c","projects/04-baremetal-smartwatch/course/Third_Party/lvgl/src/misc/lv_txt.c","54188ad584a8d3e6ebf00e256849b765696f40641ab3b071764435f903e2b4d5","54188ad584a8d3e6ebf00e256849b765696f40641ab3b071764435f903e2b4d5","YES"
"day03/Code.7z!03_GD32_LVGL_SmartWatch/Third_Party/lvgl/src/misc/lv_txt.h","projects/04-baremetal-smartwatch/course/Third_Party/lvgl/src/misc/lv_txt.h","367f1bc02e662c011a56b7d0dc524b98a37ec2badb0d44c01a02a8f86a05d295","367f1bc02e662c011a56b7d0dc524b98a37ec2badb0d44c01a02a8f86a05d295","YES"
"day03/Code.7z!03_GD32_LVGL_SmartWatch/Third_Party/lvgl/src/misc/lv_types.h","projects/04-baremetal-smartwatch/course/Third_Party/lvgl/src/misc/lv_types.h","0fd14eb21df4be282371536348d559a1fc3d3586775fba807d9aa66798a96b20","0fd14eb21df4be282371536348d559a1fc3d3586775fba807d9aa66798a96b20","YES"
"day03/Code.7z!03_GD32_LVGL_SmartWatch/Third_Party/lvgl/src/misc/lv_utils.c","projects/04-baremetal-smartwatch/course/Third_Party/lvgl/src/misc/lv_utils.c","bf0bcebe789d0fea9107705ea1a346329d676c8bb232c4161654e529dc03285a","bf0bcebe789d0fea9107705ea1a346329d676c8bb232c4161654e529dc03285a","YES"
"day03/Code.7z!03_GD32_LVGL_SmartWatch/Third_Party/lvgl/src/misc/lv_utils.h","projects/04-baremetal-smartwatch/course/Third_Party/lvgl/src/misc/lv_utils.h","92024a8c5825d28ff315bd23e8a7c3a28fafb229a869e28578756c0915a22b9b","92024a8c5825d28ff315bd23e8a7c3a28fafb229a869e28578756c0915a22b9b","YES"
"day03/Code.7z!03_GD32_LVGL_SmartWatch/Third_Party/lvgl/src/widgets/lv_arc.c","projects/04-baremetal-smartwatch/course/Third_Party/lvgl/src/widgets/lv_arc.c","409c0b21f212fd34175118a43b1ec650d1461e38a2bf107fc61e35beb243e788","409c0b21f212fd34175118a43b1ec650d1461e38a2bf107fc61e35beb243e788","YES"
"day03/Code.7z!03_GD32_LVGL_SmartWatch/Third_Party/lvgl/src/widgets/lv_arc.h","projects/04-baremetal-smartwatch/course/Third_Party/lvgl/src/widgets/lv_arc.h","05415a87787fa95d89ef7b631e3c18f168d4689a387d57be627efe2ca369e74a","05415a87787fa95d89ef7b631e3c18f168d4689a387d57be627efe2ca369e74a","YES"
"day03/Code.7z!03_GD32_LVGL_SmartWatch/Third_Party/lvgl/src/widgets/lv_bar.c","projects/04-baremetal-smartwatch/course/Third_Party/lvgl/src/widgets/lv_bar.c","5a90a4d350d3f1cfcb52a7e61f61c71e7b879329d5f32d19391efa464f982c2f","5a90a4d350d3f1cfcb52a7e61f61c71e7b879329d5f32d19391efa464f982c2f","YES"
"day03/Code.7z!03_GD32_LVGL_SmartWatch/Third_Party/lvgl/src/widgets/lv_bar.h","projects/04-baremetal-smartwatch/course/Third_Party/lvgl/src/widgets/lv_bar.h","3297f04da3682d3d4577dbcb2ea1bca3b699542e76bbc73e1e1965faee730a05","3297f04da3682d3d4577dbcb2ea1bca3b699542e76bbc73e1e1965faee730a05","YES"
"day03/Code.7z!03_GD32_LVGL_SmartWatch/Third_Party/lvgl/src/widgets/lv_btn.c","projects/04-baremetal-smartwatch/course/Third_Party/lvgl/src/widgets/lv_btn.c","3d805612ef083f4733bf3fc9bc40afea6c10673c5ada10352c040173c26033f0","3d805612ef083f4733bf3fc9bc40afea6c10673c5ada10352c040173c26033f0","YES"
"day03/Code.7z!03_GD32_LVGL_SmartWatch/Third_Party/lvgl/src/widgets/lv_btn.h","projects/04-baremetal-smartwatch/course/Third_Party/lvgl/src/widgets/lv_btn.h","b6a3563dd46ad6d8ba81bf2c00dccee7693dd18f0e62811e19bbff04f1566e9c","b6a3563dd46ad6d8ba81bf2c00dccee7693dd18f0e62811e19bbff04f1566e9c","YES"
"day03/Code.7z!03_GD32_LVGL_SmartWatch/Third_Party/lvgl/src/widgets/lv_btnmatrix.c","projects/04-baremetal-smartwatch/course/Third_Party/lvgl/src/widgets/lv_btnmatrix.c","e759aafc92ed199d943e16654ac360b886e5afb8673316341eb9d0ce37c73614","e759aafc92ed199d943e16654ac360b886e5afb8673316341eb9d0ce37c73614","YES"
"day03/Code.7z!03_GD32_LVGL_SmartWatch/Third_Party/lvgl/src/widgets/lv_btnmatrix.h","projects/04-baremetal-smartwatch/course/Third_Party/lvgl/src/widgets/lv_btnmatrix.h","1437ae0a18ead188456b6511347a4410d0eb3621e4cb5497fc6de1fc69242c61","1437ae0a18ead188456b6511347a4410d0eb3621e4cb5497fc6de1fc69242c61","YES"
"day03/Code.7z!03_GD32_LVGL_SmartWatch/Third_Party/lvgl/src/widgets/lv_canvas.c","projects/04-baremetal-smartwatch/course/Third_Party/lvgl/src/widgets/lv_canvas.c","e7ca85e11db36a725c77af4b05752e460e88f750d2f286442336ebb81e0dcd4b","e7ca85e11db36a725c77af4b05752e460e88f750d2f286442336ebb81e0dcd4b","YES"
"day03/Code.7z!03_GD32_LVGL_SmartWatch/Third_Party/lvgl/src/widgets/lv_canvas.h","projects/04-baremetal-smartwatch/course/Third_Party/lvgl/src/widgets/lv_canvas.h","76037adf9cda2a4716b3737e4356ecce0d8abd3a58caa466543ca6bde2a50614","76037adf9cda2a4716b3737e4356ecce0d8abd3a58caa466543ca6bde2a50614","YES"
"day03/Code.7z!03_GD32_LVGL_SmartWatch/Third_Party/lvgl/src/widgets/lv_checkbox.c","projects/04-baremetal-smartwatch/course/Third_Party/lvgl/src/widgets/lv_checkbox.c","cd6b1c5108810673527d675bbd1f757d1e925d965b2c53d2933dc116c40c688e","cd6b1c5108810673527d675bbd1f757d1e925d965b2c53d2933dc116c40c688e","YES"
"day03/Code.7z!03_GD32_LVGL_SmartWatch/Third_Party/lvgl/src/widgets/lv_checkbox.h","projects/04-baremetal-smartwatch/course/Third_Party/lvgl/src/widgets/lv_checkbox.h","fc9003bdaa0ad8da8d6fc4bbe44df2f797bf5b3176b5c002b11fd44af4b596a4","fc9003bdaa0ad8da8d6fc4bbe44df2f797bf5b3176b5c002b11fd44af4b596a4","YES"
"day03/Code.7z!03_GD32_LVGL_SmartWatch/Third_Party/lvgl/src/widgets/lv_dropdown.c","projects/04-baremetal-smartwatch/course/Third_Party/lvgl/src/widgets/lv_dropdown.c","676c1029009fcb202c53c22285c9dad1342412a40062f9a5168add04b67290bd","676c1029009fcb202c53c22285c9dad1342412a40062f9a5168add04b67290bd","YES"
"day03/Code.7z!03_GD32_LVGL_SmartWatch/Third_Party/lvgl/src/widgets/lv_dropdown.h","projects/04-baremetal-smartwatch/course/Third_Party/lvgl/src/widgets/lv_dropdown.h","627f7d9d24b18190689145224c3f88e835cc26312f93bc5511e332b4c7a48bbe","627f7d9d24b18190689145224c3f88e835cc26312f93bc5511e332b4c7a48bbe","YES"
"day03/Code.7z!03_GD32_LVGL_SmartWatch/Third_Party/lvgl/src/widgets/lv_img.c","projects/04-baremetal-smartwatch/course/Third_Party/lvgl/src/widgets/lv_img.c","1811f38b3e94a14ed7e76ddf3f52dc0047e6a3ba4539fbacba6e4799e5ca3d60","1811f38b3e94a14ed7e76ddf3f52dc0047e6a3ba4539fbacba6e4799e5ca3d60","YES"
"day03/Code.7z!03_GD32_LVGL_SmartWatch/Third_Party/lvgl/src/widgets/lv_img.h","projects/04-baremetal-smartwatch/course/Third_Party/lvgl/src/widgets/lv_img.h","cf3a200575379c0a57308120c78633facd5b7abf58005b4baf97fc583566f1c3","cf3a200575379c0a57308120c78633facd5b7abf58005b4baf97fc583566f1c3","YES"
"day03/Code.7z!03_GD32_LVGL_SmartWatch/Third_Party/lvgl/src/widgets/lv_label.c","projects/04-baremetal-smartwatch/course/Third_Party/lvgl/src/widgets/lv_label.c","37f320495ab4f3eef494d0fa58fcdaf0b9b80ccf3e019937851fd22055bffd2a","37f320495ab4f3eef494d0fa58fcdaf0b9b80ccf3e019937851fd22055bffd2a","YES"
"day03/Code.7z!03_GD32_LVGL_SmartWatch/Third_Party/lvgl/src/widgets/lv_label.h","projects/04-baremetal-smartwatch/course/Third_Party/lvgl/src/widgets/lv_label.h","d1b9f7de0aab644a9094ef3ee79b337c4d5a1c1955cf34bdfa48e36368d07771","d1b9f7de0aab644a9094ef3ee79b337c4d5a1c1955cf34bdfa48e36368d07771","YES"
"day03/Code.7z!03_GD32_LVGL_SmartWatch/Third_Party/lvgl/src/widgets/lv_line.c","projects/04-baremetal-smartwatch/course/Third_Party/lvgl/src/widgets/lv_line.c","6ddf85a82dbbbdf972d906aa030b4e4ba6975166c756cb267cf00205e822e4c9","6ddf85a82dbbbdf972d906aa030b4e4ba6975166c756cb267cf00205e822e4c9","YES"
"day03/Code.7z!03_GD32_LVGL_SmartWatch/Third_Party/lvgl/src/widgets/lv_line.h","projects/04-baremetal-smartwatch/course/Third_Party/lvgl/src/widgets/lv_line.h","3fc369690b2427aa322641827316d430e6e8518ac19a24a1bb3d4f184ea5c593","3fc369690b2427aa322641827316d430e6e8518ac19a24a1bb3d4f184ea5c593","YES"
"day03/Code.7z!03_GD32_LVGL_SmartWatch/Third_Party/lvgl/src/widgets/lv_objx_templ.c","projects/04-baremetal-smartwatch/course/Third_Party/lvgl/src/widgets/lv_objx_templ.c","5fa7e5a2f45ea7234a2307110cd7a556e64231dce953326895e8256adc32f719","5fa7e5a2f45ea7234a2307110cd7a556e64231dce953326895e8256adc32f719","YES"
"day03/Code.7z!03_GD32_LVGL_SmartWatch/Third_Party/lvgl/src/widgets/lv_objx_templ.h","projects/04-baremetal-smartwatch/course/Third_Party/lvgl/src/widgets/lv_objx_templ.h","11bf2ea2a0d45890eb19efb6d88704454b2c7d8d8219e56e491dabdad1883354","11bf2ea2a0d45890eb19efb6d88704454b2c7d8d8219e56e491dabdad1883354","YES"
"day03/Code.7z!03_GD32_LVGL_SmartWatch/Third_Party/lvgl/src/widgets/lv_roller.c","projects/04-baremetal-smartwatch/course/Third_Party/lvgl/src/widgets/lv_roller.c","a68098e5a18156f7633825d04f6db6ce4ec1545635055d0640e6b798c089b5b2","a68098e5a18156f7633825d04f6db6ce4ec1545635055d0640e6b798c089b5b2","YES"
"day03/Code.7z!03_GD32_LVGL_SmartWatch/Third_Party/lvgl/src/widgets/lv_roller.h","projects/04-baremetal-smartwatch/course/Third_Party/lvgl/src/widgets/lv_roller.h","50f17a401b9d740d57696d234e30f0f46afb7ccb579d7566a279f0c4232917e6","50f17a401b9d740d57696d234e30f0f46afb7ccb579d7566a279f0c4232917e6","YES"
"day03/Code.7z!03_GD32_LVGL_SmartWatch/Third_Party/lvgl/src/widgets/lv_slider.c","projects/04-baremetal-smartwatch/course/Third_Party/lvgl/src/widgets/lv_slider.c","715ffe14f71800b5413b44d987b2bebbffd41bce7bba8d7dd114512b63860cdd","715ffe14f71800b5413b44d987b2bebbffd41bce7bba8d7dd114512b63860cdd","YES"
"day03/Code.7z!03_GD32_LVGL_SmartWatch/Third_Party/lvgl/src/widgets/lv_slider.h","projects/04-baremetal-smartwatch/course/Third_Party/lvgl/src/widgets/lv_slider.h","3a53be57428dd579f7442f4b64c333d508f3a38bbe0cdc9496c35ca11820fd98","3a53be57428dd579f7442f4b64c333d508f3a38bbe0cdc9496c35ca11820fd98","YES"
"day03/Code.7z!03_GD32_LVGL_SmartWatch/Third_Party/lvgl/src/widgets/lv_switch.c","projects/04-baremetal-smartwatch/course/Third_Party/lvgl/src/widgets/lv_switch.c","b69a3a3e438c03e48b32c1dac04a15a35861e161c0eb4086139e101d36849ab4","b69a3a3e438c03e48b32c1dac04a15a35861e161c0eb4086139e101d36849ab4","YES"
"day03/Code.7z!03_GD32_LVGL_SmartWatch/Third_Party/lvgl/src/widgets/lv_switch.h","projects/04-baremetal-smartwatch/course/Third_Party/lvgl/src/widgets/lv_switch.h","e22ce149f0134f1320d1b5c6ff56ddeb9d36fd403b9555b4ba22586535ff03a3","e22ce149f0134f1320d1b5c6ff56ddeb9d36fd403b9555b4ba22586535ff03a3","YES"
"day03/Code.7z!03_GD32_LVGL_SmartWatch/Third_Party/lvgl/src/widgets/lv_table.c","projects/04-baremetal-smartwatch/course/Third_Party/lvgl/src/widgets/lv_table.c","25a12d4c4852eae6e1c10230a0a46026b09c416a84f9fae6d9e54c30cd0a47e8","25a12d4c4852eae6e1c10230a0a46026b09c416a84f9fae6d9e54c30cd0a47e8","YES"
"day03/Code.7z!03_GD32_LVGL_SmartWatch/Third_Party/lvgl/src/widgets/lv_table.h","projects/04-baremetal-smartwatch/course/Third_Party/lvgl/src/widgets/lv_table.h","37bca2cc04801f64672db4408654723110e62c2145f0b0aba7538b539eb6f0f5","37bca2cc04801f64672db4408654723110e62c2145f0b0aba7538b539eb6f0f5","YES"
"day03/Code.7z!03_GD32_LVGL_SmartWatch/Third_Party/lvgl/src/widgets/lv_textarea.c","projects/04-baremetal-smartwatch/course/Third_Party/lvgl/src/widgets/lv_textarea.c","33e7503da3dd73041010bbbaff690aca4e8f912057c3798102e232148d3920c7","33e7503da3dd73041010bbbaff690aca4e8f912057c3798102e232148d3920c7","YES"
"day03/Code.7z!03_GD32_LVGL_SmartWatch/Third_Party/lvgl/src/widgets/lv_textarea.h","projects/04-baremetal-smartwatch/course/Third_Party/lvgl/src/widgets/lv_textarea.h","03b4cb7ee8afffadf2428c80939a14dae834ccaa80d5d8bb641d456220962b94","03b4cb7ee8afffadf2428c80939a14dae834ccaa80d5d8bb641d456220962b94","YES"
"day03/Code.7z!03_GD32_LVGL_SmartWatch/Third_Party/lvgl/src/widgets/lv_widgets.mk","projects/04-baremetal-smartwatch/course/Third_Party/lvgl/src/widgets/lv_widgets.mk","fa85ec38fbaf3211726c150ddcc0f997781fe555f16209a0f4a66a2736365af5","fa85ec38fbaf3211726c150ddcc0f997781fe555f16209a0f4a66a2736365af5","YES"
"day03/Code.7z!03_GD32_LVGL_SmartWatch/Third_Party/SmartWatch_UI/CMakeLists.txt","projects/04-baremetal-smartwatch/course/Third_Party/SmartWatch_UI/CMakeLists.txt","84b42d0567729cf14120a6c0d394ea7e9d4a859a12de3331a26c978876785498","84b42d0567729cf14120a6c0d394ea7e9d4a859a12de3331a26c978876785498","YES"
"day03/Code.7z!03_GD32_LVGL_SmartWatch/Third_Party/SmartWatch_UI/components/ui_comp_hook.c","projects/04-baremetal-smartwatch/course/Third_Party/SmartWatch_UI/components/ui_comp_hook.c","56c3e3dd4076669a4467fc529e1215f453d30ccbb17418fc801ff33b05b53ae3","56c3e3dd4076669a4467fc529e1215f453d30ccbb17418fc801ff33b05b53ae3","YES"
"day03/Code.7z!03_GD32_LVGL_SmartWatch/Third_Party/SmartWatch_UI/filelist.txt","projects/04-baremetal-smartwatch/course/Third_Party/SmartWatch_UI/filelist.txt","84dd8cb48b4d52293aa7fdfb4eafa420e938c8a4b3180b1576ddf696adcd8787","84dd8cb48b4d52293aa7fdfb4eafa420e938c8a4b3180b1576ddf696adcd8787","YES"
"day03/Code.7z!03_GD32_LVGL_SmartWatch/Third_Party/SmartWatch_UI/screens/ui_Screen1.c","projects/04-baremetal-smartwatch/course/Third_Party/SmartWatch_UI/screens/ui_Screen1.c","162802d82fee190f2bcdbdae35ded538760770cab637ba1041b1da32b7d95fe7","162802d82fee190f2bcdbdae35ded538760770cab637ba1041b1da32b7d95fe7","YES"
"day03/Code.7z!03_GD32_LVGL_SmartWatch/Third_Party/SmartWatch_UI/screens/ui_Screen2.c","projects/04-baremetal-smartwatch/course/Third_Party/SmartWatch_UI/screens/ui_Screen2.c","0b4edf4b676219f95b6f31e48f556e183c70831deae18e93f31ffb27a7b58b8d","0b4edf4b676219f95b6f31e48f556e183c70831deae18e93f31ffb27a7b58b8d","YES"
"day03/Code.7z!03_GD32_LVGL_SmartWatch/Third_Party/SmartWatch_UI/screens/ui_Screen3.c","projects/04-baremetal-smartwatch/course/Third_Party/SmartWatch_UI/screens/ui_Screen3.c","38bf35496d514cd6906e9cd25673b9759573df7efc6f8ed2e39f3a7ab544896c","38bf35496d514cd6906e9cd25673b9759573df7efc6f8ed2e39f3a7ab544896c","YES"
"day03/Code.7z!03_GD32_LVGL_SmartWatch/Third_Party/SmartWatch_UI/screens/ui_Screen4.c","projects/04-baremetal-smartwatch/course/Third_Party/SmartWatch_UI/screens/ui_Screen4.c","c876de8ddbe64d9b259d8f171d05e49622c0807dc7da7176c453b33acd2e1a32","c876de8ddbe64d9b259d8f171d05e49622c0807dc7da7176c453b33acd2e1a32","YES"
"day03/Code.7z!03_GD32_LVGL_SmartWatch/Third_Party/SmartWatch_UI/ui_events.c","projects/04-baremetal-smartwatch/course/Third_Party/SmartWatch_UI/ui_events.c","2492e049c04e499b82bef7701b802499f282a1c1cf89802c27b454d31d4334e3","2492e049c04e499b82bef7701b802499f282a1c1cf89802c27b454d31d4334e3","YES"
"day03/Code.7z!03_GD32_LVGL_SmartWatch/Third_Party/SmartWatch_UI/ui_events.h","projects/04-baremetal-smartwatch/course/Third_Party/SmartWatch_UI/ui_events.h","4f58a4141631ac517580951a3ad512003c637d871b2104512f1bd2fa4cad88e9","4f58a4141631ac517580951a3ad512003c637d871b2104512f1bd2fa4cad88e9","YES"
"day03/Code.7z!03_GD32_LVGL_SmartWatch/Third_Party/SmartWatch_UI/ui_helpers.c","projects/04-baremetal-smartwatch/course/Third_Party/SmartWatch_UI/ui_helpers.c","57148f8e623058ed9ff0af4bef3da193147699cc9dc1e78fb0c6254aa70db724","57148f8e623058ed9ff0af4bef3da193147699cc9dc1e78fb0c6254aa70db724","YES"
"day03/Code.7z!03_GD32_LVGL_SmartWatch/Third_Party/SmartWatch_UI/ui_helpers.h","projects/04-baremetal-smartwatch/course/Third_Party/SmartWatch_UI/ui_helpers.h","3ada422a848dd85de41300374cfd562aed2f1b6bddff81bddfbb6bccf7e1912e","3ada422a848dd85de41300374cfd562aed2f1b6bddff81bddfbb6bccf7e1912e","YES"
"day03/Code.7z!03_GD32_LVGL_SmartWatch/Third_Party/SmartWatch_UI/ui_theme_manager.c","projects/04-baremetal-smartwatch/course/Third_Party/SmartWatch_UI/ui_theme_manager.c","941fa26ece34eeee9c35ff7dd314e3de936b8aee4309d62ee132313261534358","941fa26ece34eeee9c35ff7dd314e3de936b8aee4309d62ee132313261534358","YES"
"day03/Code.7z!03_GD32_LVGL_SmartWatch/Third_Party/SmartWatch_UI/ui_theme_manager.h","projects/04-baremetal-smartwatch/course/Third_Party/SmartWatch_UI/ui_theme_manager.h","335696fd2ef6bf01cca6614b37f305a04de091dcfb4b90aaf0693a55473661fc","335696fd2ef6bf01cca6614b37f305a04de091dcfb4b90aaf0693a55473661fc","YES"
"day03/Code.7z!03_GD32_LVGL_SmartWatch/Third_Party/SmartWatch_UI/ui_themes.c","projects/04-baremetal-smartwatch/course/Third_Party/SmartWatch_UI/ui_themes.c","3f7788f91528f6c9d6774e987fc7b67b9f38feb684dc715ebaca48ae9677b252","3f7788f91528f6c9d6774e987fc7b67b9f38feb684dc715ebaca48ae9677b252","YES"
"day03/Code.7z!03_GD32_LVGL_SmartWatch/Third_Party/SmartWatch_UI/ui_themes.h","projects/04-baremetal-smartwatch/course/Third_Party/SmartWatch_UI/ui_themes.h","1488f48e7dff9b07299067bb5cd0a6aa8e4eaa765923971fdcde389f9be33b16","1488f48e7dff9b07299067bb5cd0a6aa8e4eaa765923971fdcde389f9be33b16","YES"
"day03/Code.7z!03_GD32_LVGL_SmartWatch/Third_Party/SmartWatch_UI/ui.c","projects/04-baremetal-smartwatch/course/Third_Party/SmartWatch_UI/ui.c","0acae59dd45abb1f5bb84231b6039353959cd76436a70df7de99ae42d6cfc8c2","0acae59dd45abb1f5bb84231b6039353959cd76436a70df7de99ae42d6cfc8c2","YES"
"day03/Code.7z!03_GD32_LVGL_SmartWatch/Third_Party/SmartWatch_UI/ui.h","projects/04-baremetal-smartwatch/course/Third_Party/SmartWatch_UI/ui.h","9bbb65435f76ea9a1705fb113e2e53cce23ed0fa387c0fa0c88c991e4771f441","9bbb65435f76ea9a1705fb113e2e53cce23ed0fa387c0fa0c88c991e4771f441","YES"
"day03/Code.7z!03_GD32_LVGL_SmartWatch/User/gd32f4xx_it.c","projects/04-baremetal-smartwatch/course/User/gd32f4xx_it.c","5be8e65b392a41354e513056974d1869598af02739a7ce6419e611d6aa3979c6","5be8e65b392a41354e513056974d1869598af02739a7ce6419e611d6aa3979c6","YES"
"day03/Code.7z!03_GD32_LVGL_SmartWatch/User/gd32f4xx_it.h","projects/04-baremetal-smartwatch/course/User/gd32f4xx_it.h","b4995762ae5ceb7125cc9720cea7e2bad8640c23b87ed1856d9b8a380a5fc8c3","b4995762ae5ceb7125cc9720cea7e2bad8640c23b87ed1856d9b8a380a5fc8c3","YES"
"day03/Code.7z!03_GD32_LVGL_SmartWatch/User/gd32f4xx_libopt.h","projects/04-baremetal-smartwatch/course/User/gd32f4xx_libopt.h","702c6d85987bcdddd363a8412c5806255f6c746065da984eb21896c5ddd6bf09","702c6d85987bcdddd363a8412c5806255f6c746065da984eb21896c5ddd6bf09","YES"
"day03/Code.7z!03_GD32_LVGL_SmartWatch/User/main.c","projects/04-baremetal-smartwatch/course/User/main.c","7cabf71615ba4e758e4184d2f81b2d08ecb12e41cf88b688722b4b91cf5c0c36","7cabf71615ba4e758e4184d2f81b2d08ecb12e41cf88b688722b4b91cf5c0c36","YES"
"day03/Code.7z!03_GD32_LVGL_SmartWatch/User/main.h","projects/04-baremetal-smartwatch/course/User/main.h","724b8affcda9984a7b0f94ac7a7bb1005015ac3ca9e2cf59e5bff08b58ceafd1","724b8affcda9984a7b0f94ac7a7bb1005015ac3ca9e2cf59e5bff08b58ceafd1","YES"
"day03/Code.7z!03_GD32_LVGL_SmartWatch/User/readme.txt","projects/04-baremetal-smartwatch/course/User/readme.txt","a45bd1e14d470b46be2d57c9d35147e41204556cc4bb4e25ea3c7b6b424a0b7c","a45bd1e14d470b46be2d57c9d35147e41204556cc4bb4e25ea3c7b6b424a0b7c","YES"
"day03/Code.7z!03_GD32_LVGL_SmartWatch/User/systick.c","projects/04-baremetal-smartwatch/course/User/systick.c","bdcf5157ddd8870483ceb757646a3978ff836ac08737540d6f93a508127fdeeb","bdcf5157ddd8870483ceb757646a3978ff836ac08737540d6f93a508127fdeeb","YES"
"day03/Code.7z!03_GD32_LVGL_SmartWatch/User/systick.h","projects/04-baremetal-smartwatch/course/User/systick.h","8722c649ef06723501e93f5a071320e6a9e5dc57220b20f5b267a0096ea46e35","8722c649ef06723501e93f5a071320e6a9e5dc57220b20f5b267a0096ea46e35","YES"
"day03/Code.7z!05_GD32_LVGL_FreeRTOS_SmartWatch/Doc/readme.txt","projects/05-rtos-smartwatch/course/Doc/readme.txt","5fbf26fe49eae27b2dd2bc4d71da5ec67920b322712bfb7dd30adade1d637ac8","5fbf26fe49eae27b2dd2bc4d71da5ec67920b322712bfb7dd30adade1d637ac8","YES"
"day03/Code.7z!05_GD32_LVGL_FreeRTOS_SmartWatch/Hardware/bsp_basic_timer.c","projects/05-rtos-smartwatch/course/Hardware/bsp_basic_timer.c","02eafb912115a970fc0f9e42ba7cd9052a2b0f805d224d2ca2a2c8b20175de96","02eafb912115a970fc0f9e42ba7cd9052a2b0f805d224d2ca2a2c8b20175de96","YES"
"day03/Code.7z!05_GD32_LVGL_FreeRTOS_SmartWatch/Hardware/bsp_basic_timer.h","projects/05-rtos-smartwatch/course/Hardware/bsp_basic_timer.h","268a1f1c3a7c2d45c5f08cc380dc4c8c20f9f8686d0ec956781491fa050809a6","268a1f1c3a7c2d45c5f08cc380dc4c8c20f9f8686d0ec956781491fa050809a6","YES"
"day03/Code.7z!05_GD32_LVGL_FreeRTOS_SmartWatch/Hardware/bsp_battery_leds.c","projects/05-rtos-smartwatch/course/Hardware/bsp_battery_leds.c","3355ee67df90741c1311332c6cfb0053385a7ffd03c3de8ea06fcbd57563a61d","3355ee67df90741c1311332c6cfb0053385a7ffd03c3de8ea06fcbd57563a61d","YES"
"day03/Code.7z!05_GD32_LVGL_FreeRTOS_SmartWatch/Hardware/bsp_battery_leds.h","projects/05-rtos-smartwatch/course/Hardware/bsp_battery_leds.h","f7585067c016c3b5077e05028c10af52a247a608de67c34047073418c430d4bf","f7585067c016c3b5077e05028c10af52a247a608de67c34047073418c430d4bf","YES"
"day03/Code.7z!05_GD32_LVGL_FreeRTOS_SmartWatch/Hardware/bsp_buzzer.c","projects/05-rtos-smartwatch/course/Hardware/bsp_buzzer.c","2585fd1908edf73c203dbbcf159b75f73d605cdf35ee33bbeaa33dd42d6a341f","2585fd1908edf73c203dbbcf159b75f73d605cdf35ee33bbeaa33dd42d6a341f","YES"
"day03/Code.7z!05_GD32_LVGL_FreeRTOS_SmartWatch/Hardware/bsp_buzzer.h","projects/05-rtos-smartwatch/course/Hardware/bsp_buzzer.h","6f5fdca736b26835cda0c10dd1f5a020894e48716151d63e5ab8b6911b9c8831","6f5fdca736b26835cda0c10dd1f5a020894e48716151d63e5ab8b6911b9c8831","YES"
"day03/Code.7z!05_GD32_LVGL_FreeRTOS_SmartWatch/Hardware/cst816/cst816t.c","projects/05-rtos-smartwatch/course/Hardware/cst816/cst816t.c","6954ff2b7409962a5b52a40282ea0a577754c270b652f56fe6daeee52361969d","6954ff2b7409962a5b52a40282ea0a577754c270b652f56fe6daeee52361969d","YES"
"day03/Code.7z!05_GD32_LVGL_FreeRTOS_SmartWatch/Hardware/cst816/cst816t.h","projects/05-rtos-smartwatch/course/Hardware/cst816/cst816t.h","d40248f312f85fce30d638e479f929effe156a8e5fce1ad1e43329c5934cfd81","d40248f312f85fce30d638e479f929effe156a8e5fce1ad1e43329c5934cfd81","YES"
"day03/Code.7z!05_GD32_LVGL_FreeRTOS_SmartWatch/Hardware/led.c","projects/05-rtos-smartwatch/course/Hardware/led.c","c4bbc9dc96f3f617617e6369460c4afa37b64caa234954d5da651a41f6a2f67f","c4bbc9dc96f3f617617e6369460c4afa37b64caa234954d5da651a41f6a2f67f","YES"
"day03/Code.7z!05_GD32_LVGL_FreeRTOS_SmartWatch/Hardware/led.h","projects/05-rtos-smartwatch/course/Hardware/led.h","5707b2dfc58528c84231ff8db2fcea36e29cbd7f5d115093337b2d1a74450cfc","5707b2dfc58528c84231ff8db2fcea36e29cbd7f5d115093337b2d1a74450cfc","YES"
"day03/Code.7z!05_GD32_LVGL_FreeRTOS_SmartWatch/Hardware/PCF8563.c","projects/05-rtos-smartwatch/course/Hardware/PCF8563.c","175399ba450f8e636bb2fa95e138e6b9a3bddc84ff2f9d12cca17c0827488e9d","175399ba450f8e636bb2fa95e138e6b9a3bddc84ff2f9d12cca17c0827488e9d","YES"
"day03/Code.7z!05_GD32_LVGL_FreeRTOS_SmartWatch/Hardware/PCF8563.h","projects/05-rtos-smartwatch/course/Hardware/PCF8563.h","18cedb9ffa72107f8618f14884e3466570cbf6e72b04ad720e18ab8da0583a3a","18cedb9ffa72107f8618f14884e3466570cbf6e72b04ad720e18ab8da0583a3a","YES"
"day03/Code.7z!05_GD32_LVGL_FreeRTOS_SmartWatch/Hardware/st7789/font.h","projects/05-rtos-smartwatch/course/Hardware/st7789/font.h","272e36451f312b4a3584fd40bb375cfac28c69c8a5e906006e207c3e9ec90635","272e36451f312b4a3584fd40bb375cfac28c69c8a5e906006e207c3e9ec90635","YES"
"day03/Code.7z!05_GD32_LVGL_FreeRTOS_SmartWatch/Hardware/st7789/st7789.c","projects/05-rtos-smartwatch/course/Hardware/st7789/st7789.c","9a346e55ad3f5b31f70971909ef22e50e10ebf96a0484a9e79361c9ed7fbc2a3","9a346e55ad3f5b31f70971909ef22e50e10ebf96a0484a9e79361c9ed7fbc2a3","YES"
"day03/Code.7z!05_GD32_LVGL_FreeRTOS_SmartWatch/Hardware/st7789/st7789.h","projects/05-rtos-smartwatch/course/Hardware/st7789/st7789.h","54971038eedefee886e13de35534330005b1f43240568f62b63e64834bd24846","54971038eedefee886e13de35534330005b1f43240568f62b63e64834bd24846","YES"
"day03/Code.7z!05_GD32_LVGL_FreeRTOS_SmartWatch/Library/EXTI_config.h","projects/05-rtos-smartwatch/course/Library/EXTI_config.h","0e1d8994d361a55d9837f7251d9fbe43d6c26f110b82382ff86941480f30a85b","0e1d8994d361a55d9837f7251d9fbe43d6c26f110b82382ff86941480f30a85b","YES"
"day03/Code.7z!05_GD32_LVGL_FreeRTOS_SmartWatch/Library/EXTI.c","projects/05-rtos-smartwatch/course/Library/EXTI.c","f31ad6b5038d43f75066a667d0c1905ced684533c26c8dbd32d8bff6f822e28c","f31ad6b5038d43f75066a667d0c1905ced684533c26c8dbd32d8bff6f822e28c","YES"
"day03/Code.7z!05_GD32_LVGL_FreeRTOS_SmartWatch/Library/EXTI.h","projects/05-rtos-smartwatch/course/Library/EXTI.h","836bc18a5497f7024b8a58223e66391071ebef1051bc8dddc9cf9a4537d430fb","836bc18a5497f7024b8a58223e66391071ebef1051bc8dddc9cf9a4537d430fb","YES"
"day03/Code.7z!05_GD32_LVGL_FreeRTOS_SmartWatch/Library/I2C/I2C_config.h","projects/05-rtos-smartwatch/course/Library/I2C/I2C_config.h","3a54861342078ab1e0109eca5f3107803bcf9e0cccec32aa64f355dd1a5a5759","3a54861342078ab1e0109eca5f3107803bcf9e0cccec32aa64f355dd1a5a5759","YES"
"day03/Code.7z!05_GD32_LVGL_FreeRTOS_SmartWatch/Library/I2C/I2C.c","projects/05-rtos-smartwatch/course/Library/I2C/I2C.c","e17605acea90ba6709874fba8efbacb31f105f013b10779679c71da5d3c988c2","e17605acea90ba6709874fba8efbacb31f105f013b10779679c71da5d3c988c2","YES"
"day03/Code.7z!05_GD32_LVGL_FreeRTOS_SmartWatch/Library/I2C/I2C.h","projects/05-rtos-smartwatch/course/Library/I2C/I2C.h","b3c4ab98d7a9c01fe9fcefd7c8d7fdf3d97964b8efaa14cb057ebb2466ed5008","b3c4ab98d7a9c01fe9fcefd7c8d7fdf3d97964b8efaa14cb057ebb2466ed5008","YES"
"day03/Code.7z!05_GD32_LVGL_FreeRTOS_SmartWatch/Library/I2C/I2C0.c","projects/05-rtos-smartwatch/course/Library/I2C/I2C0.c","09d1eb340eff2166230fc1727269ad8bdfdd9d69801ee72516fafd5a4ac09f4b","09d1eb340eff2166230fc1727269ad8bdfdd9d69801ee72516fafd5a4ac09f4b","YES"
"day03/Code.7z!05_GD32_LVGL_FreeRTOS_SmartWatch/Library/I2C/I2C0.h","projects/05-rtos-smartwatch/course/Library/I2C/I2C0.h","5381921337295aaa5f855220ff496d62baca4002cd4bdc8a8cd389901b73b567","5381921337295aaa5f855220ff496d62baca4002cd4bdc8a8cd389901b73b567","YES"
"day03/Code.7z!05_GD32_LVGL_FreeRTOS_SmartWatch/Library/SPI/SPI_config.h","projects/05-rtos-smartwatch/course/Library/SPI/SPI_config.h","6b4f4ed9a65f23ecc97f5b76e34de2340443cd32839f39c58dea84118106d8c4","6b4f4ed9a65f23ecc97f5b76e34de2340443cd32839f39c58dea84118106d8c4","YES"
"day03/Code.7z!05_GD32_LVGL_FreeRTOS_SmartWatch/Library/SPI/SPI.c","projects/05-rtos-smartwatch/course/Library/SPI/SPI.c","d38d366d8c40053915116a8bc6fc4c4667341dfc87efdba5a68cc852a0d9b504","d38d366d8c40053915116a8bc6fc4c4667341dfc87efdba5a68cc852a0d9b504","YES"
"day03/Code.7z!05_GD32_LVGL_FreeRTOS_SmartWatch/Library/SPI/SPI.h","projects/05-rtos-smartwatch/course/Library/SPI/SPI.h","228827808cd9e5fa9d40c5158c82258adb18cb347fbc9cc6ce45d4e7c15f5198","228827808cd9e5fa9d40c5158c82258adb18cb347fbc9cc6ce45d4e7c15f5198","YES"
"day03/Code.7z!05_GD32_LVGL_FreeRTOS_SmartWatch/Library/SPI/SPI0.c","projects/05-rtos-smartwatch/course/Library/SPI/SPI0.c","6df75c41548208431df0eb0a3841c7c908ca0a62f863f941239d99af51c4d239","6df75c41548208431df0eb0a3841c7c908ca0a62f863f941239d99af51c4d239","YES"
"day03/Code.7z!05_GD32_LVGL_FreeRTOS_SmartWatch/Library/SPI/SPI0.h","projects/05-rtos-smartwatch/course/Library/SPI/SPI0.h","bc197867ca0c0bde6eb8e4407284a351e46390734e0075e840a1d9fe7dabae87","bc197867ca0c0bde6eb8e4407284a351e46390734e0075e840a1d9fe7dabae87","YES"
"day03/Code.7z!05_GD32_LVGL_FreeRTOS_SmartWatch/Library/TIMER_config.h","projects/05-rtos-smartwatch/course/Library/TIMER_config.h","a32cd36a93fc741846a1ea52bcdc87b360069adb2d4a74e340edbfba1aabf99a","a32cd36a93fc741846a1ea52bcdc87b360069adb2d4a74e340edbfba1aabf99a","YES"
"day03/Code.7z!05_GD32_LVGL_FreeRTOS_SmartWatch/Library/TIMER.c","projects/05-rtos-smartwatch/course/Library/TIMER.c","1113fff1c24b1e7bf3bfe155e885b8d190e0a35aae83693b58cbab0d3520f773","1113fff1c24b1e7bf3bfe155e885b8d190e0a35aae83693b58cbab0d3520f773","YES"
"day03/Code.7z!05_GD32_LVGL_FreeRTOS_SmartWatch/Library/TIMER.h","projects/05-rtos-smartwatch/course/Library/TIMER.h","4ec4787176e0debbd5715cb8cc2ab297c420796872b249145746250c2b582fba","4ec4787176e0debbd5715cb8cc2ab297c420796872b249145746250c2b582fba","YES"
"day03/Code.7z!05_GD32_LVGL_FreeRTOS_SmartWatch/Library/USART/USART_config.h","projects/05-rtos-smartwatch/course/Library/USART/USART_config.h","9ccd32f2d2bbc8e0ad0ae74650291ee6ca8f59c8c4ed939c9d1e8b7614e71692","9ccd32f2d2bbc8e0ad0ae74650291ee6ca8f59c8c4ed939c9d1e8b7614e71692","YES"
"day03/Code.7z!05_GD32_LVGL_FreeRTOS_SmartWatch/Library/USART/USART.c","projects/05-rtos-smartwatch/course/Library/USART/USART.c","2f9bb98e49eb21aa5a9813c1340e2ba5187ab29c7034d9d898827ca3a592a988","2f9bb98e49eb21aa5a9813c1340e2ba5187ab29c7034d9d898827ca3a592a988","YES"
"day03/Code.7z!05_GD32_LVGL_FreeRTOS_SmartWatch/Library/USART/USART.h","projects/05-rtos-smartwatch/course/Library/USART/USART.h","c365a4143b5bca67299c41db548db6e4c7695d704b542c998e35f58bc9322d1a","c365a4143b5bca67299c41db548db6e4c7695d704b542c998e35f58bc9322d1a","YES"
"day03/Code.7z!05_GD32_LVGL_FreeRTOS_SmartWatch/Library/USART/USART0.c","projects/05-rtos-smartwatch/course/Library/USART/USART0.c","d30ec7e30aea5afc0b64062eebea846c587f95f76bfed493475d370dc33b37ef","d30ec7e30aea5afc0b64062eebea846c587f95f76bfed493475d370dc33b37ef","YES"
"day03/Code.7z!05_GD32_LVGL_FreeRTOS_SmartWatch/Library/USART/USART0.h","projects/05-rtos-smartwatch/course/Library/USART/USART0.h","58d96f267dbbc3582c0622526177c7d0eccef031019ef990796afccb44a908db","58d96f267dbbc3582c0622526177c7d0eccef031019ef990796afccb44a908db","YES"
"day03/Code.7z!05_GD32_LVGL_FreeRTOS_SmartWatch/Library/USART/USART1.c","projects/05-rtos-smartwatch/course/Library/USART/USART1.c","9a6de68381da651969320719756e612b82da20c772aa3b7c9e6df4871247ee57","9a6de68381da651969320719756e612b82da20c772aa3b7c9e6df4871247ee57","YES"
"day03/Code.7z!05_GD32_LVGL_FreeRTOS_SmartWatch/Library/USART/USART1.h","projects/05-rtos-smartwatch/course/Library/USART/USART1.h","613ec47204418fbbeb443a5c1567065bc07a487c386aec4f6756f84f46807866","613ec47204418fbbeb443a5c1567065bc07a487c386aec4f6756f84f46807866","YES"
"day03/Code.7z!05_GD32_LVGL_FreeRTOS_SmartWatch/Project/GD32F407.uvprojx","projects/05-rtos-smartwatch/course/Project/GD32F407.uvprojx","77564415c8a5dcce87bc545d911a4d749cf710b542f06b9e1adebb9503a77cdc","77564415c8a5dcce87bc545d911a4d749cf710b542f06b9e1adebb9503a77cdc","YES"
"day03/Code.7z!05_GD32_LVGL_FreeRTOS_SmartWatch/Project/RTE/_Target_1/Pre_Include_Global.h","projects/05-rtos-smartwatch/course/Project/RTE/_Target_1/Pre_Include_Global.h","c1150653c291c32f3dedef0fc5138da413e4858628cf6b90db39a2892df7595e","c1150653c291c32f3dedef0fc5138da413e4858628cf6b90db39a2892df7595e","YES"
"day03/Code.7z!05_GD32_LVGL_FreeRTOS_SmartWatch/Project/RTE/_Target_1/RTE_Components.h","projects/05-rtos-smartwatch/course/Project/RTE/_Target_1/RTE_Components.h","38e00f0471b99cfde1e82eab75f73e4944f73897b0bf2af415af9770425f9c37","38e00f0471b99cfde1e82eab75f73e4944f73897b0bf2af415af9770425f9c37","YES"
"day03/Code.7z!05_GD32_LVGL_FreeRTOS_SmartWatch/Project/RTE/Device/GD32F407VE/gd32f4xx_dma.c","projects/05-rtos-smartwatch/course/Project/RTE/Device/GD32F407VE/gd32f4xx_dma.c","2d943a169ababcc22cbc6c41665f5ce375c30b63005954e1d34bb3218cb63faf","2d943a169ababcc22cbc6c41665f5ce375c30b63005954e1d34bb3218cb63faf","YES"
"day03/Code.7z!05_GD32_LVGL_FreeRTOS_SmartWatch/Project/RTE/Device/GD32F407VE/gd32f4xx_exti.c","projects/05-rtos-smartwatch/course/Project/RTE/Device/GD32F407VE/gd32f4xx_exti.c","fce4a7eca93486d71a9e5758642f2282ae7f8805dbb559312837a0b17577fe58","fce4a7eca93486d71a9e5758642f2282ae7f8805dbb559312837a0b17577fe58","YES"
"day03/Code.7z!05_GD32_LVGL_FreeRTOS_SmartWatch/Project/RTE/Device/GD32F407VE/gd32f4xx_gpio.c","projects/05-rtos-smartwatch/course/Project/RTE/Device/GD32F407VE/gd32f4xx_gpio.c","262befe864d5da3bada64d0b3dab29e5c2747e46b154ede8bcab0b788db614e0","262befe864d5da3bada64d0b3dab29e5c2747e46b154ede8bcab0b788db614e0","YES"
"day03/Code.7z!05_GD32_LVGL_FreeRTOS_SmartWatch/Project/RTE/Device/GD32F407VE/gd32f4xx_i2c.c","projects/05-rtos-smartwatch/course/Project/RTE/Device/GD32F407VE/gd32f4xx_i2c.c","8edfaf1a8f0bf2833923d0072fe1b9d0467382b3ec1d243e918d0de9711cccd2","8edfaf1a8f0bf2833923d0072fe1b9d0467382b3ec1d243e918d0de9711cccd2","YES"
"day03/Code.7z!05_GD32_LVGL_FreeRTOS_SmartWatch/Project/RTE/Device/GD32F407VE/gd32f4xx_misc.c","projects/05-rtos-smartwatch/course/Project/RTE/Device/GD32F407VE/gd32f4xx_misc.c","1cd262f295155428c25dedc69bfbab99f7a99de09e0b602eca1f2c6017cfe2da","1cd262f295155428c25dedc69bfbab99f7a99de09e0b602eca1f2c6017cfe2da","YES"
"day03/Code.7z!05_GD32_LVGL_FreeRTOS_SmartWatch/Project/RTE/Device/GD32F407VE/gd32f4xx_pmu.c","projects/05-rtos-smartwatch/course/Project/RTE/Device/GD32F407VE/gd32f4xx_pmu.c","dafa94838a55132e3313234c5ac2be6172116dc26574347363d554effb186d79","dafa94838a55132e3313234c5ac2be6172116dc26574347363d554effb186d79","YES"
"day03/Code.7z!05_GD32_LVGL_FreeRTOS_SmartWatch/Project/RTE/Device/GD32F407VE/gd32f4xx_rcu.c","projects/05-rtos-smartwatch/course/Project/RTE/Device/GD32F407VE/gd32f4xx_rcu.c","6c1030eb58ec7cb9c41e2a1ff31ddef87f70dd083222327978234004c4e95b98","6c1030eb58ec7cb9c41e2a1ff31ddef87f70dd083222327978234004c4e95b98","YES"
"day03/Code.7z!05_GD32_LVGL_FreeRTOS_SmartWatch/Project/RTE/Device/GD32F407VE/gd32f4xx_rtc.c","projects/05-rtos-smartwatch/course/Project/RTE/Device/GD32F407VE/gd32f4xx_rtc.c","eea5bcb92c88a7bab9f3740f8e9408236412a546b03a5467f21b0f94a01183e7","eea5bcb92c88a7bab9f3740f8e9408236412a546b03a5467f21b0f94a01183e7","YES"
"day03/Code.7z!05_GD32_LVGL_FreeRTOS_SmartWatch/Project/RTE/Device/GD32F407VE/gd32f4xx_spi.c","projects/05-rtos-smartwatch/course/Project/RTE/Device/GD32F407VE/gd32f4xx_spi.c","ce06438e9ad5882a0fca88dfe658dd925ed3320ba574c2797e2f93acf6142459","ce06438e9ad5882a0fca88dfe658dd925ed3320ba574c2797e2f93acf6142459","YES"
"day03/Code.7z!05_GD32_LVGL_FreeRTOS_SmartWatch/Project/RTE/Device/GD32F407VE/gd32f4xx_syscfg.c","projects/05-rtos-smartwatch/course/Project/RTE/Device/GD32F407VE/gd32f4xx_syscfg.c","51a7a5e70f3064424cc6e2f6a06942b47adaac8c36a6612ee08b1643557b3ca3","51a7a5e70f3064424cc6e2f6a06942b47adaac8c36a6612ee08b1643557b3ca3","YES"
"day03/Code.7z!05_GD32_LVGL_FreeRTOS_SmartWatch/Project/RTE/Device/GD32F407VE/gd32f4xx_timer.c","projects/05-rtos-smartwatch/course/Project/RTE/Device/GD32F407VE/gd32f4xx_timer.c","3961465cf6ba39554e34c02183c50676a4ab9b3991a6aad32d271754b2506b14","3961465cf6ba39554e34c02183c50676a4ab9b3991a6aad32d271754b2506b14","YES"
"day03/Code.7z!05_GD32_LVGL_FreeRTOS_SmartWatch/Project/RTE/Device/GD32F407VE/gd32f4xx_usart.c","projects/05-rtos-smartwatch/course/Project/RTE/Device/GD32F407VE/gd32f4xx_usart.c","f67fa54d9c9537317be92d95fd880a394d9abe98df708e5aa821fbfa392ae9b0","f67fa54d9c9537317be92d95fd880a394d9abe98df708e5aa821fbfa392ae9b0","YES"
"day03/Code.7z!05_GD32_LVGL_FreeRTOS_SmartWatch/Project/RTE/Device/GD32F407VE/startup_gd32f407_427.s","projects/05-rtos-smartwatch/course/Project/RTE/Device/GD32F407VE/startup_gd32f407_427.s","2b34030052fb7c8c45b1c037c1331ee6685bad85710623f75f394b119a2839ec","2b34030052fb7c8c45b1c037c1331ee6685bad85710623f75f394b119a2839ec","YES"
"day03/Code.7z!05_GD32_LVGL_FreeRTOS_SmartWatch/Project/RTE/Device/GD32F407VE/system_gd32f4xx.c","projects/05-rtos-smartwatch/course/Project/RTE/Device/GD32F407VE/system_gd32f4xx.c","8f66a123756716cf74297a7b54eec616f230cbbc37dfb60f21bf05d1bc070836","8f66a123756716cf74297a7b54eec616f230cbbc37dfb60f21bf05d1bc070836","YES"
"day03/Code.7z!05_GD32_LVGL_FreeRTOS_SmartWatch/Project/RTE/LVGL/lv_cmsis_pack.c","projects/05-rtos-smartwatch/course/Project/RTE/LVGL/lv_cmsis_pack.c","b30c2ed89f98d14b3de93d63ddf22ccd21c8c6a6dd3d1f324fc26d4495a577b4","b30c2ed89f98d14b3de93d63ddf22ccd21c8c6a6dd3d1f324fc26d4495a577b4","YES"
"day03/Code.7z!05_GD32_LVGL_FreeRTOS_SmartWatch/Project/RTE/LVGL/lv_conf_cmsis.h","projects/05-rtos-smartwatch/course/Project/RTE/LVGL/lv_conf_cmsis.h","bfba2920e7ec3bc29a6010539eabc673cec833f3b6b62fb57c9e4ea67c17da8d","bfba2920e7ec3bc29a6010539eabc673cec833f3b6b62fb57c9e4ea67c17da8d","YES"
"day03/Code.7z!05_GD32_LVGL_FreeRTOS_SmartWatch/Project/RTE/LVGL/lv_port_disp_template.c","projects/05-rtos-smartwatch/course/Project/RTE/LVGL/lv_port_disp_template.c","86c494983c377a3cdebeef42d0e44685f76ded2d22a836da416150ba53823606","86c494983c377a3cdebeef42d0e44685f76ded2d22a836da416150ba53823606","YES"
"day03/Code.7z!05_GD32_LVGL_FreeRTOS_SmartWatch/Project/RTE/LVGL/lv_port_disp_template.h","projects/05-rtos-smartwatch/course/Project/RTE/LVGL/lv_port_disp_template.h","2166d16bb99674cb4dc0eb66ce19ac4ab0f444f9663862ac68f11ab0a72ed134","2166d16bb99674cb4dc0eb66ce19ac4ab0f444f9663862ac68f11ab0a72ed134","YES"
"day03/Code.7z!05_GD32_LVGL_FreeRTOS_SmartWatch/Project/RTE/LVGL/lv_port_fs_template.c","projects/05-rtos-smartwatch/course/Project/RTE/LVGL/lv_port_fs_template.c","570fca44a27b690c69fb59e7f3852591586d78fa8b4c8a17c6b934073356f9d5","570fca44a27b690c69fb59e7f3852591586d78fa8b4c8a17c6b934073356f9d5","YES"
"day03/Code.7z!05_GD32_LVGL_FreeRTOS_SmartWatch/Project/RTE/LVGL/lv_port_fs_template.h","projects/05-rtos-smartwatch/course/Project/RTE/LVGL/lv_port_fs_template.h","82dc0f5210f6d9a338f1b10e4d6d159801975daef94f69effbb7c8abadb0f3aa","82dc0f5210f6d9a338f1b10e4d6d159801975daef94f69effbb7c8abadb0f3aa","YES"
"day03/Code.7z!05_GD32_LVGL_FreeRTOS_SmartWatch/Project/RTE/LVGL/lv_port_indev_template.c","projects/05-rtos-smartwatch/course/Project/RTE/LVGL/lv_port_indev_template.c","d478f013a5d1d77db8fcae240b201b5c4df3aa5b8b5c212de8f343dfba016ae5","d478f013a5d1d77db8fcae240b201b5c4df3aa5b8b5c212de8f343dfba016ae5","YES"
"day03/Code.7z!05_GD32_LVGL_FreeRTOS_SmartWatch/Project/RTE/LVGL/lv_port_indev_template.h","projects/05-rtos-smartwatch/course/Project/RTE/LVGL/lv_port_indev_template.h","57949cc9a4d12e47e6cd3eba085546109d61485c87ec937368c6a3c35bd47303","57949cc9a4d12e47e6cd3eba085546109d61485c87ec937368c6a3c35bd47303","YES"
"day03/Code.7z!05_GD32_LVGL_FreeRTOS_SmartWatch/Project/RTE/RTOS/FreeRTOSConfig.h","projects/05-rtos-smartwatch/course/Project/RTE/RTOS/FreeRTOSConfig.h","d1abf4ce316facd68225ff44d5a9d51ec7e4f86742fc7a0b81a2bd32d304455e","d1abf4ce316facd68225ff44d5a9d51ec7e4f86742fc7a0b81a2bd32d304455e","YES"
"day03/Code.7z!05_GD32_LVGL_FreeRTOS_SmartWatch/Third_Party/SmartWatch_UI/CMakeLists.txt","projects/05-rtos-smartwatch/course/Third_Party/SmartWatch_UI/CMakeLists.txt","84b42d0567729cf14120a6c0d394ea7e9d4a859a12de3331a26c978876785498","84b42d0567729cf14120a6c0d394ea7e9d4a859a12de3331a26c978876785498","YES"
"day03/Code.7z!05_GD32_LVGL_FreeRTOS_SmartWatch/Third_Party/SmartWatch_UI/components/ui_comp_hook.c","projects/05-rtos-smartwatch/course/Third_Party/SmartWatch_UI/components/ui_comp_hook.c","56c3e3dd4076669a4467fc529e1215f453d30ccbb17418fc801ff33b05b53ae3","56c3e3dd4076669a4467fc529e1215f453d30ccbb17418fc801ff33b05b53ae3","YES"
"day03/Code.7z!05_GD32_LVGL_FreeRTOS_SmartWatch/Third_Party/SmartWatch_UI/filelist.txt","projects/05-rtos-smartwatch/course/Third_Party/SmartWatch_UI/filelist.txt","84dd8cb48b4d52293aa7fdfb4eafa420e938c8a4b3180b1576ddf696adcd8787","84dd8cb48b4d52293aa7fdfb4eafa420e938c8a4b3180b1576ddf696adcd8787","YES"
"day03/Code.7z!05_GD32_LVGL_FreeRTOS_SmartWatch/Third_Party/SmartWatch_UI/screens/ui_Screen1.c","projects/05-rtos-smartwatch/course/Third_Party/SmartWatch_UI/screens/ui_Screen1.c","162802d82fee190f2bcdbdae35ded538760770cab637ba1041b1da32b7d95fe7","162802d82fee190f2bcdbdae35ded538760770cab637ba1041b1da32b7d95fe7","YES"
"day03/Code.7z!05_GD32_LVGL_FreeRTOS_SmartWatch/Third_Party/SmartWatch_UI/screens/ui_Screen2.c","projects/05-rtos-smartwatch/course/Third_Party/SmartWatch_UI/screens/ui_Screen2.c","0b4edf4b676219f95b6f31e48f556e183c70831deae18e93f31ffb27a7b58b8d","0b4edf4b676219f95b6f31e48f556e183c70831deae18e93f31ffb27a7b58b8d","YES"
"day03/Code.7z!05_GD32_LVGL_FreeRTOS_SmartWatch/Third_Party/SmartWatch_UI/screens/ui_Screen3.c","projects/05-rtos-smartwatch/course/Third_Party/SmartWatch_UI/screens/ui_Screen3.c","38bf35496d514cd6906e9cd25673b9759573df7efc6f8ed2e39f3a7ab544896c","38bf35496d514cd6906e9cd25673b9759573df7efc6f8ed2e39f3a7ab544896c","YES"
"day03/Code.7z!05_GD32_LVGL_FreeRTOS_SmartWatch/Third_Party/SmartWatch_UI/screens/ui_Screen4.c","projects/05-rtos-smartwatch/course/Third_Party/SmartWatch_UI/screens/ui_Screen4.c","c876de8ddbe64d9b259d8f171d05e49622c0807dc7da7176c453b33acd2e1a32","c876de8ddbe64d9b259d8f171d05e49622c0807dc7da7176c453b33acd2e1a32","YES"
"day03/Code.7z!05_GD32_LVGL_FreeRTOS_SmartWatch/Third_Party/SmartWatch_UI/ui_events.c","projects/05-rtos-smartwatch/course/Third_Party/SmartWatch_UI/ui_events.c","2492e049c04e499b82bef7701b802499f282a1c1cf89802c27b454d31d4334e3","2492e049c04e499b82bef7701b802499f282a1c1cf89802c27b454d31d4334e3","YES"
"day03/Code.7z!05_GD32_LVGL_FreeRTOS_SmartWatch/Third_Party/SmartWatch_UI/ui_events.h","projects/05-rtos-smartwatch/course/Third_Party/SmartWatch_UI/ui_events.h","4f58a4141631ac517580951a3ad512003c637d871b2104512f1bd2fa4cad88e9","4f58a4141631ac517580951a3ad512003c637d871b2104512f1bd2fa4cad88e9","YES"
"day03/Code.7z!05_GD32_LVGL_FreeRTOS_SmartWatch/Third_Party/SmartWatch_UI/ui_helpers.c","projects/05-rtos-smartwatch/course/Third_Party/SmartWatch_UI/ui_helpers.c","57148f8e623058ed9ff0af4bef3da193147699cc9dc1e78fb0c6254aa70db724","57148f8e623058ed9ff0af4bef3da193147699cc9dc1e78fb0c6254aa70db724","YES"
"day03/Code.7z!05_GD32_LVGL_FreeRTOS_SmartWatch/Third_Party/SmartWatch_UI/ui_helpers.h","projects/05-rtos-smartwatch/course/Third_Party/SmartWatch_UI/ui_helpers.h","3ada422a848dd85de41300374cfd562aed2f1b6bddff81bddfbb6bccf7e1912e","3ada422a848dd85de41300374cfd562aed2f1b6bddff81bddfbb6bccf7e1912e","YES"
"day03/Code.7z!05_GD32_LVGL_FreeRTOS_SmartWatch/Third_Party/SmartWatch_UI/ui_theme_manager.c","projects/05-rtos-smartwatch/course/Third_Party/SmartWatch_UI/ui_theme_manager.c","941fa26ece34eeee9c35ff7dd314e3de936b8aee4309d62ee132313261534358","941fa26ece34eeee9c35ff7dd314e3de936b8aee4309d62ee132313261534358","YES"
"day03/Code.7z!05_GD32_LVGL_FreeRTOS_SmartWatch/Third_Party/SmartWatch_UI/ui_theme_manager.h","projects/05-rtos-smartwatch/course/Third_Party/SmartWatch_UI/ui_theme_manager.h","335696fd2ef6bf01cca6614b37f305a04de091dcfb4b90aaf0693a55473661fc","335696fd2ef6bf01cca6614b37f305a04de091dcfb4b90aaf0693a55473661fc","YES"
"day03/Code.7z!05_GD32_LVGL_FreeRTOS_SmartWatch/Third_Party/SmartWatch_UI/ui_themes.c","projects/05-rtos-smartwatch/course/Third_Party/SmartWatch_UI/ui_themes.c","3f7788f91528f6c9d6774e987fc7b67b9f38feb684dc715ebaca48ae9677b252","3f7788f91528f6c9d6774e987fc7b67b9f38feb684dc715ebaca48ae9677b252","YES"
"day03/Code.7z!05_GD32_LVGL_FreeRTOS_SmartWatch/Third_Party/SmartWatch_UI/ui_themes.h","projects/05-rtos-smartwatch/course/Third_Party/SmartWatch_UI/ui_themes.h","1488f48e7dff9b07299067bb5cd0a6aa8e4eaa765923971fdcde389f9be33b16","1488f48e7dff9b07299067bb5cd0a6aa8e4eaa765923971fdcde389f9be33b16","YES"
"day03/Code.7z!05_GD32_LVGL_FreeRTOS_SmartWatch/Third_Party/SmartWatch_UI/ui.c","projects/05-rtos-smartwatch/course/Third_Party/SmartWatch_UI/ui.c","0acae59dd45abb1f5bb84231b6039353959cd76436a70df7de99ae42d6cfc8c2","0acae59dd45abb1f5bb84231b6039353959cd76436a70df7de99ae42d6cfc8c2","YES"
"day03/Code.7z!05_GD32_LVGL_FreeRTOS_SmartWatch/Third_Party/SmartWatch_UI/ui.h","projects/05-rtos-smartwatch/course/Third_Party/SmartWatch_UI/ui.h","0801ae743dfa186adffba0503222bc62fb6e1b3be4c69b4fb7d22062915d3754","0801ae743dfa186adffba0503222bc62fb6e1b3be4c69b4fb7d22062915d3754","YES"
"day03/Code.7z!05_GD32_LVGL_FreeRTOS_SmartWatch/User/gd32f4xx_it.c","projects/05-rtos-smartwatch/course/User/gd32f4xx_it.c","79bd2593f37edcce8cae4af01dbb88daedce299b746084e5572d8b4a7d7b8f35","79bd2593f37edcce8cae4af01dbb88daedce299b746084e5572d8b4a7d7b8f35","YES"
"day03/Code.7z!05_GD32_LVGL_FreeRTOS_SmartWatch/User/gd32f4xx_it.h","projects/05-rtos-smartwatch/course/User/gd32f4xx_it.h","e648f725d296db6cb5ea144557ebffdfa6130c53e9d8e38fe310cf892b26fb89","e648f725d296db6cb5ea144557ebffdfa6130c53e9d8e38fe310cf892b26fb89","YES"
"day03/Code.7z!05_GD32_LVGL_FreeRTOS_SmartWatch/User/gd32f4xx_libopt.h","projects/05-rtos-smartwatch/course/User/gd32f4xx_libopt.h","702c6d85987bcdddd363a8412c5806255f6c746065da984eb21896c5ddd6bf09","702c6d85987bcdddd363a8412c5806255f6c746065da984eb21896c5ddd6bf09","YES"
"day03/Code.7z!05_GD32_LVGL_FreeRTOS_SmartWatch/User/main.c","projects/05-rtos-smartwatch/course/User/main.c","d3586388dafe0c47b731d5b214471e733dc079a45c96f638cde9197d0c28c542","d3586388dafe0c47b731d5b214471e733dc079a45c96f638cde9197d0c28c542","YES"
"day03/Code.7z!05_GD32_LVGL_FreeRTOS_SmartWatch/User/main.h","projects/05-rtos-smartwatch/course/User/main.h","724b8affcda9984a7b0f94ac7a7bb1005015ac3ca9e2cf59e5bff08b58ceafd1","724b8affcda9984a7b0f94ac7a7bb1005015ac3ca9e2cf59e5bff08b58ceafd1","YES"
"day03/Code.7z!05_GD32_LVGL_FreeRTOS_SmartWatch/User/readme.txt","projects/05-rtos-smartwatch/course/User/readme.txt","a45bd1e14d470b46be2d57c9d35147e41204556cc4bb4e25ea3c7b6b424a0b7c","a45bd1e14d470b46be2d57c9d35147e41204556cc4bb4e25ea3c7b6b424a0b7c","YES"
"day03/Code.7z!05_GD32_LVGL_FreeRTOS_SmartWatch/User/systick.c","projects/05-rtos-smartwatch/course/User/systick.c","607bb65c8c372e26f2fd3b918f4786094c583e8d3fb8b06e2c8e81b858c0882e","607bb65c8c372e26f2fd3b918f4786094c583e8d3fb8b06e2c8e81b858c0882e","YES"
"day03/Code.7z!05_GD32_LVGL_FreeRTOS_SmartWatch/User/systick.h","projects/05-rtos-smartwatch/course/User/systick.h","8722c649ef06723501e93f5a071320e6a9e5dc57220b20f5b267a0096ea46e35","8722c649ef06723501e93f5a071320e6a9e5dc57220b20f5b267a0096ea46e35","YES"
"day03/Code.7z!04_GD32_LVGL_CMSIS_SmartWatch/Doc/readme.txt","projects/reference/cmsis-pack-smartwatch/course/Doc/readme.txt","5fbf26fe49eae27b2dd2bc4d71da5ec67920b322712bfb7dd30adade1d637ac8","5fbf26fe49eae27b2dd2bc4d71da5ec67920b322712bfb7dd30adade1d637ac8","YES"
"day03/Code.7z!04_GD32_LVGL_CMSIS_SmartWatch/Hardware/bsp_basic_timer.c","projects/reference/cmsis-pack-smartwatch/course/Hardware/bsp_basic_timer.c","c54e454cb6b452607ca1ce29dbd2a3f75059f5d16202027e947ddc15716fd292","c54e454cb6b452607ca1ce29dbd2a3f75059f5d16202027e947ddc15716fd292","YES"
"day03/Code.7z!04_GD32_LVGL_CMSIS_SmartWatch/Hardware/bsp_basic_timer.h","projects/reference/cmsis-pack-smartwatch/course/Hardware/bsp_basic_timer.h","268a1f1c3a7c2d45c5f08cc380dc4c8c20f9f8686d0ec956781491fa050809a6","268a1f1c3a7c2d45c5f08cc380dc4c8c20f9f8686d0ec956781491fa050809a6","YES"
"day03/Code.7z!04_GD32_LVGL_CMSIS_SmartWatch/Hardware/bsp_battery_leds.c","projects/reference/cmsis-pack-smartwatch/course/Hardware/bsp_battery_leds.c","3355ee67df90741c1311332c6cfb0053385a7ffd03c3de8ea06fcbd57563a61d","3355ee67df90741c1311332c6cfb0053385a7ffd03c3de8ea06fcbd57563a61d","YES"
"day03/Code.7z!04_GD32_LVGL_CMSIS_SmartWatch/Hardware/bsp_battery_leds.h","projects/reference/cmsis-pack-smartwatch/course/Hardware/bsp_battery_leds.h","f7585067c016c3b5077e05028c10af52a247a608de67c34047073418c430d4bf","f7585067c016c3b5077e05028c10af52a247a608de67c34047073418c430d4bf","YES"
"day03/Code.7z!04_GD32_LVGL_CMSIS_SmartWatch/Hardware/bsp_buzzer.c","projects/reference/cmsis-pack-smartwatch/course/Hardware/bsp_buzzer.c","2585fd1908edf73c203dbbcf159b75f73d605cdf35ee33bbeaa33dd42d6a341f","2585fd1908edf73c203dbbcf159b75f73d605cdf35ee33bbeaa33dd42d6a341f","YES"
"day03/Code.7z!04_GD32_LVGL_CMSIS_SmartWatch/Hardware/bsp_buzzer.h","projects/reference/cmsis-pack-smartwatch/course/Hardware/bsp_buzzer.h","6f5fdca736b26835cda0c10dd1f5a020894e48716151d63e5ab8b6911b9c8831","6f5fdca736b26835cda0c10dd1f5a020894e48716151d63e5ab8b6911b9c8831","YES"
"day03/Code.7z!04_GD32_LVGL_CMSIS_SmartWatch/Hardware/cst816/cst816t.c","projects/reference/cmsis-pack-smartwatch/course/Hardware/cst816/cst816t.c","6954ff2b7409962a5b52a40282ea0a577754c270b652f56fe6daeee52361969d","6954ff2b7409962a5b52a40282ea0a577754c270b652f56fe6daeee52361969d","YES"
"day03/Code.7z!04_GD32_LVGL_CMSIS_SmartWatch/Hardware/cst816/cst816t.h","projects/reference/cmsis-pack-smartwatch/course/Hardware/cst816/cst816t.h","d40248f312f85fce30d638e479f929effe156a8e5fce1ad1e43329c5934cfd81","d40248f312f85fce30d638e479f929effe156a8e5fce1ad1e43329c5934cfd81","YES"
"day03/Code.7z!04_GD32_LVGL_CMSIS_SmartWatch/Hardware/led.c","projects/reference/cmsis-pack-smartwatch/course/Hardware/led.c","c4bbc9dc96f3f617617e6369460c4afa37b64caa234954d5da651a41f6a2f67f","c4bbc9dc96f3f617617e6369460c4afa37b64caa234954d5da651a41f6a2f67f","YES"
"day03/Code.7z!04_GD32_LVGL_CMSIS_SmartWatch/Hardware/led.h","projects/reference/cmsis-pack-smartwatch/course/Hardware/led.h","5707b2dfc58528c84231ff8db2fcea36e29cbd7f5d115093337b2d1a74450cfc","5707b2dfc58528c84231ff8db2fcea36e29cbd7f5d115093337b2d1a74450cfc","YES"
"day03/Code.7z!04_GD32_LVGL_CMSIS_SmartWatch/Hardware/PCF8563.c","projects/reference/cmsis-pack-smartwatch/course/Hardware/PCF8563.c","175399ba450f8e636bb2fa95e138e6b9a3bddc84ff2f9d12cca17c0827488e9d","175399ba450f8e636bb2fa95e138e6b9a3bddc84ff2f9d12cca17c0827488e9d","YES"
"day03/Code.7z!04_GD32_LVGL_CMSIS_SmartWatch/Hardware/PCF8563.h","projects/reference/cmsis-pack-smartwatch/course/Hardware/PCF8563.h","18cedb9ffa72107f8618f14884e3466570cbf6e72b04ad720e18ab8da0583a3a","18cedb9ffa72107f8618f14884e3466570cbf6e72b04ad720e18ab8da0583a3a","YES"
"day03/Code.7z!04_GD32_LVGL_CMSIS_SmartWatch/Hardware/st7789/font.h","projects/reference/cmsis-pack-smartwatch/course/Hardware/st7789/font.h","272e36451f312b4a3584fd40bb375cfac28c69c8a5e906006e207c3e9ec90635","272e36451f312b4a3584fd40bb375cfac28c69c8a5e906006e207c3e9ec90635","YES"
"day03/Code.7z!04_GD32_LVGL_CMSIS_SmartWatch/Hardware/st7789/st7789.c","projects/reference/cmsis-pack-smartwatch/course/Hardware/st7789/st7789.c","9a346e55ad3f5b31f70971909ef22e50e10ebf96a0484a9e79361c9ed7fbc2a3","9a346e55ad3f5b31f70971909ef22e50e10ebf96a0484a9e79361c9ed7fbc2a3","YES"
"day03/Code.7z!04_GD32_LVGL_CMSIS_SmartWatch/Hardware/st7789/st7789.h","projects/reference/cmsis-pack-smartwatch/course/Hardware/st7789/st7789.h","54971038eedefee886e13de35534330005b1f43240568f62b63e64834bd24846","54971038eedefee886e13de35534330005b1f43240568f62b63e64834bd24846","YES"
"day03/Code.7z!04_GD32_LVGL_CMSIS_SmartWatch/Library/EXTI_config.h","projects/reference/cmsis-pack-smartwatch/course/Library/EXTI_config.h","0e1d8994d361a55d9837f7251d9fbe43d6c26f110b82382ff86941480f30a85b","0e1d8994d361a55d9837f7251d9fbe43d6c26f110b82382ff86941480f30a85b","YES"
"day03/Code.7z!04_GD32_LVGL_CMSIS_SmartWatch/Library/EXTI.c","projects/reference/cmsis-pack-smartwatch/course/Library/EXTI.c","f31ad6b5038d43f75066a667d0c1905ced684533c26c8dbd32d8bff6f822e28c","f31ad6b5038d43f75066a667d0c1905ced684533c26c8dbd32d8bff6f822e28c","YES"
"day03/Code.7z!04_GD32_LVGL_CMSIS_SmartWatch/Library/EXTI.h","projects/reference/cmsis-pack-smartwatch/course/Library/EXTI.h","836bc18a5497f7024b8a58223e66391071ebef1051bc8dddc9cf9a4537d430fb","836bc18a5497f7024b8a58223e66391071ebef1051bc8dddc9cf9a4537d430fb","YES"
"day03/Code.7z!04_GD32_LVGL_CMSIS_SmartWatch/Library/I2C/I2C_config.h","projects/reference/cmsis-pack-smartwatch/course/Library/I2C/I2C_config.h","3a54861342078ab1e0109eca5f3107803bcf9e0cccec32aa64f355dd1a5a5759","3a54861342078ab1e0109eca5f3107803bcf9e0cccec32aa64f355dd1a5a5759","YES"
"day03/Code.7z!04_GD32_LVGL_CMSIS_SmartWatch/Library/I2C/I2C.c","projects/reference/cmsis-pack-smartwatch/course/Library/I2C/I2C.c","e17605acea90ba6709874fba8efbacb31f105f013b10779679c71da5d3c988c2","e17605acea90ba6709874fba8efbacb31f105f013b10779679c71da5d3c988c2","YES"
"day03/Code.7z!04_GD32_LVGL_CMSIS_SmartWatch/Library/I2C/I2C.h","projects/reference/cmsis-pack-smartwatch/course/Library/I2C/I2C.h","b3c4ab98d7a9c01fe9fcefd7c8d7fdf3d97964b8efaa14cb057ebb2466ed5008","b3c4ab98d7a9c01fe9fcefd7c8d7fdf3d97964b8efaa14cb057ebb2466ed5008","YES"
"day03/Code.7z!04_GD32_LVGL_CMSIS_SmartWatch/Library/I2C/I2C0.c","projects/reference/cmsis-pack-smartwatch/course/Library/I2C/I2C0.c","09d1eb340eff2166230fc1727269ad8bdfdd9d69801ee72516fafd5a4ac09f4b","09d1eb340eff2166230fc1727269ad8bdfdd9d69801ee72516fafd5a4ac09f4b","YES"
"day03/Code.7z!04_GD32_LVGL_CMSIS_SmartWatch/Library/I2C/I2C0.h","projects/reference/cmsis-pack-smartwatch/course/Library/I2C/I2C0.h","5381921337295aaa5f855220ff496d62baca4002cd4bdc8a8cd389901b73b567","5381921337295aaa5f855220ff496d62baca4002cd4bdc8a8cd389901b73b567","YES"
"day03/Code.7z!04_GD32_LVGL_CMSIS_SmartWatch/Library/SPI/SPI_config.h","projects/reference/cmsis-pack-smartwatch/course/Library/SPI/SPI_config.h","6b4f4ed9a65f23ecc97f5b76e34de2340443cd32839f39c58dea84118106d8c4","6b4f4ed9a65f23ecc97f5b76e34de2340443cd32839f39c58dea84118106d8c4","YES"
"day03/Code.7z!04_GD32_LVGL_CMSIS_SmartWatch/Library/SPI/SPI.c","projects/reference/cmsis-pack-smartwatch/course/Library/SPI/SPI.c","d38d366d8c40053915116a8bc6fc4c4667341dfc87efdba5a68cc852a0d9b504","d38d366d8c40053915116a8bc6fc4c4667341dfc87efdba5a68cc852a0d9b504","YES"
"day03/Code.7z!04_GD32_LVGL_CMSIS_SmartWatch/Library/SPI/SPI.h","projects/reference/cmsis-pack-smartwatch/course/Library/SPI/SPI.h","228827808cd9e5fa9d40c5158c82258adb18cb347fbc9cc6ce45d4e7c15f5198","228827808cd9e5fa9d40c5158c82258adb18cb347fbc9cc6ce45d4e7c15f5198","YES"
"day03/Code.7z!04_GD32_LVGL_CMSIS_SmartWatch/Library/SPI/SPI0.c","projects/reference/cmsis-pack-smartwatch/course/Library/SPI/SPI0.c","6df75c41548208431df0eb0a3841c7c908ca0a62f863f941239d99af51c4d239","6df75c41548208431df0eb0a3841c7c908ca0a62f863f941239d99af51c4d239","YES"
"day03/Code.7z!04_GD32_LVGL_CMSIS_SmartWatch/Library/SPI/SPI0.h","projects/reference/cmsis-pack-smartwatch/course/Library/SPI/SPI0.h","bc197867ca0c0bde6eb8e4407284a351e46390734e0075e840a1d9fe7dabae87","bc197867ca0c0bde6eb8e4407284a351e46390734e0075e840a1d9fe7dabae87","YES"
"day03/Code.7z!04_GD32_LVGL_CMSIS_SmartWatch/Library/TIMER_config.h","projects/reference/cmsis-pack-smartwatch/course/Library/TIMER_config.h","a32cd36a93fc741846a1ea52bcdc87b360069adb2d4a74e340edbfba1aabf99a","a32cd36a93fc741846a1ea52bcdc87b360069adb2d4a74e340edbfba1aabf99a","YES"
"day03/Code.7z!04_GD32_LVGL_CMSIS_SmartWatch/Library/TIMER.c","projects/reference/cmsis-pack-smartwatch/course/Library/TIMER.c","1113fff1c24b1e7bf3bfe155e885b8d190e0a35aae83693b58cbab0d3520f773","1113fff1c24b1e7bf3bfe155e885b8d190e0a35aae83693b58cbab0d3520f773","YES"
"day03/Code.7z!04_GD32_LVGL_CMSIS_SmartWatch/Library/TIMER.h","projects/reference/cmsis-pack-smartwatch/course/Library/TIMER.h","4ec4787176e0debbd5715cb8cc2ab297c420796872b249145746250c2b582fba","4ec4787176e0debbd5715cb8cc2ab297c420796872b249145746250c2b582fba","YES"
"day03/Code.7z!04_GD32_LVGL_CMSIS_SmartWatch/Library/USART/USART_config.h","projects/reference/cmsis-pack-smartwatch/course/Library/USART/USART_config.h","a115c4ac9cd9a60d269f35793455ab9bb63ff3a375a860bb5c43a58f4c0c9f1f","a115c4ac9cd9a60d269f35793455ab9bb63ff3a375a860bb5c43a58f4c0c9f1f","YES"
"day03/Code.7z!04_GD32_LVGL_CMSIS_SmartWatch/Library/USART/USART.c","projects/reference/cmsis-pack-smartwatch/course/Library/USART/USART.c","2f9bb98e49eb21aa5a9813c1340e2ba5187ab29c7034d9d898827ca3a592a988","2f9bb98e49eb21aa5a9813c1340e2ba5187ab29c7034d9d898827ca3a592a988","YES"
"day03/Code.7z!04_GD32_LVGL_CMSIS_SmartWatch/Library/USART/USART.h","projects/reference/cmsis-pack-smartwatch/course/Library/USART/USART.h","c365a4143b5bca67299c41db548db6e4c7695d704b542c998e35f58bc9322d1a","c365a4143b5bca67299c41db548db6e4c7695d704b542c998e35f58bc9322d1a","YES"
"day03/Code.7z!04_GD32_LVGL_CMSIS_SmartWatch/Library/USART/USART0.c","projects/reference/cmsis-pack-smartwatch/course/Library/USART/USART0.c","d30ec7e30aea5afc0b64062eebea846c587f95f76bfed493475d370dc33b37ef","d30ec7e30aea5afc0b64062eebea846c587f95f76bfed493475d370dc33b37ef","YES"
"day03/Code.7z!04_GD32_LVGL_CMSIS_SmartWatch/Library/USART/USART0.h","projects/reference/cmsis-pack-smartwatch/course/Library/USART/USART0.h","58d96f267dbbc3582c0622526177c7d0eccef031019ef990796afccb44a908db","58d96f267dbbc3582c0622526177c7d0eccef031019ef990796afccb44a908db","YES"
"day03/Code.7z!04_GD32_LVGL_CMSIS_SmartWatch/Library/USART/USART1.c","projects/reference/cmsis-pack-smartwatch/course/Library/USART/USART1.c","9a6de68381da651969320719756e612b82da20c772aa3b7c9e6df4871247ee57","9a6de68381da651969320719756e612b82da20c772aa3b7c9e6df4871247ee57","YES"
"day03/Code.7z!04_GD32_LVGL_CMSIS_SmartWatch/Library/USART/USART1.h","projects/reference/cmsis-pack-smartwatch/course/Library/USART/USART1.h","613ec47204418fbbeb443a5c1567065bc07a487c386aec4f6756f84f46807866","613ec47204418fbbeb443a5c1567065bc07a487c386aec4f6756f84f46807866","YES"
"day03/Code.7z!04_GD32_LVGL_CMSIS_SmartWatch/Project/GD32F407.uvprojx","projects/reference/cmsis-pack-smartwatch/course/Project/GD32F407.uvprojx","be30171dd27421a00ca880455a4bebaa6848c9f4a29f29c055425f916b70a969","be30171dd27421a00ca880455a4bebaa6848c9f4a29f29c055425f916b70a969","YES"
"day03/Code.7z!04_GD32_LVGL_CMSIS_SmartWatch/Project/RTE/_Target_1/Pre_Include_Global.h","projects/reference/cmsis-pack-smartwatch/course/Project/RTE/_Target_1/Pre_Include_Global.h","c1150653c291c32f3dedef0fc5138da413e4858628cf6b90db39a2892df7595e","c1150653c291c32f3dedef0fc5138da413e4858628cf6b90db39a2892df7595e","YES"
"day03/Code.7z!04_GD32_LVGL_CMSIS_SmartWatch/Project/RTE/_Target_1/RTE_Components.h","projects/reference/cmsis-pack-smartwatch/course/Project/RTE/_Target_1/RTE_Components.h","c29f128b19ff2d042a546f18801d43b3c3b92188b0d7b22a509efc35436f45bf","c29f128b19ff2d042a546f18801d43b3c3b92188b0d7b22a509efc35436f45bf","YES"
"day03/Code.7z!04_GD32_LVGL_CMSIS_SmartWatch/Project/RTE/Device/GD32F407VE/gd32f4xx_dma.c","projects/reference/cmsis-pack-smartwatch/course/Project/RTE/Device/GD32F407VE/gd32f4xx_dma.c","2d943a169ababcc22cbc6c41665f5ce375c30b63005954e1d34bb3218cb63faf","2d943a169ababcc22cbc6c41665f5ce375c30b63005954e1d34bb3218cb63faf","YES"
"day03/Code.7z!04_GD32_LVGL_CMSIS_SmartWatch/Project/RTE/Device/GD32F407VE/gd32f4xx_exti.c","projects/reference/cmsis-pack-smartwatch/course/Project/RTE/Device/GD32F407VE/gd32f4xx_exti.c","fce4a7eca93486d71a9e5758642f2282ae7f8805dbb559312837a0b17577fe58","fce4a7eca93486d71a9e5758642f2282ae7f8805dbb559312837a0b17577fe58","YES"
"day03/Code.7z!04_GD32_LVGL_CMSIS_SmartWatch/Project/RTE/Device/GD32F407VE/gd32f4xx_gpio.c","projects/reference/cmsis-pack-smartwatch/course/Project/RTE/Device/GD32F407VE/gd32f4xx_gpio.c","262befe864d5da3bada64d0b3dab29e5c2747e46b154ede8bcab0b788db614e0","262befe864d5da3bada64d0b3dab29e5c2747e46b154ede8bcab0b788db614e0","YES"
"day03/Code.7z!04_GD32_LVGL_CMSIS_SmartWatch/Project/RTE/Device/GD32F407VE/gd32f4xx_i2c.c","projects/reference/cmsis-pack-smartwatch/course/Project/RTE/Device/GD32F407VE/gd32f4xx_i2c.c","8edfaf1a8f0bf2833923d0072fe1b9d0467382b3ec1d243e918d0de9711cccd2","8edfaf1a8f0bf2833923d0072fe1b9d0467382b3ec1d243e918d0de9711cccd2","YES"
"day03/Code.7z!04_GD32_LVGL_CMSIS_SmartWatch/Project/RTE/Device/GD32F407VE/gd32f4xx_misc.c","projects/reference/cmsis-pack-smartwatch/course/Project/RTE/Device/GD32F407VE/gd32f4xx_misc.c","1cd262f295155428c25dedc69bfbab99f7a99de09e0b602eca1f2c6017cfe2da","1cd262f295155428c25dedc69bfbab99f7a99de09e0b602eca1f2c6017cfe2da","YES"
"day03/Code.7z!04_GD32_LVGL_CMSIS_SmartWatch/Project/RTE/Device/GD32F407VE/gd32f4xx_pmu.c","projects/reference/cmsis-pack-smartwatch/course/Project/RTE/Device/GD32F407VE/gd32f4xx_pmu.c","dafa94838a55132e3313234c5ac2be6172116dc26574347363d554effb186d79","dafa94838a55132e3313234c5ac2be6172116dc26574347363d554effb186d79","YES"
"day03/Code.7z!04_GD32_LVGL_CMSIS_SmartWatch/Project/RTE/Device/GD32F407VE/gd32f4xx_rcu.c","projects/reference/cmsis-pack-smartwatch/course/Project/RTE/Device/GD32F407VE/gd32f4xx_rcu.c","6c1030eb58ec7cb9c41e2a1ff31ddef87f70dd083222327978234004c4e95b98","6c1030eb58ec7cb9c41e2a1ff31ddef87f70dd083222327978234004c4e95b98","YES"
"day03/Code.7z!04_GD32_LVGL_CMSIS_SmartWatch/Project/RTE/Device/GD32F407VE/gd32f4xx_rtc.c","projects/reference/cmsis-pack-smartwatch/course/Project/RTE/Device/GD32F407VE/gd32f4xx_rtc.c","eea5bcb92c88a7bab9f3740f8e9408236412a546b03a5467f21b0f94a01183e7","eea5bcb92c88a7bab9f3740f8e9408236412a546b03a5467f21b0f94a01183e7","YES"
"day03/Code.7z!04_GD32_LVGL_CMSIS_SmartWatch/Project/RTE/Device/GD32F407VE/gd32f4xx_spi.c","projects/reference/cmsis-pack-smartwatch/course/Project/RTE/Device/GD32F407VE/gd32f4xx_spi.c","ce06438e9ad5882a0fca88dfe658dd925ed3320ba574c2797e2f93acf6142459","ce06438e9ad5882a0fca88dfe658dd925ed3320ba574c2797e2f93acf6142459","YES"
"day03/Code.7z!04_GD32_LVGL_CMSIS_SmartWatch/Project/RTE/Device/GD32F407VE/gd32f4xx_syscfg.c","projects/reference/cmsis-pack-smartwatch/course/Project/RTE/Device/GD32F407VE/gd32f4xx_syscfg.c","51a7a5e70f3064424cc6e2f6a06942b47adaac8c36a6612ee08b1643557b3ca3","51a7a5e70f3064424cc6e2f6a06942b47adaac8c36a6612ee08b1643557b3ca3","YES"
"day03/Code.7z!04_GD32_LVGL_CMSIS_SmartWatch/Project/RTE/Device/GD32F407VE/gd32f4xx_timer.c","projects/reference/cmsis-pack-smartwatch/course/Project/RTE/Device/GD32F407VE/gd32f4xx_timer.c","3961465cf6ba39554e34c02183c50676a4ab9b3991a6aad32d271754b2506b14","3961465cf6ba39554e34c02183c50676a4ab9b3991a6aad32d271754b2506b14","YES"
"day03/Code.7z!04_GD32_LVGL_CMSIS_SmartWatch/Project/RTE/Device/GD32F407VE/gd32f4xx_usart.c","projects/reference/cmsis-pack-smartwatch/course/Project/RTE/Device/GD32F407VE/gd32f4xx_usart.c","f67fa54d9c9537317be92d95fd880a394d9abe98df708e5aa821fbfa392ae9b0","f67fa54d9c9537317be92d95fd880a394d9abe98df708e5aa821fbfa392ae9b0","YES"
"day03/Code.7z!04_GD32_LVGL_CMSIS_SmartWatch/Project/RTE/Device/GD32F407VE/startup_gd32f407_427.s","projects/reference/cmsis-pack-smartwatch/course/Project/RTE/Device/GD32F407VE/startup_gd32f407_427.s","2b34030052fb7c8c45b1c037c1331ee6685bad85710623f75f394b119a2839ec","2b34030052fb7c8c45b1c037c1331ee6685bad85710623f75f394b119a2839ec","YES"
"day03/Code.7z!04_GD32_LVGL_CMSIS_SmartWatch/Project/RTE/Device/GD32F407VE/system_gd32f4xx.c","projects/reference/cmsis-pack-smartwatch/course/Project/RTE/Device/GD32F407VE/system_gd32f4xx.c","8f66a123756716cf74297a7b54eec616f230cbbc37dfb60f21bf05d1bc070836","8f66a123756716cf74297a7b54eec616f230cbbc37dfb60f21bf05d1bc070836","YES"
"day03/Code.7z!04_GD32_LVGL_CMSIS_SmartWatch/Project/RTE/LVGL/lv_cmsis_pack.c","projects/reference/cmsis-pack-smartwatch/course/Project/RTE/LVGL/lv_cmsis_pack.c","b30c2ed89f98d14b3de93d63ddf22ccd21c8c6a6dd3d1f324fc26d4495a577b4","b30c2ed89f98d14b3de93d63ddf22ccd21c8c6a6dd3d1f324fc26d4495a577b4","YES"
"day03/Code.7z!04_GD32_LVGL_CMSIS_SmartWatch/Project/RTE/LVGL/lv_conf_cmsis.h","projects/reference/cmsis-pack-smartwatch/course/Project/RTE/LVGL/lv_conf_cmsis.h","bfba2920e7ec3bc29a6010539eabc673cec833f3b6b62fb57c9e4ea67c17da8d","bfba2920e7ec3bc29a6010539eabc673cec833f3b6b62fb57c9e4ea67c17da8d","YES"
"day03/Code.7z!04_GD32_LVGL_CMSIS_SmartWatch/Project/RTE/LVGL/lv_port_disp_template.c","projects/reference/cmsis-pack-smartwatch/course/Project/RTE/LVGL/lv_port_disp_template.c","86c494983c377a3cdebeef42d0e44685f76ded2d22a836da416150ba53823606","86c494983c377a3cdebeef42d0e44685f76ded2d22a836da416150ba53823606","YES"
"day03/Code.7z!04_GD32_LVGL_CMSIS_SmartWatch/Project/RTE/LVGL/lv_port_disp_template.h","projects/reference/cmsis-pack-smartwatch/course/Project/RTE/LVGL/lv_port_disp_template.h","2166d16bb99674cb4dc0eb66ce19ac4ab0f444f9663862ac68f11ab0a72ed134","2166d16bb99674cb4dc0eb66ce19ac4ab0f444f9663862ac68f11ab0a72ed134","YES"
"day03/Code.7z!04_GD32_LVGL_CMSIS_SmartWatch/Project/RTE/LVGL/lv_port_fs_template.c","projects/reference/cmsis-pack-smartwatch/course/Project/RTE/LVGL/lv_port_fs_template.c","570fca44a27b690c69fb59e7f3852591586d78fa8b4c8a17c6b934073356f9d5","570fca44a27b690c69fb59e7f3852591586d78fa8b4c8a17c6b934073356f9d5","YES"
"day03/Code.7z!04_GD32_LVGL_CMSIS_SmartWatch/Project/RTE/LVGL/lv_port_fs_template.h","projects/reference/cmsis-pack-smartwatch/course/Project/RTE/LVGL/lv_port_fs_template.h","82dc0f5210f6d9a338f1b10e4d6d159801975daef94f69effbb7c8abadb0f3aa","82dc0f5210f6d9a338f1b10e4d6d159801975daef94f69effbb7c8abadb0f3aa","YES"
"day03/Code.7z!04_GD32_LVGL_CMSIS_SmartWatch/Project/RTE/LVGL/lv_port_indev_template.c","projects/reference/cmsis-pack-smartwatch/course/Project/RTE/LVGL/lv_port_indev_template.c","d478f013a5d1d77db8fcae240b201b5c4df3aa5b8b5c212de8f343dfba016ae5","d478f013a5d1d77db8fcae240b201b5c4df3aa5b8b5c212de8f343dfba016ae5","YES"
"day03/Code.7z!04_GD32_LVGL_CMSIS_SmartWatch/Project/RTE/LVGL/lv_port_indev_template.h","projects/reference/cmsis-pack-smartwatch/course/Project/RTE/LVGL/lv_port_indev_template.h","57949cc9a4d12e47e6cd3eba085546109d61485c87ec937368c6a3c35bd47303","57949cc9a4d12e47e6cd3eba085546109d61485c87ec937368c6a3c35bd47303","YES"
"day03/Code.7z!04_GD32_LVGL_CMSIS_SmartWatch/Third_Party/SmartWatch_UI/CMakeLists.txt","projects/reference/cmsis-pack-smartwatch/course/Third_Party/SmartWatch_UI/CMakeLists.txt","84b42d0567729cf14120a6c0d394ea7e9d4a859a12de3331a26c978876785498","84b42d0567729cf14120a6c0d394ea7e9d4a859a12de3331a26c978876785498","YES"
"day03/Code.7z!04_GD32_LVGL_CMSIS_SmartWatch/Third_Party/SmartWatch_UI/components/ui_comp_hook.c","projects/reference/cmsis-pack-smartwatch/course/Third_Party/SmartWatch_UI/components/ui_comp_hook.c","56c3e3dd4076669a4467fc529e1215f453d30ccbb17418fc801ff33b05b53ae3","56c3e3dd4076669a4467fc529e1215f453d30ccbb17418fc801ff33b05b53ae3","YES"
"day03/Code.7z!04_GD32_LVGL_CMSIS_SmartWatch/Third_Party/SmartWatch_UI/filelist.txt","projects/reference/cmsis-pack-smartwatch/course/Third_Party/SmartWatch_UI/filelist.txt","84dd8cb48b4d52293aa7fdfb4eafa420e938c8a4b3180b1576ddf696adcd8787","84dd8cb48b4d52293aa7fdfb4eafa420e938c8a4b3180b1576ddf696adcd8787","YES"
"day03/Code.7z!04_GD32_LVGL_CMSIS_SmartWatch/Third_Party/SmartWatch_UI/screens/ui_Screen1.c","projects/reference/cmsis-pack-smartwatch/course/Third_Party/SmartWatch_UI/screens/ui_Screen1.c","162802d82fee190f2bcdbdae35ded538760770cab637ba1041b1da32b7d95fe7","162802d82fee190f2bcdbdae35ded538760770cab637ba1041b1da32b7d95fe7","YES"
"day03/Code.7z!04_GD32_LVGL_CMSIS_SmartWatch/Third_Party/SmartWatch_UI/screens/ui_Screen2.c","projects/reference/cmsis-pack-smartwatch/course/Third_Party/SmartWatch_UI/screens/ui_Screen2.c","0b4edf4b676219f95b6f31e48f556e183c70831deae18e93f31ffb27a7b58b8d","0b4edf4b676219f95b6f31e48f556e183c70831deae18e93f31ffb27a7b58b8d","YES"
"day03/Code.7z!04_GD32_LVGL_CMSIS_SmartWatch/Third_Party/SmartWatch_UI/screens/ui_Screen3.c","projects/reference/cmsis-pack-smartwatch/course/Third_Party/SmartWatch_UI/screens/ui_Screen3.c","38bf35496d514cd6906e9cd25673b9759573df7efc6f8ed2e39f3a7ab544896c","38bf35496d514cd6906e9cd25673b9759573df7efc6f8ed2e39f3a7ab544896c","YES"
"day03/Code.7z!04_GD32_LVGL_CMSIS_SmartWatch/Third_Party/SmartWatch_UI/screens/ui_Screen4.c","projects/reference/cmsis-pack-smartwatch/course/Third_Party/SmartWatch_UI/screens/ui_Screen4.c","c876de8ddbe64d9b259d8f171d05e49622c0807dc7da7176c453b33acd2e1a32","c876de8ddbe64d9b259d8f171d05e49622c0807dc7da7176c453b33acd2e1a32","YES"
"day03/Code.7z!04_GD32_LVGL_CMSIS_SmartWatch/Third_Party/SmartWatch_UI/ui_events.c","projects/reference/cmsis-pack-smartwatch/course/Third_Party/SmartWatch_UI/ui_events.c","2492e049c04e499b82bef7701b802499f282a1c1cf89802c27b454d31d4334e3","2492e049c04e499b82bef7701b802499f282a1c1cf89802c27b454d31d4334e3","YES"
"day03/Code.7z!04_GD32_LVGL_CMSIS_SmartWatch/Third_Party/SmartWatch_UI/ui_events.h","projects/reference/cmsis-pack-smartwatch/course/Third_Party/SmartWatch_UI/ui_events.h","4f58a4141631ac517580951a3ad512003c637d871b2104512f1bd2fa4cad88e9","4f58a4141631ac517580951a3ad512003c637d871b2104512f1bd2fa4cad88e9","YES"
"day03/Code.7z!04_GD32_LVGL_CMSIS_SmartWatch/Third_Party/SmartWatch_UI/ui_helpers.c","projects/reference/cmsis-pack-smartwatch/course/Third_Party/SmartWatch_UI/ui_helpers.c","57148f8e623058ed9ff0af4bef3da193147699cc9dc1e78fb0c6254aa70db724","57148f8e623058ed9ff0af4bef3da193147699cc9dc1e78fb0c6254aa70db724","YES"
"day03/Code.7z!04_GD32_LVGL_CMSIS_SmartWatch/Third_Party/SmartWatch_UI/ui_helpers.h","projects/reference/cmsis-pack-smartwatch/course/Third_Party/SmartWatch_UI/ui_helpers.h","3ada422a848dd85de41300374cfd562aed2f1b6bddff81bddfbb6bccf7e1912e","3ada422a848dd85de41300374cfd562aed2f1b6bddff81bddfbb6bccf7e1912e","YES"
"day03/Code.7z!04_GD32_LVGL_CMSIS_SmartWatch/Third_Party/SmartWatch_UI/ui_theme_manager.c","projects/reference/cmsis-pack-smartwatch/course/Third_Party/SmartWatch_UI/ui_theme_manager.c","941fa26ece34eeee9c35ff7dd314e3de936b8aee4309d62ee132313261534358","941fa26ece34eeee9c35ff7dd314e3de936b8aee4309d62ee132313261534358","YES"
"day03/Code.7z!04_GD32_LVGL_CMSIS_SmartWatch/Third_Party/SmartWatch_UI/ui_theme_manager.h","projects/reference/cmsis-pack-smartwatch/course/Third_Party/SmartWatch_UI/ui_theme_manager.h","335696fd2ef6bf01cca6614b37f305a04de091dcfb4b90aaf0693a55473661fc","335696fd2ef6bf01cca6614b37f305a04de091dcfb4b90aaf0693a55473661fc","YES"
"day03/Code.7z!04_GD32_LVGL_CMSIS_SmartWatch/Third_Party/SmartWatch_UI/ui_themes.c","projects/reference/cmsis-pack-smartwatch/course/Third_Party/SmartWatch_UI/ui_themes.c","3f7788f91528f6c9d6774e987fc7b67b9f38feb684dc715ebaca48ae9677b252","3f7788f91528f6c9d6774e987fc7b67b9f38feb684dc715ebaca48ae9677b252","YES"
"day03/Code.7z!04_GD32_LVGL_CMSIS_SmartWatch/Third_Party/SmartWatch_UI/ui_themes.h","projects/reference/cmsis-pack-smartwatch/course/Third_Party/SmartWatch_UI/ui_themes.h","1488f48e7dff9b07299067bb5cd0a6aa8e4eaa765923971fdcde389f9be33b16","1488f48e7dff9b07299067bb5cd0a6aa8e4eaa765923971fdcde389f9be33b16","YES"
"day03/Code.7z!04_GD32_LVGL_CMSIS_SmartWatch/Third_Party/SmartWatch_UI/ui.c","projects/reference/cmsis-pack-smartwatch/course/Third_Party/SmartWatch_UI/ui.c","0acae59dd45abb1f5bb84231b6039353959cd76436a70df7de99ae42d6cfc8c2","0acae59dd45abb1f5bb84231b6039353959cd76436a70df7de99ae42d6cfc8c2","YES"
"day03/Code.7z!04_GD32_LVGL_CMSIS_SmartWatch/Third_Party/SmartWatch_UI/ui.h","projects/reference/cmsis-pack-smartwatch/course/Third_Party/SmartWatch_UI/ui.h","0801ae743dfa186adffba0503222bc62fb6e1b3be4c69b4fb7d22062915d3754","0801ae743dfa186adffba0503222bc62fb6e1b3be4c69b4fb7d22062915d3754","YES"
"day03/Code.7z!04_GD32_LVGL_CMSIS_SmartWatch/User/gd32f4xx_it.c","projects/reference/cmsis-pack-smartwatch/course/User/gd32f4xx_it.c","5be8e65b392a41354e513056974d1869598af02739a7ce6419e611d6aa3979c6","5be8e65b392a41354e513056974d1869598af02739a7ce6419e611d6aa3979c6","YES"
"day03/Code.7z!04_GD32_LVGL_CMSIS_SmartWatch/User/gd32f4xx_it.h","projects/reference/cmsis-pack-smartwatch/course/User/gd32f4xx_it.h","b4995762ae5ceb7125cc9720cea7e2bad8640c23b87ed1856d9b8a380a5fc8c3","b4995762ae5ceb7125cc9720cea7e2bad8640c23b87ed1856d9b8a380a5fc8c3","YES"
"day03/Code.7z!04_GD32_LVGL_CMSIS_SmartWatch/User/gd32f4xx_libopt.h","projects/reference/cmsis-pack-smartwatch/course/User/gd32f4xx_libopt.h","702c6d85987bcdddd363a8412c5806255f6c746065da984eb21896c5ddd6bf09","702c6d85987bcdddd363a8412c5806255f6c746065da984eb21896c5ddd6bf09","YES"
"day03/Code.7z!04_GD32_LVGL_CMSIS_SmartWatch/User/main.c","projects/reference/cmsis-pack-smartwatch/course/User/main.c","d790052dbd4b19cf5342d18693afc1628238a9c0399d5c5632f63820796eaada","d790052dbd4b19cf5342d18693afc1628238a9c0399d5c5632f63820796eaada","YES"
"day03/Code.7z!04_GD32_LVGL_CMSIS_SmartWatch/User/main.h","projects/reference/cmsis-pack-smartwatch/course/User/main.h","724b8affcda9984a7b0f94ac7a7bb1005015ac3ca9e2cf59e5bff08b58ceafd1","724b8affcda9984a7b0f94ac7a7bb1005015ac3ca9e2cf59e5bff08b58ceafd1","YES"
"day03/Code.7z!04_GD32_LVGL_CMSIS_SmartWatch/User/readme.txt","projects/reference/cmsis-pack-smartwatch/course/User/readme.txt","a45bd1e14d470b46be2d57c9d35147e41204556cc4bb4e25ea3c7b6b424a0b7c","a45bd1e14d470b46be2d57c9d35147e41204556cc4bb4e25ea3c7b6b424a0b7c","YES"
"day03/Code.7z!04_GD32_LVGL_CMSIS_SmartWatch/User/systick.c","projects/reference/cmsis-pack-smartwatch/course/User/systick.c","bdcf5157ddd8870483ceb757646a3978ff836ac08737540d6f93a508127fdeeb","bdcf5157ddd8870483ceb757646a3978ff836ac08737540d6f93a508127fdeeb","YES"
"day03/Code.7z!04_GD32_LVGL_CMSIS_SmartWatch/User/systick.h","projects/reference/cmsis-pack-smartwatch/course/User/systick.h","8722c649ef06723501e93f5a071320e6a9e5dc57220b20f5b267a0096ea46e35","8722c649ef06723501e93f5a071320e6a9e5dc57220b20f5b267a0096ea46e35","YES"
